// Auto-generated: sorted unique FNV-1a hashes of boot.wim 16KB pages (golden).
STATIC CONST UINT32 mGolden[] = {
  0x0000c1ba,0x00017f09,0x0002184d,0x0002de81,0x00033236,0x000482f3,0x000488e2,0x00048b21,0x0004e3c6,0x0009d20d,0x000aa0c7,0x000db98f,
  0x000e3c87,0x000ede19,0x000ee249,0x000f8177,0x0013f54c,0x00153396,0x0016b676,0x001989e4,0x001d8e67,0x0021e0b7,0x00226c34,0x0022e3bf,
  0x00252eb9,0x0027a062,0x002998ef,0x0029b41d,0x002bbb26,0x002dbd21,0x002f88dd,0x002fd0d8,0x00326d4d,0x0033d534,0x0034d9c9,0x0035d2dc,
  0x0035f3d5,0x00381d87,0x0038678a,0x00399ba0,0x003ab380,0x0040ff37,0x0042d16d,0x00444212,0x00449ac0,0x004991a7,0x004af312,0x004b0b6b,
  0x004bfe2b,0x004d0e5a,0x004d7e9c,0x00560d35,0x005677f6,0x005bb833,0x005ce5bb,0x005f1fc4,0x005f8ec0,0x0061bff1,0x00661433,0x0066a586,
  0x006749cc,0x00675255,0x0067bc30,0x006d1de0,0x006f63a7,0x0071de5a,0x0073da54,0x007788e4,0x007a0eb8,0x00803b3f,0x0081ca23,0x0082e194,
  0x008512ba,0x00868a26,0x00896329,0x008a3fd1,0x008e0e9e,0x00922a4b,0x009247b9,0x0092ab3d,0x00935638,0x00957ed3,0x00969fa1,0x0097246f,
  0x0098325b,0x0098afe5,0x0098b56b,0x009cccbc,0x009e0c3d,0x009e660e,0x009eed3f,0x00a02188,0x00a05edd,0x00a0876e,0x00a19cf8,0x00a1e7c6,
  0x00a22877,0x00a3c3b1,0x00a40937,0x00a40c4a,0x00a4b98c,0x00a5cfc2,0x00a677f5,0x00a67bdc,0x00b47991,0x00b8f24c,0x00c1fd37,0x00c32196,
  0x00c347fa,0x00c3e16b,0x00c585df,0x00c694ef,0x00c7cf0e,0x00c82caf,0x00c8d3ef,0x00c9bda5,0x00ccac5e,0x00ccf194,0x00cd0fcd,0x00d504dd,
  0x00d5c5a9,0x00d63541,0x00d7147a,0x00d83a4b,0x00dd9c3d,0x00de0a47,0x00e0d61b,0x00e1014e,0x00e1995b,0x00e76f12,0x00eb8dc9,0x00ed8181,
  0x00eded8f,0x00eea9c3,0x00efc131,0x00f04c65,0x00f21b8a,0x00f2cd40,0x00f32bd1,0x00f39aff,0x00f7d6a9,0x00f880b4,0x00f9d781,0x00fb7480,
  0x00fbb8d7,0x00fd4c6f,0x0103ef7b,0x0105445a,0x01056255,0x0105844f,0x01061077,0x0106d19e,0x0106deb9,0x010f82b5,0x01100bb8,0x01184ad4,
  0x01195716,0x01196886,0x011974b0,0x011ae558,0x011b1744,0x011da2b2,0x011e1e5a,0x011eb2e3,0x01200a54,0x0122ccaa,0x0125c60f,0x01266f4c,
  0x01267e39,0x012732ad,0x01298576,0x012a8b9c,0x012c7558,0x012cdf24,0x0133af1d,0x0137fbb5,0x0138ea77,0x013946d5,0x0139713e,0x013b9b35,
  0x013c14e7,0x013cf3cd,0x01419266,0x0141bd3f,0x01420795,0x01432103,0x01437fc2,0x01464b18,0x0147dcd7,0x014824b4,0x01484d39,0x01492e02,
  0x014967a5,0x0149f193,0x014be4a7,0x014e585a,0x014fba84,0x0152838a,0x0152d794,0x015354ce,0x0157fb20,0x015863b8,0x015876ae,0x01588fb1,
  0x0158a98d,0x0158e817,0x015c33c7,0x015ca7f1,0x015d2adc,0x015f4e29,0x015f7566,0x016172a8,0x01672bee,0x01685e5e,0x016a1068,0x016d9d31,
  0x016e915d,0x016f361f,0x0170bfe1,0x01717d3c,0x0176558b,0x0176598b,0x017691fc,0x0176b723,0x0176d11a,0x017763cf,0x0178c6f0,0x01793636,
  0x017a88bc,0x017bc48a,0x017cb96b,0x017dee8a,0x0183e402,0x0184c444,0x01862293,0x0186e6d2,0x0188d293,0x018a920e,0x018f0c9b,0x01917b86,
  0x01920e8f,0x019265d5,0x019517d3,0x019618c5,0x01966f65,0x019706bb,0x0197227a,0x01995a7a,0x019aa76a,0x019b8002,0x019e2186,0x019ed1d5,
  0x01a2732b,0x01a48658,0x01a4e200,0x01a59b1b,0x01a70e13,0x01a73d4c,0x01a76af8,0x01a8a9f3,0x01a9c8c2,0x01a9e9c0,0x01aafb83,0x01ab3e06,
  0x01ab9988,0x01ad38ad,0x01b6b84c,0x01b95e6d,0x01b9b9a6,0x01bbc6cb,0x01bc32df,0x01bfc32c,0x01c30c01,0x01c4db95,0x01c6458d,0x01c6ec20,
  0x01cc36bf,0x01cc918d,0x01ccca0d,0x01ce5746,0x01ce987b,0x01cf8dc2,0x01d08142,0x01d1499b,0x01d1a3c7,0x01d27bb6,0x01d2829d,0x01d7eb07,
  0x01d8e553,0x01d8e854,0x01d99515,0x01db4820,0x01dccf82,0x01ddb48c,0x01dea847,0x01e113df,0x01e147e9,0x01e2d844,0x01e30e28,0x01e5fbf0,
  0x01e7f68e,0x01e8294e,0x01ebe685,0x01ec6122,0x01ec6db0,0x01ecfa39,0x01ed1ef4,0x01edd2c4,0x01ef495b,0x01efea81,0x01f3d49d,0x01f5fd74,
  0x01f9a546,0x01f9d931,0x01fe4dba,0x0200da69,0x0204a569,0x0206b133,0x02106c95,0x0210dee3,0x0211462f,0x0211dcdb,0x02143da2,0x0214a33a,
  0x02155d1c,0x0216685f,0x0216f960,0x021779f9,0x021d775f,0x021f8d25,0x0221c873,0x02244ffb,0x02277896,0x02285fd1,0x022870a5,0x02293bce,
  0x0229bf42,0x022a294b,0x022b8482,0x0230336f,0x0231d076,0x023356b6,0x0233bcc3,0x02344ad6,0x02347f25,0x02370624,0x023a6c28,0x023b009d,
  0x023b1d0c,0x023c1249,0x023cf155,0x0244142d,0x0248f284,0x024938b6,0x024b5cd6,0x024dbcd9,0x024e69d0,0x024f2994,0x025175e5,0x02524288,
  0x0252ee0d,0x025c9920,0x025d1f05,0x02618ce6,0x0261b162,0x0262014d,0x0262d92b,0x0264cf86,0x0265b35a,0x02685fa8,0x0269fbd0,0x026a2779,
  0x026c3e23,0x026daec7,0x027037c5,0x02730278,0x02747cee,0x027733ea,0x0279aa93,0x027b49e0,0x027b8f73,0x027ed594,0x02804a17,0x0280c0e3,
  0x0280fdcf,0x02810ad0,0x0281400b,0x02828939,0x028402a4,0x0286fb59,0x02871372,0x02877e8b,0x0287a692,0x028891b0,0x0288f9d3,0x0289208f,
  0x02898878,0x028a4c10,0x02901e75,0x02937b79,0x0293a26e,0x0296ec29,0x0297e520,0x0298ce37,0x0298e6ad,0x02999bd6,0x0299cc30,0x029a15a4,
  0x02a0e52c,0x02a1ef2e,0x02a6820e,0x02a6f8e5,0x02a84970,0x02aae1a2,0x02ab6546,0x02ab6dfd,0x02ad76c9,0x02b1461c,0x02b15ad6,0x02b1619a,
  0x02b221d6,0x02b477f9,0x02b7d732,0x02b9d2b6,0x02bb0dc6,0x02bc1287,0x02bdab28,0x02c05332,0x02c1d561,0x02c83605,0x02caacc1,0x02cd7d62,
  0x02ce47ec,0x02d219d3,0x02d61c25,0x02d62b3e,0x02d6ddfd,0x02d8d32d,0x02d957cd,0x02dade9c,0x02db6533,0x02dcab23,0x02dcc439,0x02dfc4a2,
  0x02e0835c,0x02e0a858,0x02e42f63,0x02e56f56,0x02e57c79,0x02e74460,0x02e7785f,0x02e87f49,0x02e89505,0x02eaa9a3,0x02eb8e48,0x02ec75a8,
  0x02f05718,0x02f438cf,0x02f4bb84,0x02f50ceb,0x02f8cdb2,0x02facf6c,0x02fb3b43,0x02fc927f,0x02ff9f2f,0x030020e3,0x030274a5,0x03089c17,
  0x03095b28,0x03099256,0x030a2d81,0x030a4908,0x030c03f9,0x030c1b8a,0x030c1fdc,0x030c3e83,0x030f82a9,0x030fd913,0x03117d32,0x0311f78f,
  0x0313b995,0x0314e128,0x0315544f,0x03163fbe,0x03184e49,0x0319fedd,0x031a4b4f,0x031b6b0d,0x03253bdc,0x03258331,0x0326c042,0x03298f83,
  0x032a70ad,0x032b2003,0x032e5745,0x032e6a79,0x032ef1af,0x032f0852,0x032fc7f3,0x033419b2,0x03347a7c,0x03372777,0x0337e7e7,0x033a8f6c,
  0x033c1800,0x03409ee4,0x0340d87a,0x03426bc8,0x0343dd9d,0x03450ee4,0x03462f05,0x034b8ea4,0x034dcd66,0x034e0315,0x034e0401,0x034eab40,
  0x034ecbe8,0x034ef74c,0x034f201d,0x034f894f,0x034f90c9,0x03544844,0x0356de45,0x0356e028,0x0357553f,0x03593783,0x03599cf6,0x035a0066,
  0x035a79bb,0x035a9f4a,0x035ab056,0x035bb569,0x035d3ca4,0x035d4ca6,0x035ef6eb,0x03659e2a,0x0367279e,0x036b2945,0x036bed27,0x036c9291,
  0x036de2c7,0x0371d123,0x0372556a,0x0374f6d4,0x037591b1,0x03766203,0x0376c611,0x03771387,0x03777223,0x037ad149,0x037b3f20,0x037b6ac0,
  0x037bf341,0x037f66d6,0x037f878a,0x03813753,0x0383ddf9,0x0384ab9a,0x0386b9ba,0x038a297b,0x038a72af,0x038a882e,0x038be5cd,0x038c37df,
  0x0393aed8,0x0394cd8a,0x039806fd,0x039b1fc5,0x039dfbcb,0x039f97a6,0x03a06eb0,0x03a2500f,0x03a4425e,0x03a47398,0x03a567b4,0x03a60765,
  0x03a66b82,0x03ae9249,0x03aea8a3,0x03af9ffd,0x03b24013,0x03b4f6e3,0x03b5bfb0,0x03b83616,0x03bb92a1,0x03c015a0,0x03c0b4e5,0x03c1f504,
  0x03c22de3,0x03c2e025,0x03c67460,0x03c90d32,0x03cbb7ef,0x03cdeb04,0x03d09e37,0x03d4780d,0x03d49342,0x03d7e049,0x03da0b26,0x03dd0b4e,
  0x03dd53dd,0x03debcc3,0x03e00c6d,0x03e45618,0x03e5ca5a,0x03e62970,0x03e63fe8,0x03e732d4,0x03e780b0,0x03e92700,0x03ea544d,0x03ebae9d,
  0x03ec48ba,0x03ef4f2c,0x03ef5a72,0x03efee1a,0x03f2c0a0,0x03f5b660,0x03f6ebc2,0x03f7c542,0x03f8fba3,0x03f9e9af,0x03fb7f6d,0x03fdc6ff,
  0x03ffbb5d,0x040295cd,0x04037be4,0x040500e4,0x0406b382,0x0409175e,0x040c22a2,0x040e01f5,0x040e36d8,0x04111cfa,0x0414ae73,0x041949f1,
  0x041a3b95,0x041aafac,0x041cc41b,0x041d9cf5,0x041dbd1c,0x041df0e9,0x0422dd6d,0x042337ea,0x0423ef24,0x0424ae05,0x04264245,0x0428c8b7,
  0x04295087,0x042afc8a,0x042c5004,0x042d15a5,0x042d6ec9,0x042dc0f0,0x043032bb,0x0432974a,0x04353dff,0x0438162a,0x0439fa31,0x043c53bf,
  0x043cc4b0,0x043d353f,0x043df19c,0x043febc8,0x04415db0,0x04425915,0x0442acb7,0x04448e6d,0x04450305,0x0446c211,0x0449c908,0x044c0c17,
  0x044c8f0a,0x044dbf0c,0x04535f06,0x0453b9ec,0x04543d13,0x0455ba94,0x0459f85e,0x045b9e27,0x0460624f,0x046181a8,0x046189f2,0x0464ea29,
  0x046adf3f,0x046c1ccc,0x046e227d,0x046fca4e,0x0470b992,0x0470f18c,0x04711f6d,0x0472461f,0x047577d5,0x0475e7f8,0x04769f11,0x04797342,
  0x047c4895,0x047f84e2,0x0480cf80,0x04839978,0x048470db,0x04868eb2,0x0488d1aa,0x04899db6,0x048a2475,0x048e73b0,0x048fe250,0x049623ee,
  0x049a0cbf,0x049a8626,0x049dc1df,0x049f89cc,0x04a0d139,0x04a1cd63,0x04a227df,0x04a97294,0x04aa9cc4,0x04afb69c,0x04b2a25f,0x04b7fa6e,
  0x04b91b96,0x04b937f3,0x04ba47e6,0x04bd5080,0x04bfbd1e,0x04c04738,0x04c35811,0x04c4c37f,0x04c534c0,0x04c915bf,0x04cb3618,0x04cbd016,
  0x04ccb87a,0x04d095c0,0x04d2484f,0x04d2a6a7,0x04d39491,0x04d79279,0x04d7d83c,0x04d8514e,0x04dd3d5e,0x04ddf142,0x04ded50f,0x04dee410,
  0x04def7c8,0x04e19f74,0x04e2a890,0x04e2e8b1,0x04e4bfbe,0x04e6c670,0x04e7b807,0x04ea46d9,0x04eafd31,0x04ee34cb,0x04f0eeb5,0x04f0f372,
  0x04f1edb3,0x04f41202,0x04f69bb9,0x04f8de33,0x04fa66bd,0x04fd13da,0x04fd5ed5,0x04ff1d76,0x0500593e,0x0500a477,0x05046386,0x05065bc3,
  0x0507d50f,0x0507ff13,0x0509c36c,0x050dce06,0x05119a5c,0x05119afd,0x0511a4c2,0x051214cd,0x05126112,0x05143016,0x05172843,0x0519575d,
  0x051ae677,0x051d7148,0x051fc538,0x0520dd79,0x05216a3a,0x0521f90a,0x052202b9,0x0524355d,0x05249f5e,0x052729d7,0x05294639,0x052b259c,
  0x052ca770,0x052db57c,0x052e9e67,0x052f730f,0x05329bc9,0x053409a3,0x0539e552,0x053aa3d7,0x053b4c88,0x053d1fea,0x053e26e5,0x054050c0,
  0x05465139,0x0547fa13,0x05482104,0x0548ff87,0x054ad717,0x054bad80,0x054ff28e,0x05500090,0x05515368,0x0554ed76,0x05556021,0x055578d3,
  0x0556aca3,0x0556cc1b,0x0557f57e,0x0559e119,0x055ae41e,0x055b08cb,0x055bf635,0x0562720b,0x056295f8,0x0563eb15,0x05648368,0x0564e0d8,
  0x056832ca,0x0569a844,0x056a84fe,0x05707c71,0x057080ca,0x0570f981,0x0571f5d6,0x0572b504,0x0573095c,0x0577b206,0x05784b5b,0x057b11a2,
  0x0582c8bd,0x0583269f,0x0589b51d,0x058bd5be,0x058bf409,0x058f24cb,0x0592e3b3,0x0593895a,0x0594ea0f,0x059584d6,0x05960719,0x05964915,
  0x05984247,0x05986f8d,0x059a7b41,0x059e90c3,0x059ec042,0x05a2fde2,0x05a521a1,0x05a75e0a,0x05ac6fde,0x05ad2921,0x05aec760,0x05aeefca,
  0x05af35d1,0x05b364fa,0x05b49471,0x05b4f789,0x05b6427d,0x05b7f310,0x05b845d8,0x05bad6ee,0x05bbfdeb,0x05bcfc34,0x05becff2,0x05c23f5e,
  0x05c4b816,0x05c989ee,0x05cab378,0x05cbc70c,0x05cdb0f6,0x05ce5a2c,0x05cff1ce,0x05d1c720,0x05d30033,0x05d4b87d,0x05d52530,0x05d8149a,
  0x05da845c,0x05dadbb6,0x05dd89cd,0x05e92f7f,0x05ecae75,0x05f42020,0x05f69d14,0x05f8cb04,0x05fa52c9,0x05faf55b,0x05fc6ba9,0x05fc796e,
  0x05fcb3fb,0x05fd4691,0x05fdd466,0x05fe04b5,0x05fe72d2,0x05ff8f3c,0x05ffd459,0x060030d8,0x060415bf,0x06059c3a,0x060692d6,0x0609dfc6,
  0x060a9218,0x060aeec2,0x060c8231,0x060ebeb8,0x0610ac46,0x0611252b,0x0611edf6,0x061236bd,0x06154751,0x061568bd,0x06159186,0x0616421c,
  0x06175387,0x06177944,0x0617d311,0x061c1010,0x061e220a,0x061eafb2,0x0620601d,0x0620ff4d,0x062328aa,0x0625779c,0x0626b3cd,0x0627ac3c,
  0x0628965b,0x0629cdef,0x0629fd4b,0x062be29c,0x062ca5bf,0x062ee5c6,0x063169c4,0x06332e0e,0x0633aec9,0x063d5777,0x06404591,0x06432c88,
  0x06433ac3,0x0643f7fa,0x06491201,0x0649f7f3,0x064b498c,0x064d4939,0x064dc167,0x064e6278,0x06508f8b,0x06509873,0x0650bc13,0x06538e46,
  0x06543d77,0x0656011a,0x065adb34,0x065b624c,0x065fdea1,0x0662b604,0x06636ce0,0x0663d8a3,0x06653eb4,0x0666dd6f,0x0666f9ab,0x066817a0,
  0x066bf530,0x0670e870,0x06719661,0x0671b5fa,0x06725c73,0x06730fb0,0x067a09e4,0x067ad807,0x067d56e8,0x067d7d69,0x067dd13d,0x0681d9a0,
  0x0682e98e,0x06844d1a,0x06854406,0x0689ab73,0x068b6432,0x068f15cb,0x06906a94,0x0690eb46,0x069524aa,0x06952711,0x0695f3ba,0x069970ff,
  0x069b8d57,0x069c9f22,0x069e0b27,0x069e0f7b,0x069f6daa,0x06a27a34,0x06a4bd9f,0x06a51bb0,0x06aa7104,0x06aad3e8,0x06ac6a92,0x06ad9087,
  0x06b1eb21,0x06b65ea3,0x06b7c1e0,0x06bafc18,0x06bb61b4,0x06bc3ec5,0x06bd23b1,0x06bf50a7,0x06c3a6d2,0x06c3bb55,0x06c5c771,0x06c69f12,
  0x06c86d35,0x06c93885,0x06ccb8db,0x06cd8689,0x06d26fca,0x06d3d52d,0x06d73b20,0x06db6851,0x06dc3155,0x06dd4d93,0x06dfcce1,0x06e35de2,
  0x06e4ca20,0x06e709e7,0x06e88157,0x06e8fc06,0x06ed9ed6,0x06ef5eff,0x06f1466d,0x06f782fe,0x06f7d1a4,0x06f95b2f,0x06f9c5a7,0x06fc850f,
  0x06fd2a90,0x06fd7663,0x06ff47e6,0x06fff0db,0x07044391,0x07058868,0x07063d59,0x070657c6,0x07066237,0x0707c633,0x07085ca0,0x0708aedd,
  0x0709cc23,0x070b2ecd,0x071061ab,0x07113e25,0x0712fea5,0x0718c7bf,0x071a3e4d,0x071f3067,0x0720df20,0x07217bbd,0x07243ba8,0x0725a83c,
  0x0725d6b8,0x0726677e,0x07269057,0x0727e3f0,0x072b7e46,0x072b863d,0x072d5893,0x072d766e,0x072eb4c6,0x072ed75b,0x07303236,0x07343ff9,
  0x073dbe9e,0x073e98bd,0x07446acd,0x07450a68,0x07468ee2,0x074b2575,0x07519164,0x0751e0f3,0x0752bfc6,0x07531815,0x075513fa,0x0757c7ab,
  0x0757e1a8,0x07599974,0x075b22c4,0x075b8cb9,0x075cf7b6,0x075de225,0x075e3938,0x075e830c,0x076084a5,0x0760df6e,0x07660729,0x07664b2e,
  0x07674b1e,0x0768455b,0x076a58c0,0x076a984c,0x076cd130,0x076daf32,0x076e1b3f,0x076e8bf5,0x076ee526,0x07719c39,0x0771ad1b,0x07730c0e,
  0x07748351,0x07770047,0x0777cd1f,0x07795db1,0x07799dd2,0x077a0621,0x077bba62,0x077bbc15,0x077bbd2b,0x077c2965,0x077c5cd9,0x077de8cd,
  0x077df5c3,0x077ef956,0x07809f5b,0x0780c8b8,0x07812cd2,0x07833f8d,0x0784948d,0x0784cfe5,0x0786e184,0x078c30af,0x07904645,0x079220fc,
  0x0794944d,0x0794e08a,0x079500c8,0x07991cac,0x0799f423,0x079a5483,0x079b2e17,0x079dcbcd,0x07a07f17,0x07a0af48,0x07a1e8a2,0x07a4eb98,
  0x07a6117b,0x07a99aee,0x07abeb60,0x07ac5eae,0x07ae9016,0x07af3a66,0x07b001cf,0x07b06ac7,0x07b1a716,0x07b48c54,0x07b56336,0x07b8f635,
  0x07b900a4,0x07ba2e0b,0x07bb1c0a,0x07c39145,0x07c4c809,0x07c572b8,0x07cbee1b,0x07cd0c32,0x07cd2f82,0x07cd677c,0x07d411eb,0x07d55e2a,
  0x07d594eb,0x07d90e1c,0x07d9a316,0x07da9997,0x07db9fae,0x07dd5cfb,0x07e0e855,0x07e21a5f,0x07e3fd86,0x07e53454,0x07eaff36,0x07ec2aec,
  0x07ecbeb0,0x07ef77d2,0x07f02517,0x07f05ac0,0x07f0d2cd,0x07f2325c,0x07f4bd1b,0x07f6df93,0x07f886d2,0x07f9e2cd,0x07fc9168,0x07ff30a2,
  0x08010f40,0x0802998b,0x0802a7ae,0x08071b4b,0x08074d9f,0x0808e02c,0x08096e8c,0x080d864a,0x080eb73d,0x080edcee,0x0810af39,0x0810e64e,
  0x0813ac8c,0x0817aabb,0x081a9cba,0x081b3ebd,0x081c23df,0x081f7399,0x08224a2a,0x08258a17,0x0827cff6,0x0828bc8d,0x08290752,0x082ae6a6,
  0x082dcbfd,0x082e37a9,0x082f92f3,0x0832a826,0x0835312e,0x0835594d,0x083576f6,0x08358c79,0x08361df2,0x083761d1,0x08377e08,0x083a1d0b,
  0x08403769,0x084215c1,0x08425290,0x08438aba,0x08463e55,0x084837b2,0x084a5a01,0x084b11df,0x084bcd67,0x084db9d4,0x0854152b,0x085532d4,
  0x08567523,0x0856ef2b,0x0857961d,0x0858ab54,0x085d00d3,0x085dbec0,0x08601c6b,0x0860872e,0x0860c9d7,0x086129bb,0x08621f2a,0x08636e53,
  0x0863d6ee,0x086730c6,0x08687a81,0x0868d4d4,0x0869b7b3,0x086d580f,0x086fb9b8,0x087000b3,0x08706214,0x08727756,0x0873e83a,0x0873fe5a,
  0x087522ed,0x0876ab7e,0x087a3282,0x087a3b93,0x087d1b48,0x087d3b46,0x087f0607,0x0880484b,0x088121d9,0x08814aeb,0x08818291,0x0881954b,
  0x08860c70,0x08863fcb,0x0886cbfe,0x08889334,0x0888a5e0,0x08890af6,0x0889ea02,0x088a024e,0x088b3dc8,0x088b3fce,0x088c1961,0x088c5d63,
  0x088e099d,0x0890de1a,0x08914d31,0x08917c04,0x08927979,0x08939655,0x089553bc,0x0897b1a3,0x089ab0a3,0x089b3c57,0x089ca8a0,0x089e41c6,
  0x08a0612a,0x08a1f732,0x08a22dac,0x08a232a8,0x08a55787,0x08a76ff2,0x08a7e756,0x08ab88ee,0x08aca718,0x08acde06,0x08ae5141,0x08afabbb,
  0x08b0d6d6,0x08b34ab3,0x08b3f6a1,0x08b434eb,0x08b6a9a9,0x08b96da1,0x08b98730,0x08baab6e,0x08bd7e59,0x08c02f94,0x08c1d57a,0x08c2ac34,
  0x08c74e6f,0x08c7e1b2,0x08c911dc,0x08c9e0a3,0x08cc549d,0x08cd4860,0x08cef3bf,0x08d0e3d7,0x08d29266,0x08d3c6d0,0x08d40407,0x08d45502,
  0x08d49755,0x08d5235e,0x08d6f174,0x08d7196e,0x08d81542,0x08d82298,0x08d8b2f6,0x08d9dce2,0x08db1067,0x08dcc622,0x08dd11e0,0x08ddc1a3,
  0x08e09793,0x08e09b2c,0x08e0d276,0x08e0f370,0x08e31379,0x08e5c085,0x08e63cb6,0x08e8da16,0x08e8deb1,0x08e9b95d,0x08eb2e4c,0x08eb9541,
  0x08ebd1df,0x08ef6f79,0x08f12206,0x08f139f5,0x08f2b501,0x08f7631e,0x08f7f509,0x08fc6d41,0x08fce3e5,0x08fdb550,0x08ffae9b,0x09003de2,
  0x0900644a,0x0900b969,0x090126f6,0x09063082,0x0906dafd,0x090befd7,0x090c4dd0,0x090d4747,0x0911671a,0x09167bc0,0x09188453,0x0919c891,
  0x091a3587,0x091bb997,0x091f2660,0x0920985d,0x09215733,0x09229468,0x0922bb79,0x09239730,0x09264c9e,0x092ca7b9,0x093261f5,0x0937d84b,
  0x0939607b,0x093a7bea,0x093aba28,0x093ad221,0x093b3446,0x093c27d3,0x093c4030,0x093d5ea3,0x0940406c,0x0942b7b5,0x0942e172,0x0942e510,
  0x09431f28,0x09438225,0x094558d6,0x09477015,0x0947d611,0x0949be96,0x0949e030,0x094e472c,0x0951ea34,0x09567dcf,0x0956e51e,0x0958c1b2,
  0x0958f32e,0x095be73e,0x095d7c43,0x095d8603,0x095e4908,0x095ff5c1,0x09626ca4,0x0966e36d,0x09674d3d,0x09682b74,0x09699add,0x096afb47,
  0x096b1d9d,0x096b64f1,0x096d6361,0x096d8d82,0x096e1330,0x096fce6b,0x096fdc2c,0x0970ec7f,0x0973ad32,0x0976b5bf,0x097acc28,0x097c083c,
  0x097d3923,0x097e3074,0x09815a53,0x0981ccf1,0x0986d5fc,0x0986eab2,0x098784c8,0x098b5a84,0x098c5372,0x098d9014,0x098d93b8,0x098f8d95,
  0x099136c0,0x09914df6,0x09918e69,0x09919602,0x0994d0b4,0x09955290,0x0995e9e7,0x09977e7d,0x099a8cb1,0x099d344f,0x099dae93,0x099ed3f7,
  0x099fd9ba,0x09a09a54,0x09a278cf,0x09a347d9,0x09a4890b,0x09a6a3f3,0x09a6bf33,0x09a83cd4,0x09ab9e0a,0x09ac586e,0x09af012c,0x09b2947d,
  0x09b672d1,0x09b7fc5c,0x09b91c71,0x09b9db0b,0x09ba6aa7,0x09bab0d3,0x09bd898a,0x09bdcbff,0x09bdcc94,0x09be8054,0x09bf4edf,0x09c370dc,
  0x09c4df76,0x09c52023,0x09c97695,0x09caced8,0x09cb696a,0x09cc34ad,0x09cc40f8,0x09cd2df7,0x09cd4def,0x09cf3642,0x09d07e95,0x09d20582,
  0x09d47a6a,0x09d65369,0x09d7f878,0x09d95e7f,0x09da6dc9,0x09da7c8a,0x09dd1835,0x09dd40d9,0x09e32bf7,0x09e39ae1,0x09e4f2e7,0x09e6fda0,
  0x09e7a2ed,0x09e8c4db,0x09e8f13f,0x09e9a273,0x09eb52c0,0x09edc34c,0x09f1e7f0,0x09f5ac35,0x09f79bcd,0x09f8663a,0x09f96a1c,0x09fc232d,
  0x09ffa080,0x09ffd14b,0x0a010445,0x0a01499e,0x0a015dc0,0x0a017220,0x0a01dc53,0x0a058540,0x0a090cb5,0x0a0c7fa5,0x0a0cb0b2,0x0a0fe32e,
  0x0a109368,0x0a12d5d8,0x0a137502,0x0a1519c6,0x0a1766b1,0x0a18597f,0x0a18d05f,0x0a1a135c,0x0a1c6518,0x0a1cdd25,0x0a1fbc74,0x0a21cc4b,
  0x0a21f56d,0x0a23dec5,0x0a253002,0x0a2592ef,0x0a269702,0x0a282c3b,0x0a29489d,0x0a2a2be6,0x0a2a7315,0x0a2acfc5,0x0a2edb10,0x0a31b7c4,
  0x0a351c98,0x0a37c74c,0x0a39887c,0x0a3f1344,0x0a4152a1,0x0a42291c,0x0a42e942,0x0a44df7e,0x0a461a61,0x0a46218a,0x0a463e1b,0x0a47aa08,
  0x0a48d1a5,0x0a4cb7c2,0x0a4e06d2,0x0a4e9bbf,0x0a4f5e4c,0x0a4f761c,0x0a510257,0x0a517939,0x0a523d5b,0x0a579ac1,0x0a599868,0x0a5a94fe,
  0x0a5ba0fb,0x0a5d2bab,0x0a5e816d,0x0a5f38ff,0x0a6142fa,0x0a61499c,0x0a618bd5,0x0a687248,0x0a689b45,0x0a6d78b7,0x0a6ec883,0x0a702ae1,
  0x0a70550c,0x0a71800e,0x0a723515,0x0a7608de,0x0a77973e,0x0a78e49c,0x0a793ffe,0x0a7c061e,0x0a7d454c,0x0a7e6271,0x0a7f3c0a,0x0a7f82f8,
  0x0a8252f6,0x0a84cf3e,0x0a8bca22,0x0a8ca1f9,0x0a8fdc9c,0x0a912dcb,0x0a914ad6,0x0a92f48b,0x0a951f2a,0x0a97b35b,0x0a984a66,0x0a9aa775,
  0x0a9c323a,0x0a9ca3cf,0x0a9d0090,0x0aa7e3b9,0x0aa7f2ee,0x0aa9e0dc,0x0aaa377f,0x0aaa5485,0x0aaa8009,0x0aaf7338,0x0ab0a784,0x0ab0a953,
  0x0ab7cf5c,0x0ab7e0f1,0x0ab87060,0x0aba7eee,0x0abb6fa5,0x0abd3f6c,0x0abe7053,0x0ac0eaea,0x0ac4d585,0x0ac7bcfb,0x0ac90c04,0x0aca1857,
  0x0acad69d,0x0acae8a2,0x0acb14e6,0x0acbcaac,0x0acbf2f9,0x0acc6078,0x0acfa3ab,0x0ad08e71,0x0ad1b9cf,0x0ad5e939,0x0ad5fa44,0x0ad84b9f,
  0x0ada3eca,0x0ada94be,0x0adaa30a,0x0adbf394,0x0adc123d,0x0adebdce,0x0ae64838,0x0ae82a41,0x0ae985c6,0x0aecacbb,0x0aed062e,0x0aee5957,
  0x0aef682e,0x0af126d6,0x0af33592,0x0af4a6ef,0x0af55a97,0x0af5f392,0x0af61ecf,0x0af87f41,0x0afcaaf5,0x0b00be39,0x0b023695,0x0b0364e4,
  0x0b045c31,0x0b065686,0x0b06ed4d,0x0b084307,0x0b09d8cd,0x0b0a085f,0x0b0d2ede,0x0b0db420,0x0b0ea17a,0x0b12ccdc,0x0b131a25,0x0b13241e,
  0x0b136be7,0x0b13d6ca,0x0b16cfc6,0x0b180887,0x0b185400,0x0b1b2a79,0x0b1f067d,0x0b1f2ad8,0x0b22dd9f,0x0b22f55f,0x0b23300a,0x0b23e01b,
  0x0b26d064,0x0b270add,0x0b29a35a,0x0b29ac70,0x0b2b4cc8,0x0b2c3595,0x0b2c6214,0x0b2e46db,0x0b2fb4e0,0x0b337a90,0x0b34d2a1,0x0b39504a,
  0x0b396869,0x0b3a181d,0x0b3c81d7,0x0b3c9585,0x0b3f469d,0x0b4029a8,0x0b43d5b5,0x0b4639a5,0x0b4715aa,0x0b4725f8,0x0b477aca,0x0b488951,
  0x0b4d4c3f,0x0b4da22c,0x0b4f0836,0x0b4fb069,0x0b5149e7,0x0b55fbd8,0x0b5a484c,0x0b5b326f,0x0b5c26e1,0x0b635602,0x0b6dd901,0x0b6e960c,
  0x0b6f69de,0x0b708b96,0x0b72d7d8,0x0b72e2de,0x0b73554e,0x0b74f1a4,0x0b77c100,0x0b798b49,0x0b7af6ea,0x0b7c06a7,0x0b7ebf8e,0x0b7f4fcc,
  0x0b8040d9,0x0b80ea43,0x0b810578,0x0b817035,0x0b82d07f,0x0b83e1e9,0x0b854e29,0x0b8889f2,0x0b8a639e,0x0b909372,0x0b9144f8,0x0b9365f7,
  0x0b942014,0x0b9433ca,0x0b94e0b7,0x0b9796a9,0x0ba02633,0x0ba36f74,0x0ba42ce9,0x0ba556a6,0x0baa8dde,0x0babc4a3,0x0bac640a,0x0badb1af,
  0x0bae0d65,0x0baec1c4,0x0baecc30,0x0bb1990b,0x0bb3b0fd,0x0bb45e44,0x0bb4a70f,0x0bb5ffd1,0x0bb801d0,0x0bb91bc5,0x0bba302e,0x0bbb78ef,
  0x0bbd0985,0x0bbde075,0x0bbfb336,0x0bbfe9f5,0x0bc258c0,0x0bc2fae5,0x0bc333d5,0x0bc34eb9,0x0bc3eaa4,0x0bc4f946,0x0bc56abe,0x0bc7d1d8,
  0x0bc8c3d2,0x0bca9cc9,0x0bcac399,0x0bcb30d1,0x0bcbf6c0,0x0bce1b35,0x0bd34363,0x0bd3d2e1,0x0bd4382f,0x0bd575f3,0x0bd5c5ef,0x0bd65d98,
  0x0bd663bd,0x0bd81e4e,0x0bdc3700,0x0bdc6d31,0x0bdd5db6,0x0bdd6b08,0x0bddb264,0x0bde5d0c,0x0bde7bc8,0x0bdec77c,0x0be07e6e,0x0be1f44b,
  0x0be709e0,0x0be89233,0x0be9e173,0x0beb95e9,0x0becee2a,0x0beeb7a9,0x0bf01499,0x0bf35c51,0x0bf55853,0x0bf69d88,0x0bf6b7d7,0x0bf81d17,
  0x0bfb18ea,0x0bfd3eab,0x0c00e2eb,0x0c037fa2,0x0c091db6,0x0c0a29b5,0x0c0c1b38,0x0c0d5f7f,0x0c0d7b30,0x0c0dd521,0x0c1167bb,0x0c139e07,
  0x0c145294,0x0c14c350,0x0c1756c9,0x0c18cea1,0x0c1d5588,0x0c2055f2,0x0c2132da,0x0c2192ba,0x0c220278,0x0c250fe2,0x0c2a248b,0x0c2b40da,
  0x0c2b7e60,0x0c2be4f2,0x0c2ee609,0x0c31b1b8,0x0c32b8b4,0x0c32f316,0x0c32f968,0x0c334ec7,0x0c33dff8,0x0c3541af,0x0c35d008,0x0c36e610,
  0x0c395694,0x0c3a21be,0x0c3a96fe,0x0c3b9e34,0x0c3c71ef,0x0c3e2811,0x0c3f7f7d,0x0c3fb388,0x0c41c51a,0x0c435ca0,0x0c439fe6,0x0c468042,
  0x0c47fac0,0x0c48aa2a,0x0c4a88c1,0x0c4c6dbe,0x0c50d1a1,0x0c510ab5,0x0c52a896,0x0c54a1ed,0x0c553a37,0x0c59f16e,0x0c5c240f,0x0c5cd20a,
  0x0c5cfbcd,0x0c5d0def,0x0c5e6214,0x0c608176,0x0c624fb3,0x0c626bf4,0x0c634709,0x0c653c10,0x0c65bccd,0x0c6854d8,0x0c6c40d1,0x0c6c82bb,
  0x0c6d984b,0x0c6db2b7,0x0c6ead1c,0x0c721528,0x0c724255,0x0c72c802,0x0c74488a,0x0c77a47e,0x0c77fa1b,0x0c7a7833,0x0c7e9d68,0x0c7f79bf,
  0x0c847308,0x0c8b3355,0x0c8dcc00,0x0c907800,0x0c919ef5,0x0c92136d,0x0c94dd67,0x0c951e4b,0x0c9663f6,0x0c991ea5,0x0c9a5424,0x0c9df737,
  0x0c9ff1a9,0x0ca36acf,0x0ca3761b,0x0ca3c8d8,0x0ca682f3,0x0ca72d88,0x0ca8ca33,0x0ca9f8ee,0x0cac166c,0x0cac6562,0x0cad435b,0x0cae391f,
  0x0caee1cf,0x0cafa270,0x0cafd347,0x0cb16861,0x0cb2404b,0x0cb6e025,0x0cb96681,0x0cbb4792,0x0cbd4876,0x0cbd546e,0x0cbf022a,0x0cc068fe,
  0x0cc4bdbf,0x0cc939d6,0x0ccaf7a8,0x0ccdcfdc,0x0cd17cc9,0x0cd70356,0x0cd9a406,0x0cda0f0c,0x0cdabb40,0x0cdb7a68,0x0cdbcde4,0x0cddba33,
  0x0cdef8e1,0x0cdf58b1,0x0ce0666d,0x0ce0de6d,0x0ce41d1f,0x0ce5cd6f,0x0ce5eb86,0x0cec52fd,0x0cf04610,0x0cf25df3,0x0cf2bd67,0x0cf42b60,
  0x0cf4c359,0x0cf51bd2,0x0cf6969d,0x0cf7f5bb,0x0cf7fda3,0x0cfa3445,0x0cfbde83,0x0cfe08c4,0x0d01473c,0x0d02d608,0x0d034950,0x0d05ad98,
  0x0d0743a4,0x0d085e5a,0x0d0865c3,0x0d089c51,0x0d09116b,0x0d0aebb3,0x0d0b752e,0x0d0c4f21,0x0d0eae0a,0x0d0fc178,0x0d11a6e1,0x0d123933,
  0x0d1266ca,0x0d159576,0x0d196a4a,0x0d1d1386,0x0d1fc9d6,0x0d20f047,0x0d2573c4,0x0d26be9a,0x0d282088,0x0d2af6de,0x0d2e3ada,0x0d2e4cdf,
  0x0d32522c,0x0d33244c,0x0d36834f,0x0d3a2c82,0x0d3b1a2b,0x0d3be0ee,0x0d3eaf03,0x0d406fec,0x0d4152ee,0x0d42bfa6,0x0d46f56b,0x0d489845,
  0x0d48cd28,0x0d4a8302,0x0d4aaae7,0x0d4f4dcd,0x0d502ac8,0x0d507bb1,0x0d5117a9,0x0d51f907,0x0d524777,0x0d524bc1,0x0d535120,0x0d54a06d,
  0x0d567d05,0x0d57cbe0,0x0d59a3af,0x0d5ed824,0x0d660579,0x0d6c31f0,0x0d6c86c5,0x0d7104de,0x0d7191e7,0x0d72fe13,0x0d731a1b,0x0d74a5bd,
  0x0d7779a5,0x0d7911ce,0x0d7bdd41,0x0d7befc5,0x0d7c7214,0x0d85aa1c,0x0d881b6b,0x0d89425a,0x0d8d9f86,0x0d8dc14b,0x0d8ef05e,0x0d91a976,
  0x0d93d1a7,0x0d96fe6a,0x0d970338,0x0d972171,0x0d9aea6c,0x0d9d13e2,0x0d9eb851,0x0da4a7f0,0x0da65c86,0x0da78b7b,0x0da8fb68,0x0dabad21,
  0x0daddf12,0x0dae36e6,0x0daffdd0,0x0db53d24,0x0db593bb,0x0db5e821,0x0db75c52,0x0db8101a,0x0db84a41,0x0db86af2,0x0db8b467,0x0dba2ff2,
  0x0dbc9bf4,0x0dbe1fb7,0x0dbff81a,0x0dc0d12f,0x0dc183f4,0x0dc6869b,0x0dc8c7fc,0x0dc92467,0x0dc9c3df,0x0dc9e29a,0x0dcc7795,0x0dcc7ee7,
  0x0dccbee0,0x0dd0e071,0x0dd0ef8f,0x0dd27b6d,0x0dd2ce5e,0x0dd304e0,0x0dd3333f,0x0dd5fc12,0x0dd94a38,0x0dda9204,0x0dde92f5,0x0ddf982e,
  0x0ddfb045,0x0de24caf,0x0de2a826,0x0de3941b,0x0de4e68b,0x0de676cd,0x0de7946b,0x0de9754f,0x0deae3c7,0x0dec8c5f,0x0decea94,0x0dede131,
  0x0defc4de,0x0deff7cc,0x0df05b9c,0x0df0e93c,0x0df4b6c6,0x0df54912,0x0df7562b,0x0df80c14,0x0df89ee8,0x0df8dbdd,0x0df8e5b9,0x0dfbb590,
  0x0dfd2a0b,0x0dfe7e71,0x0dff809e,0x0e003cf5,0x0e005fe6,0x0e015f8f,0x0e01b6dc,0x0e02db74,0x0e034323,0x0e037bd9,0x0e042b87,0x0e0436b8,
  0x0e063717,0x0e0658d5,0x0e073de0,0x0e0a54ca,0x0e0b0723,0x0e0e113a,0x0e0f0ee5,0x0e104976,0x0e11e6b0,0x0e14dddf,0x0e17a079,0x0e17a392,
  0x0e1951ed,0x0e197ae6,0x0e19d658,0x0e1a29f6,0x0e1a6e68,0x0e1f5710,0x0e1ff4aa,0x0e2007c9,0x0e2043c5,0x0e20e53a,0x0e21d8a6,0x0e22378a,
  0x0e249912,0x0e27ddb1,0x0e2a0dd1,0x0e2b19ca,0x0e2b2c87,0x0e2be4f4,0x0e2d3b9a,0x0e2d658a,0x0e2f506e,0x0e36d6d2,0x0e37bb91,0x0e37e837,
  0x0e3a07dd,0x0e3bec51,0x0e3ef3a3,0x0e40701c,0x0e40c274,0x0e435355,0x0e441a0a,0x0e45c645,0x0e464ea0,0x0e4716b3,0x0e49cb1a,0x0e4d230e,
  0x0e4ec907,0x0e501bd3,0x0e513293,0x0e518c3f,0x0e521620,0x0e533ced,0x0e54a797,0x0e560723,0x0e5656c4,0x0e585e0b,0x0e59d671,0x0e59dab3,
  0x0e5a1371,0x0e5a1834,0x0e5cde71,0x0e6054e1,0x0e60bee1,0x0e60ecf4,0x0e637c3b,0x0e63813f,0x0e63d1a8,0x0e65940e,0x0e688087,0x0e690e34,
  0x0e6a5d70,0x0e6e872d,0x0e75285b,0x0e75e2c6,0x0e761006,0x0e7705b3,0x0e77e084,0x0e7956d3,0x0e79b674,0x0e7c7d3f,0x0e7dc1b9,0x0e7f8011,
  0x0e8a8f03,0x0e8c85fd,0x0e8cbbf4,0x0e8e94b7,0x0e93069d,0x0e934392,0x0e940815,0x0e96a39b,0x0e9789ce,0x0e97a3d9,0x0e97ec79,0x0e98e68e,
  0x0e997762,0x0e99bcfa,0x0ea19ec5,0x0ea68b4f,0x0eaee90b,0x0eaeea76,0x0eaf09da,0x0eaf9b93,0x0eb0501f,0x0eb2016d,0x0eb2109b,0x0eb42a12,
  0x0eb52d6b,0x0eb5b1aa,0x0eb78d1b,0x0eb8968b,0x0eb8c254,0x0ebd02aa,0x0ebd91e9,0x0ebe987f,0x0ec081b7,0x0ec72499,0x0ec7da49,0x0ec96369,
  0x0ecb46f7,0x0ecc9ca3,0x0ed155dd,0x0ed22de0,0x0ed31905,0x0ed3df44,0x0ed54d17,0x0ed6688e,0x0ed877e1,0x0ed91e6d,0x0edca903,0x0edce712,
  0x0edea60b,0x0ee1e0bb,0x0ee2e2f4,0x0ee5ecd8,0x0ee6c3a7,0x0ee77652,0x0ee911ce,0x0eeac4e0,0x0eeb4e14,0x0eec111a,0x0eec762f,0x0eeebc29,
  0x0ef0ae89,0x0ef1c198,0x0ef42483,0x0ef59713,0x0ef6c9c6,0x0ef93a6d,0x0efacd19,0x0efad997,0x0efca367,0x0efccd67,0x0efceb92,0x0efdde56,
  0x0eff6faa,0x0effe186,0x0f0183d4,0x0f0216d7,0x0f030d9b,0x0f0330a1,0x0f06386a,0x0f06c4e1,0x0f0873ba,0x0f09a1f6,0x0f09e52a,0x0f0cf95e,
  0x0f0d6286,0x0f0d6702,0x0f114154,0x0f12f47e,0x0f147948,0x0f1ad9a1,0x0f1d85f4,0x0f1e8da6,0x0f1fad88,0x0f23d8d6,0x0f255327,0x0f269eef,
  0x0f26bca6,0x0f2b887a,0x0f2c06b1,0x0f2f412c,0x0f34d16b,0x0f35cd5f,0x0f391166,0x0f3a3252,0x0f3d00a5,0x0f3ea6a7,0x0f3f3d26,0x0f3fb6bd,
  0x0f401a76,0x0f445444,0x0f454aea,0x0f459833,0x0f469084,0x0f4a020e,0x0f4a5adc,0x0f4b7a44,0x0f4ba025,0x0f4c74f7,0x0f4d7a98,0x0f521d20,
  0x0f5239d4,0x0f547e56,0x0f54eace,0x0f5515a0,0x0f583b7f,0x0f587d49,0x0f5b3c78,0x0f5b86a0,0x0f5be53c,0x0f5c101c,0x0f5c9c25,0x0f5d00af,
  0x0f5d3884,0x0f6018c6,0x0f64143b,0x0f64cddd,0x0f65a1bc,0x0f660917,0x0f6b0ea9,0x0f6e1037,0x0f717b4e,0x0f74b5ab,0x0f74bbb0,0x0f75a1f0,
  0x0f75febb,0x0f766411,0x0f7c2c58,0x0f7c5698,0x0f7e7190,0x0f7f5e71,0x0f824c52,0x0f85b6ee,0x0f8d3cec,0x0f8e55e9,0x0f8ff053,0x0f911d19,
  0x0f95e07d,0x0f96d423,0x0f98fbf3,0x0f9b5686,0x0fa1a489,0x0fa4f220,0x0fa5d555,0x0fab594d,0x0fabbad2,0x0fae2e7f,0x0faed03f,0x0fb0e6a9,
  0x0fb2063b,0x0fb39fd9,0x0fb4d9b4,0x0fb4ecd5,0x0fb788dd,0x0fb7f465,0x0fb9acb5,0x0fb9ba5e,0x0fb9ce05,0x0fbf181c,0x0fc1979a,0x0fc4c63b,
  0x0fc79eef,0x0fc9426b,0x0fca0887,0x0fcb0b87,0x0fcc0cea,0x0fce9646,0x0fd183aa,0x0fd490a5,0x0fd65c76,0x0fd6fff4,0x0fda69df,0x0fdb821f,
  0x0fdd1d92,0x0fe2ffb8,0x0fe5db69,0x0fe98c28,0x0feacac1,0x0fec452e,0x0fec5866,0x0fee9598,0x0ff38bdc,0x0ff3cac1,0x0ff5114c,0x0ff7ba28,
  0x0ff8b441,0x0ffb8a32,0x0fff2acb,0x10003bed,0x1000b9a4,0x1001b91a,0x1001e397,0x1001f8cd,0x10024c71,0x1002e7bd,0x100364da,0x100372b4,
  0x10049c0b,0x10057845,0x1005eb2a,0x10062046,0x10077cd3,0x10086c87,0x100a552e,0x100af00b,0x100bc432,0x100bfd79,0x100c47ee,0x100d9f02,
  0x1011107e,0x10126153,0x10128297,0x10146722,0x1016e667,0x1017349b,0x1019e191,0x101aaa72,0x101c4572,0x101cfa1a,0x101d2790,0x101d4008,
  0x101e56d2,0x101e6f7e,0x10206cef,0x10223f3b,0x102393c2,0x10241df3,0x1025624e,0x102579f7,0x1026106a,0x102626bb,0x1026ffa2,0x10290ecd,
  0x1029af67,0x102d8ad9,0x102fd037,0x103850c8,0x103a5a6f,0x103a76b0,0x103ad09f,0x103d141f,0x103d8924,0x103df6bd,0x103fda5f,0x104067e6,
  0x1041b0d7,0x10428568,0x1044757a,0x104722a7,0x10472aa0,0x104bd5fc,0x104c8dc3,0x104d5a3d,0x104ed496,0x10521e25,0x105286e8,0x1053a62a,
  0x1057b881,0x1058b1ff,0x1058d465,0x1060102a,0x1066d7b1,0x1067d34b,0x10688d4c,0x1068e897,0x106927bf,0x106ae1e8,0x106bc08d,0x106cc620,
  0x106d26a3,0x106e877f,0x10705ae8,0x107255ea,0x10755d26,0x10764033,0x107d3b42,0x107fe3a6,0x10813ba5,0x108860d1,0x108a20c3,0x108c083f,
  0x108cde84,0x108e02c8,0x109746d7,0x1097d21d,0x10992e74,0x10995e99,0x109c5eb6,0x109ca3cf,0x109d453c,0x109e979e,0x10a0e476,0x10a245db,
  0x10a3935b,0x10a425c2,0x10a57b32,0x10ac9723,0x10ad2c0b,0x10ae9f4a,0x10af19ab,0x10afe171,0x10b11eea,0x10b2263f,0x10b5be8a,0x10b8c2ca,
  0x10bb3452,0x10bc3985,0x10bcec2c,0x10bd2d2e,0x10bd7e3a,0x10bf410e,0x10c1c969,0x10c1f0b2,0x10c2f0a4,0x10c398be,0x10c4d68f,0x10c508de,
  0x10c6083c,0x10c665e6,0x10c84bdc,0x10ca2dbd,0x10cac0fe,0x10cc4d63,0x10d0a877,0x10d1197c,0x10d45079,0x10d48134,0x10d4941b,0x10d559fd,
  0x10d5c01a,0x10d5d1f1,0x10d726bc,0x10dbf91d,0x10dda3b1,0x10de830f,0x10dfdbf4,0x10e1afd2,0x10e1e047,0x10e34599,0x10e401dd,0x10e5dd78,
  0x10eb8c82,0x10ec7104,0x10ed2864,0x10eeeb8d,0x10f159bf,0x10f7c243,0x10f88f61,0x10f90fba,0x10fcddbb,0x10fd99c8,0x1100de8f,0x1101c8f6,
  0x110395fe,0x1103d98a,0x110824d6,0x110b9af1,0x110bdc0f,0x110f3655,0x11108b13,0x1110e97f,0x1112a2d1,0x11134cef,0x11188ce5,0x1118fc7c,
  0x11242a9e,0x11250fef,0x11267a75,0x112a9774,0x112c1309,0x112ddcac,0x112e3c0e,0x112eec8b,0x1132f203,0x1132f6f7,0x1134b3b6,0x113677ec,
  0x11383724,0x113a9bbe,0x113ac384,0x113bb4fb,0x113c4248,0x113dbea1,0x113de822,0x113e8cd7,0x1140d0b9,0x1141398b,0x11416047,0x11432a89,
  0x114736b4,0x11474517,0x1149269b,0x114c8895,0x114cbbdd,0x114e5491,0x1150e116,0x1151986f,0x1154030e,0x11558c42,0x1155ec07,0x1156daf1,
  0x11570750,0x11579a87,0x1159741a,0x1159fa7b,0x115a9a69,0x115c9ab2,0x115cab56,0x115fccf5,0x116f448a,0x11712758,0x11772c31,0x11774c0f,
  0x117a9f21,0x117ab2a1,0x117b548c,0x117bbec8,0x117bfe02,0x117ce7b6,0x117d8b87,0x117f6d77,0x11804b2b,0x11846f12,0x1184c3b2,0x118f97f0,
  0x118fd516,0x118ff68a,0x119319ee,0x1194026a,0x1194439f,0x11944403,0x1196ac54,0x1197af37,0x1197c21c,0x11985162,0x1198ab66,0x11993c86,
  0x1199756d,0x119a8b25,0x119fdad9,0x119fec02,0x11a10d6c,0x11a57c3f,0x11a77d21,0x11a794da,0x11b0b66c,0x11b20117,0x11b3099d,0x11b423f7,
  0x11b43f38,0x11b60678,0x11b6232c,0x11b75402,0x11b75975,0x11b75f1e,0x11b9a55e,0x11c31a48,0x11cb8bc8,0x11cbe2f8,0x11cc4593,0x11d039d9,
  0x11d188bf,0x11d4bfeb,0x11d4ddb4,0x11dbd718,0x11dc4ac8,0x11dd263c,0x11e0531e,0x11e1f407,0x11e41aba,0x11e62997,0x11e6e849,0x11e80061,
  0x11ec7b3f,0x11ecdf7e,0x11ef521a,0x11f2c2e8,0x11f30015,0x11f4fc51,0x11f57a02,0x11f6399a,0x11f68a9d,0x11f9b12d,0x11fa334e,0x11fc5e01,
  0x11fd1a0e,0x11ff264c,0x1200b302,0x120140f1,0x120464fc,0x1204a662,0x1205bc26,0x1205d3ae,0x1206e669,0x12079863,0x120846bd,0x120d7ec2,
  0x120d8f5b,0x120fda9f,0x121193b1,0x1212e249,0x1216ad79,0x121a37a3,0x121ef1ee,0x121fa828,0x12215e6c,0x12215fdb,0x122318c9,0x1223aed0,
  0x1229cd1f,0x122af8f4,0x122b6b51,0x122de6d8,0x122ef5f1,0x122f50a7,0x122f650a,0x12313495,0x1232189a,0x1233d16c,0x1235ac92,0x12363a02,
  0x12368a23,0x1239dc2c,0x123ad328,0x123bc049,0x123bdd06,0x123c39cc,0x12418a1d,0x1243c45b,0x1243caae,0x124413e9,0x12456030,0x124675da,
  0x1247bbf7,0x124981b8,0x124d6a24,0x1250327f,0x1250657c,0x1251f0e5,0x1256c4b8,0x125ff9a3,0x1260aec8,0x1260fd8b,0x126205a9,0x12632940,
  0x1263636a,0x1264cd6e,0x1267d44a,0x1269b566,0x126d148f,0x126d538a,0x126f1bd0,0x126f313f,0x12742186,0x1279b75b,0x127be815,0x127ff478,
  0x1287ae47,0x128a7171,0x128af17e,0x129072f6,0x1292aca2,0x1296f607,0x129be20c,0x129d21c6,0x129d261d,0x129f7a34,0x12a1470c,0x12a35438,
  0x12a4750c,0x12a7aa28,0x12a8c42e,0x12a931ce,0x12aa33cf,0x12aa734b,0x12ab537b,0x12ab9a59,0x12b03503,0x12b11a7a,0x12b7c441,0x12b800df,
  0x12b88726,0x12bbf4d6,0x12bca451,0x12be2cd6,0x12c066af,0x12c22c8f,0x12c29a21,0x12c926f6,0x12cba313,0x12cd93e5,0x12d0c03c,0x12d132c9,
  0x12d135e5,0x12d170a1,0x12d4abbd,0x12d5e2dc,0x12d616c3,0x12d71d98,0x12d81e3f,0x12d8b029,0x12db63c4,0x12dc876f,0x12de83df,0x12e0a15b,
  0x12e17815,0x12e34b6f,0x12e35b65,0x12e39f98,0x12e67c65,0x12e73a15,0x12e9113a,0x12e92f4b,0x12f1a40d,0x12f34389,0x12f3ca52,0x12f3ef37,
  0x12f57555,0x12f742e3,0x12f795bb,0x12f82d25,0x12f869be,0x12f869d2,0x12f8cea1,0x12faa53c,0x12fc0277,0x12fe8530,0x12ff045f,0x12ff54ae,
  0x12ffee94,0x13000d04,0x1301b960,0x1301c1ab,0x1302d704,0x13032c2f,0x13034204,0x13035a05,0x13044f9a,0x13050ccf,0x1307b64d,0x130abb45,
  0x130b4ea0,0x130bf1ff,0x130f2857,0x130f542c,0x13107092,0x1313c102,0x1313d608,0x1315e4bc,0x13165b7b,0x1317b858,0x13182076,0x13183884,
  0x1318ab1d,0x1318ee23,0x1319c4dd,0x131a9bb6,0x131c238f,0x131d2f4e,0x131d66cf,0x1320519c,0x13231c77,0x13263c54,0x132651df,0x13288649,
  0x132889ec,0x132c3858,0x132c5c15,0x132ca8f7,0x132cf5f8,0x132e57ec,0x132eb086,0x132ec741,0x132ed880,0x132fb041,0x1330857d,0x1331fefe,
  0x13340db9,0x1336a219,0x1337e709,0x1338bc05,0x133c2cae,0x133e98f4,0x133eed2d,0x133f3d06,0x1340d050,0x1346b972,0x134831bb,0x134884c3,
  0x13489475,0x1349d2c7,0x134a39eb,0x134be705,0x134ee429,0x134f5a3b,0x134f77da,0x1352dc12,0x13530b98,0x13531ed4,0x135728c6,0x135c3fe7,
  0x135e9872,0x136424e3,0x136b97a1,0x136d5f4a,0x136fdb6a,0x13703fcd,0x13707677,0x1372e9b1,0x137331a0,0x137405b8,0x1376bf80,0x13772ac2,
  0x13773bbd,0x13773dc1,0x137ae0de,0x137c863d,0x137d8dcb,0x137ffab9,0x13803ae2,0x13815494,0x13859120,0x138691e8,0x13869cf5,0x13871a69,
  0x13876c38,0x1387d7e2,0x138b1aa8,0x138d5e23,0x138e54dc,0x138fd9a8,0x1396f1ed,0x1398171b,0x139a1e90,0x139e1e5f,0x139e513c,0x139fc244,
  0x13a03a6b,0x13a1f98a,0x13a3e0f6,0x13a4697a,0x13a740ec,0x13a7fc04,0x13adede7,0x13aef212,0x13af7757,0x13b030f4,0x13b06516,0x13b10727,
  0x13b40017,0x13b5a31e,0x13b5dadb,0x13b97b2e,0x13b9cc2f,0x13bc610a,0x13bc704f,0x13c2950d,0x13c29a82,0x13c5d53d,0x13ca275b,0x13cbb515,
  0x13cbf3b5,0x13cc4562,0x13cca212,0x13cd336a,0x13cf04cf,0x13d0594b,0x13d7ac4d,0x13d91f64,0x13de3b94,0x13df5d37,0x13e0dcfc,0x13e294cc,
  0x13e35869,0x13e7350b,0x13e898a8,0x13ed0955,0x13ed6ed6,0x13f01b8a,0x13fd112b,0x13feb99c,0x13ffc6d0,0x14036cfa,0x1405298e,0x140539f0,
  0x140814bc,0x14084fc1,0x140a9ffb,0x140d2221,0x140e205b,0x140e95a5,0x1410835a,0x14148cae,0x1414f783,0x141893d0,0x1418df07,0x141f7da6,
  0x141fc1e1,0x142010cd,0x1420e9ee,0x14223e69,0x1422b146,0x1424cd43,0x1426fe83,0x14292647,0x142b7d25,0x142de63b,0x142ff209,0x1433eae4,
  0x14343e60,0x14346bd8,0x143673ac,0x143a2f6b,0x143a8bdf,0x143f29f7,0x1441320e,0x1441cc34,0x14421bd6,0x1442608a,0x14435c7a,0x14437634,
  0x144421b3,0x1445796b,0x1445c1df,0x14478503,0x1448ba2b,0x144b6eac,0x144d8551,0x144dcf8a,0x144dd1f6,0x144f9963,0x14513782,0x1452624e,
  0x14535044,0x14566400,0x14575579,0x1457af67,0x14592a0c,0x1459982d,0x145b1a32,0x145e29a9,0x145eee25,0x14611472,0x1461549a,0x1462c3a2,
  0x14660ffb,0x14662553,0x146c1245,0x146db12c,0x14705e74,0x14733e0a,0x14741df4,0x1474ec3d,0x1476358e,0x147635b3,0x1478849a,0x1478b961,
  0x147a1927,0x147e720d,0x1483379b,0x1486c46f,0x14872c50,0x148b7852,0x148dc147,0x148f5a37,0x1491c3cc,0x14943b16,0x14955320,0x149736b4,
  0x14986ff4,0x1499b2f8,0x149baa46,0x149be915,0x149f44f2,0x14a0d1e1,0x14a1120c,0x14a19a02,0x14a1d874,0x14a3dfcf,0x14a64ae3,0x14a6b0fb,
  0x14a70ee9,0x14a91e18,0x14a96744,0x14aac9cb,0x14ac018b,0x14adec62,0x14b06ecc,0x14b43118,0x14b48e71,0x14b7bc45,0x14bb3f10,0x14bb9003,
  0x14beb815,0x14bed085,0x14bf1293,0x14c09498,0x14c1a9f4,0x14c23023,0x14c3601a,0x14c5ac72,0x14c60a7b,0x14c8da2d,0x14cb30f6,0x14ccc187,
  0x14cf0397,0x14cf65e4,0x14d0a3fa,0x14d1ddf3,0x14d685ab,0x14d710cf,0x14d80fcd,0x14d8490c,0x14da22e5,0x14dc8ebe,0x14df9048,0x14e00632,
  0x14e11791,0x14e5b13d,0x14ecfaf4,0x14ee966e,0x14f12b51,0x14f1f8a0,0x14f31463,0x14f6407c,0x14f8765e,0x14fc2dd1,0x14fd0286,0x14fdf050,
  0x1504a1cb,0x1509ca7c,0x150fef1b,0x15108e13,0x1512bffc,0x1514cfde,0x1516e8dc,0x1518198b,0x15181a68,0x1518c2d0,0x151ecf0c,0x151ecf2f,
  0x151f320f,0x152258fb,0x15240717,0x1527ca3d,0x15282587,0x152838e3,0x15285862,0x152960c2,0x152ceefe,0x152cf8c8,0x1532065a,0x1532ca07,
  0x1535b68e,0x1538887b,0x1539dd99,0x15413b08,0x15414d6b,0x1542cd4c,0x154542ff,0x1545d4a5,0x154648f3,0x1548dfb9,0x15491e29,0x15495b91,
  0x1549a6b0,0x1549b01b,0x154bc3b0,0x154d7686,0x1554fd6f,0x1555bbb8,0x155a3d3d,0x155d522c,0x155e4a6a,0x1561975c,0x1562d146,0x1563e5f5,
  0x156415d2,0x15652d8c,0x1568b253,0x156ac104,0x156f4bc1,0x156f807d,0x157031b6,0x15708027,0x1573477b,0x1573b3a9,0x1574b19c,0x15763d8f,
  0x1576f897,0x157896c7,0x15799271,0x157c0483,0x157ca2dc,0x157caf16,0x157cc269,0x1581a984,0x15838c2e,0x1583f1dc,0x15850c6c,0x15864165,
  0x15882591,0x1588fc33,0x15894182,0x158b68c2,0x158e7cc3,0x158ec45d,0x15910e2d,0x15912a93,0x1591f044,0x15924f5d,0x15981fc2,0x1598375a,
  0x159bdbea,0x159cf871,0x159d7d6a,0x159ecd2a,0x15a07df1,0x15a0c61c,0x15a156d9,0x15a70ff2,0x15ac797a,0x15b008e0,0x15b0d735,0x15b1de69,
  0x15b2b0a7,0x15b3916a,0x15b4d8af,0x15b55ceb,0x15b5b0c1,0x15b6f7bd,0x15b90495,0x15bc5cf5,0x15bc60fd,0x15be0887,0x15be53df,0x15bf2e2b,
  0x15c51110,0x15c6f70a,0x15ca6a88,0x15cbfdb1,0x15ccbca0,0x15ce569c,0x15d1bc17,0x15d4f6fe,0x15d7849a,0x15d8cad4,0x15da94f5,0x15db9283,
  0x15dbb65b,0x15e1453a,0x15e3b9af,0x15e52393,0x15e536f2,0x15e56964,0x15e5adfb,0x15e7432e,0x15e74869,0x15e74c8b,0x15ea4b23,0x15ea73ee,
  0x15eacc3f,0x15eb51ea,0x15ebccfb,0x15ee3221,0x15f0b341,0x15f410ba,0x15f4da6a,0x15f5836d,0x15f66cf3,0x15f93f63,0x15f9548d,0x15f9de25,
  0x15fa67dc,0x15ff5400,0x160062b5,0x1602bfa8,0x1602cb2d,0x160319d3,0x16032b71,0x1608e172,0x160a25bd,0x160a34d0,0x160fd85c,0x16100b1c,
  0x1610ece3,0x1611379b,0x16126edc,0x16133bfe,0x16135ce9,0x1613bdd0,0x1614eb22,0x1615329a,0x1616af14,0x161b5834,0x161bc537,0x161c64d0,
  0x161e20df,0x162118ef,0x16212b1e,0x16226104,0x1622dce0,0x16234db6,0x16235768,0x16255432,0x1628c64e,0x162a759c,0x162c35b1,0x162d5946,
  0x162db90f,0x162f1591,0x162f2ff0,0x1631b14e,0x1631e8b9,0x163241b9,0x16329cfc,0x16342160,0x16346da4,0x1635c352,0x16361a72,0x1636c3b8,
  0x1636fde7,0x1637e7b4,0x163bf1f5,0x163c8590,0x163dc2d4,0x163ff9ec,0x16461ee2,0x16468e2a,0x1647953e,0x1647ba78,0x164923cd,0x164bf9d6,
  0x164d43fe,0x164e1174,0x164edaf2,0x164f1074,0x164f2692,0x16508508,0x1651bd5b,0x1654f61b,0x1655d522,0x16566b3a,0x1658fab3,0x165b0b15,
  0x165dbe7c,0x165e2024,0x165ec705,0x1660bec4,0x16616353,0x1664a60d,0x166747ea,0x16675039,0x166860c9,0x166d6248,0x166dcb3f,0x166dda1a,
  0x166f58e0,0x166f953d,0x167027c4,0x1675a0e4,0x16779103,0x1677a98e,0x167829b2,0x1678399f,0x167add8a,0x167afdad,0x167fda77,0x16805895,
  0x168338e9,0x16847fc7,0x16856cc4,0x16862950,0x168651e5,0x16893e00,0x1689774a,0x16899833,0x1689bb5c,0x1689bd7c,0x168a80c2,0x168be38a,
  0x168bf3a2,0x168c79ee,0x168ce5e1,0x168f1096,0x16906028,0x1691154e,0x1694412d,0x169672cd,0x16971814,0x16973d56,0x16978f78,0x169b9514,
  0x169baa2e,0x169c7419,0x16a3de6c,0x16a5ae33,0x16b4a770,0x16bbf510,0x16bd6008,0x16bf7ddf,0x16bfcde9,0x16bfe2b0,0x16bfe87f,0x16c00c97,
  0x16c32886,0x16c52726,0x16c696d1,0x16c79593,0x16c8f9f7,0x16ce04b4,0x16d315dd,0x16d4283a,0x16d4ae4c,0x16d4f202,0x16d5d28d,0x16d7a996,
  0x16dd8073,0x16de0d2b,0x16dec037,0x16df3827,0x16dfafad,0x16dfd676,0x16e146d0,0x16e2192a,0x16e67a25,0x16e8cd1a,0x16edd86d,0x16f1c27f,
  0x16f4b26f,0x16f55b16,0x16f6a2e6,0x16f95559,0x16f97546,0x16fab489,0x16fc2582,0x16ff9a0d,0x1702d97d,0x170a73ba,0x170a8395,0x170bae0a,
  0x170e8cf1,0x170ece14,0x170ef86b,0x17139094,0x1715a67c,0x17174b57,0x1718329c,0x171abbda,0x171c9c4e,0x1720c6dc,0x17216fac,0x1722489a,
  0x17229cc1,0x17242081,0x17247d12,0x1724f49f,0x17255367,0x1727dea7,0x17288ff6,0x1728b5f5,0x1729381d,0x172a1b83,0x172c1957,0x172cdb93,
  0x172dda40,0x173070df,0x1732323e,0x173385e5,0x1737d2bc,0x17399c2b,0x173bae5d,0x173c50ca,0x173c895c,0x173ca542,0x173d2ba6,0x1740b31d,
  0x174295ce,0x17433df7,0x1744fc80,0x1747c56b,0x1749df0a,0x174d02d0,0x174e225b,0x1754d6f7,0x1755f46e,0x17574cf9,0x175a741a,0x175ab685,
  0x175d4273,0x175dea25,0x175f267b,0x175f7b6a,0x1760bcd6,0x1762741e,0x1762badd,0x17632f6c,0x17670c14,0x1768f0fe,0x1769810f,0x176d2528,
  0x176e9ebe,0x1771934e,0x1773cb28,0x17749847,0x1774fcb8,0x177aa255,0x177c306b,0x1780e24d,0x17814db6,0x178201f2,0x1784b33d,0x17857f70,
  0x17862a7f,0x178a6ac3,0x178ae7e2,0x178c9f20,0x178d0391,0x178d7b6e,0x178ddc21,0x178f6956,0x1791da48,0x1792c0a1,0x1794ac26,0x1795ec2e,
  0x17983a38,0x179af9e1,0x179c7a8a,0x179e12c0,0x17a077ea,0x17a4d62c,0x17a6b62c,0x17a79ce7,0x17a9c0dc,0x17ab726f,0x17ac650f,0x17ac8ae4,
  0x17adc221,0x17afc541,0x17b35ab3,0x17b44074,0x17b4fa2e,0x17b5d334,0x17b95d48,0x17be6f47,0x17c1ab10,0x17c24615,0x17c2cf6b,0x17c414f0,
  0x17c44544,0x17c4a65f,0x17c62935,0x17c76bcb,0x17c9423d,0x17cb3ff0,0x17d38590,0x17d5846b,0x17d94f40,0x17dcdf10,0x17e3a049,0x17e3b293,
  0x17e752d9,0x17e7bf12,0x17ee0c5e,0x17effe43,0x17f035c1,0x17f3bbee,0x17f47982,0x17f6a65b,0x17f8b20e,0x17fabd06,0x17fb7495,0x17fe5e73,
  0x18032594,0x180347ea,0x18036267,0x18042fdf,0x180661ca,0x180b590e,0x180f3bc3,0x180f4290,0x1810e13b,0x18124ca9,0x1816ff14,0x18198bd6,
  0x1819e014,0x181cdabc,0x181d2f18,0x181efcaf,0x18200b3c,0x18243664,0x1824ad45,0x1825a1e8,0x1826652e,0x18267bcd,0x182939e6,0x182ef979,
  0x1831d4de,0x18336ba0,0x18339f38,0x1834281a,0x1834e03e,0x1837bd9b,0x1837f5f7,0x1838445c,0x1838729b,0x1838920f,0x18391b20,0x18394600,
  0x1839b566,0x183a2490,0x183ad5c9,0x183c09fd,0x183da0e3,0x1841fe25,0x18432e1a,0x18457439,0x18474ec5,0x18495b4f,0x184ae36e,0x184bcd1e,
  0x184bd497,0x184cc4b2,0x184fd2d2,0x18527f2b,0x18530c95,0x18544fbc,0x18550444,0x185bac6c,0x185d6b5c,0x18614813,0x1862600d,0x18628432,
  0x18646672,0x18663dd7,0x1867b81f,0x186b96fb,0x18723036,0x187377f2,0x187463a0,0x18749b3e,0x187a2c8e,0x187b6003,0x187bdedf,0x187c6f13,
  0x187c763d,0x187d15a9,0x187d257f,0x187d36dc,0x187d6650,0x187de6c5,0x187e2ba0,0x18805dd9,0x1880d651,0x1880f8a3,0x1884bff3,0x18851685,
  0x18853314,0x188651eb,0x18878b9c,0x188b0666,0x188b58d1,0x188ddf97,0x188de0b7,0x188e86cc,0x189010e1,0x1890ca86,0x1891d9ab,0x1898377c,
  0x1898531c,0x1899faf3,0x189a67a1,0x189bdfc0,0x189dc5b7,0x189dfca3,0x189eb595,0x18a2ab56,0x18a2c715,0x18a629d9,0x18a7624a,0x18a77b64,
  0x18aa525d,0x18ac8a17,0x18ade6de,0x18aeec51,0x18aeff05,0x18b52dde,0x18b553ba,0x18b65812,0x18b9340e,0x18bd440b,0x18be995c,0x18c2f854,
  0x18c3a249,0x18c4f130,0x18c54b40,0x18c6d601,0x18c7cf77,0x18c87f18,0x18c90f54,0x18caf240,0x18cb86ba,0x18ccc743,0x18cce231,0x18ce6edd,
  0x18cf9c70,0x18d0f19f,0x18d111dd,0x18d25e69,0x18d2718c,0x18d56ea6,0x18d7b0f9,0x18d856ef,0x18db3830,0x18dcc625,0x18df33a9,0x18e28a43,
  0x18e2ddbe,0x18e3397b,0x18e69f85,0x18e8a5b0,0x18e8cf57,0x18e8f4d3,0x18ec46c4,0x18ed1e2a,0x18ed5b4c,0x18ee1da7,0x18ef0adb,0x18ef89d0,
  0x18f3f688,0x18fb2b62,0x18fcc41c,0x1900008e,0x190043bf,0x19020f56,0x190246ce,0x1902b15d,0x1904b356,0x19070ab9,0x190a80f4,0x190bfd83,
  0x190d233a,0x1911399d,0x1911ef32,0x1913dfe1,0x1914586d,0x1915aed3,0x1915b29a,0x19178e24,0x191880f2,0x191952ca,0x1919979e,0x191a49c0,
  0x191a6931,0x191b0916,0x191e8806,0x191e92d0,0x191ea488,0x19202529,0x19204525,0x1921b7cb,0x1922defa,0x19241048,0x19268b9e,0x192711dc,
  0x19275710,0x19287f85,0x192a3f8b,0x192b3d1e,0x192d14d5,0x192e15d7,0x192f87a7,0x1934d11e,0x19373a4b,0x19379aa1,0x193abfaf,0x193b3e10,
  0x193b625c,0x193be180,0x193c3a11,0x193de41c,0x193fb01c,0x1941baa9,0x19426b9b,0x194312cd,0x19431db5,0x1943738c,0x19448f4a,0x19453b73,
  0x1947d163,0x194a3c02,0x194dbe88,0x194fe8d8,0x1952621e,0x19527881,0x1954b19d,0x1954c263,0x19562526,0x195708fd,0x195913a3,0x19596644,
  0x195a3867,0x195f235f,0x19608cff,0x1962cc55,0x1962f91e,0x19642fd4,0x1966b2a7,0x19678981,0x1969c785,0x196aadcb,0x196ac333,0x196b12e6,
  0x196f6d2a,0x196fdaf7,0x19703838,0x1971633e,0x1972bb91,0x1973eaf7,0x1975ee73,0x197ad7cc,0x197c3e0a,0x197c56c8,0x197d8017,0x19872bc4,
  0x1987c530,0x1988d581,0x19898a7a,0x198bc43f,0x198bf51e,0x198cd30c,0x198ce90e,0x198dfbb5,0x1991f813,0x19967764,0x1998ad15,0x199995d8,
  0x199b238d,0x199b454d,0x199bff02,0x199cf974,0x199e50d1,0x19a3cf18,0x19a49f98,0x19a9b50e,0x19aa3350,0x19ab0f21,0x19ac1c48,0x19acc935,
  0x19ae8699,0x19aefd9c,0x19af2321,0x19b0150d,0x19b01564,0x19b02eba,0x19b0ddd7,0x19b13749,0x19b1c1ab,0x19b51808,0x19b8d97a,0x19b8e964,
  0x19bb04b5,0x19bb2bc8,0x19bc109f,0x19bd1c87,0x19bdad54,0x19bec960,0x19c029cc,0x19c0da46,0x19c2e4ca,0x19c45235,0x19c48d94,0x19c4fa9d,
  0x19c57d5b,0x19c5968b,0x19c5d46b,0x19c679f8,0x19c927ba,0x19c960f4,0x19c99952,0x19cae079,0x19cd3424,0x19ce5520,0x19d06871,0x19d1d898,
  0x19d3d11a,0x19d60557,0x19d65c1f,0x19da6000,0x19da8f1c,0x19db5f0d,0x19dcf260,0x19e1d6ff,0x19e3786c,0x19e3e5ae,0x19e85373,0x19e8eedf,
  0x19e92ee7,0x19e96288,0x19ebb7b8,0x19ec35f0,0x19eeee15,0x19f155a0,0x19f15fb9,0x19f3e47c,0x19f4462f,0x19f64f39,0x19f8d31d,0x19f9e019,
  0x19fe3242,0x1a002ef4,0x1a03f137,0x1a05499b,0x1a054a34,0x1a058615,0x1a08b656,0x1a0aa0cc,0x1a0b9411,0x1a0dd294,0x1a109bdb,0x1a11e505,
  0x1a124482,0x1a12820f,0x1a1810cb,0x1a18166f,0x1a197e59,0x1a1a1954,0x1a1b0c43,0x1a1c2ddf,0x1a1c88bc,0x1a1cbe29,0x1a20601f,0x1a211f62,
  0x1a24d757,0x1a27b4d1,0x1a281a8f,0x1a283263,0x1a2864f9,0x1a2cd939,0x1a2d8db1,0x1a2e556e,0x1a2e5c57,0x1a305005,0x1a354b4c,0x1a35bf59,
  0x1a367475,0x1a3cf036,0x1a3fccf7,0x1a407279,0x1a430c46,0x1a44238f,0x1a44bc7e,0x1a455cba,0x1a458ecd,0x1a49e487,0x1a4cf7c6,0x1a4fe41b,
  0x1a544b90,0x1a5577ef,0x1a5585f8,0x1a58ef44,0x1a599fd8,0x1a5a68b8,0x1a5be5ef,0x1a5bf3a3,0x1a5e623d,0x1a5e9b86,0x1a5eeb01,0x1a6186fe,
  0x1a61c2aa,0x1a657353,0x1a6f201e,0x1a7191a9,0x1a74dc45,0x1a75753b,0x1a75d981,0x1a76082a,0x1a77abfb,0x1a7f6d8a,0x1a7fd786,0x1a84c34f,
  0x1a855430,0x1a859b68,0x1a89239f,0x1a8a5979,0x1a8c3a2b,0x1a8e09a4,0x1a91656a,0x1a923cac,0x1a92740e,0x1a959e7f,0x1a95d950,0x1a96b150,
  0x1a9998ca,0x1a9ca1ff,0x1a9dce58,0x1a9f2fad,0x1a9feb9b,0x1aa01961,0x1aa026cc,0x1aa1017d,0x1aa1d448,0x1aa2a573,0x1aa3d683,0x1aa60098,
  0x1aa63c60,0x1aa720e9,0x1aade2ea,0x1ab05e81,0x1ab28f3f,0x1ab519bf,0x1ab6320a,0x1ab876c8,0x1ab9a3eb,0x1abac765,0x1abaee65,0x1abf3bda,
  0x1ac0118e,0x1ac0417e,0x1ac2a6c8,0x1ac3ac7e,0x1ac468c1,0x1ac5fcbd,0x1ac9e972,0x1acc1327,0x1acd9d03,0x1acddf23,0x1acf3421,0x1ad2c806,
  0x1ad2fd47,0x1ad9bfbb,0x1adb5419,0x1addaf40,0x1ae417ff,0x1ae47879,0x1ae52cb3,0x1ae57dce,0x1ae76f97,0x1ae77cd7,0x1aeb2e36,0x1aebe272,
  0x1aebf574,0x1aec7525,0x1aefd316,0x1af001a2,0x1af19cda,0x1af4a764,0x1af6c492,0x1af80c69,0x1af929a6,0x1af9d3f9,0x1afaee24,0x1afb36c9,
  0x1afc9ba2,0x1b019c67,0x1b0cf9c0,0x1b11c61c,0x1b1a571d,0x1b1af2ce,0x1b1b1a0c,0x1b1bdc3b,0x1b1de64d,0x1b212d3e,0x1b21a307,0x1b25e239,
  0x1b27b6c5,0x1b2925c4,0x1b2cb2b7,0x1b2d9b0c,0x1b2de252,0x1b2ee1a1,0x1b2f928e,0x1b2fab12,0x1b306959,0x1b308f90,0x1b320c8c,0x1b320dd0,
  0x1b325c23,0x1b3652f5,0x1b382482,0x1b387e29,0x1b38cef9,0x1b3907ba,0x1b39a101,0x1b3a18b8,0x1b3bc044,0x1b401331,0x1b4138cf,0x1b448871,
  0x1b4c5eaa,0x1b4d0829,0x1b4e1330,0x1b54db26,0x1b57eb11,0x1b58878a,0x1b5b014f,0x1b5e1d91,0x1b5f450a,0x1b604854,0x1b6351f8,0x1b63650e,
  0x1b65edbd,0x1b6618c7,0x1b6a3890,0x1b6e6c6a,0x1b6fc120,0x1b71299e,0x1b722edc,0x1b7636ad,0x1b7931ea,0x1b7b6384,0x1b7d81aa,0x1b7e9422,
  0x1b810ee1,0x1b8211a7,0x1b82a4da,0x1b82aeb1,0x1b835982,0x1b84695f,0x1b84a4c9,0x1b85e469,0x1b867d13,0x1b86f0a1,0x1b896016,0x1b8a05ec,
  0x1b8b61c6,0x1b8ea89c,0x1b91bc56,0x1b93581e,0x1b94a0da,0x1b95174d,0x1b965dfd,0x1b980333,0x1b99d27e,0x1b99fa9e,0x1b9abe3f,0x1b9e3dac,
  0x1b9fb219,0x1ba00560,0x1ba014f9,0x1ba326e0,0x1ba7eacf,0x1ba8f214,0x1ba92083,0x1ba93281,0x1badcbfc,0x1baf39e1,0x1baff15d,0x1bb0d41f,
  0x1bb3e3e7,0x1bb52391,0x1bb61e45,0x1bb64885,0x1bb6de8d,0x1bb81c40,0x1bb8a1e9,0x1bb979bc,0x1bbb7788,0x1bbbfb8f,0x1bbc49d2,0x1bbd173c,
  0x1bbf3247,0x1bbf8635,0x1bc1d6ac,0x1bc26db9,0x1bc38b96,0x1bc5723b,0x1bc6d167,0x1bca243c,0x1bcc6209,0x1bce3f98,0x1bd1e560,0x1bd5ba0b,
  0x1bd6eed4,0x1bd819e2,0x1bd97649,0x1bda78b6,0x1bdc4d61,0x1bdd1bd5,0x1bde8e56,0x1be0e6ab,0x1be168ad,0x1be2fb7b,0x1be384c9,0x1be3d092,
  0x1be3e58f,0x1be43a8c,0x1be45acc,0x1be8a142,0x1bec6a87,0x1bec79de,0x1beccabe,0x1befbdff,0x1bf048b8,0x1bf0bbb6,0x1bf0fafa,0x1bf10dd8,
  0x1bf39ecd,0x1bf6d6c2,0x1bfa2162,0x1bfdf56a,0x1bfdfaf7,0x1c01ff00,0x1c045b81,0x1c054ebd,0x1c064672,0x1c082169,0x1c088143,0x1c0992c3,
  0x1c0a30e1,0x1c0a80b0,0x1c0d8e04,0x1c0e4490,0x1c0f2faa,0x1c11588a,0x1c117215,0x1c12eadb,0x1c131b26,0x1c199391,0x1c19cb70,0x1c1a0afd,
  0x1c1a21da,0x1c1b39f8,0x1c1da812,0x1c2095c2,0x1c20d1c1,0x1c20edf0,0x1c227854,0x1c230035,0x1c268054,0x1c26abc9,0x1c26d5dc,0x1c2851af,
  0x1c2b2718,0x1c2c5619,0x1c2d28fe,0x1c3169cf,0x1c31b891,0x1c321f17,0x1c331f0c,0x1c371765,0x1c38cc42,0x1c3a6217,0x1c3e150c,0x1c3ed5fe,
  0x1c4245d7,0x1c43711c,0x1c43de88,0x1c444b36,0x1c44fd3a,0x1c46ecbf,0x1c472843,0x1c476eed,0x1c4b343c,0x1c502093,0x1c5023db,0x1c5163c9,
  0x1c52e991,0x1c5355c0,0x1c5415d4,0x1c549e43,0x1c555e68,0x1c562600,0x1c5745ac,0x1c5884d3,0x1c5a5953,0x1c5ab3bd,0x1c5abf46,0x1c5d74f8,
  0x1c5ed3b7,0x1c664c19,0x1c68b88e,0x1c6b2534,0x1c6db87c,0x1c6ea28f,0x1c70f82a,0x1c71502b,0x1c71a3d1,0x1c727e1f,0x1c73d1e3,0x1c744b93,
  0x1c752aec,0x1c792d4f,0x1c7c0203,0x1c815e5e,0x1c847167,0x1c858ef4,0x1c85ba91,0x1c89f966,0x1c8bc027,0x1c8ccd72,0x1c8ed975,0x1c8f4f63,
  0x1c8fee9c,0x1c94ed2d,0x1c957a5c,0x1c96874c,0x1c96a490,0x1c96b996,0x1c98a627,0x1c9980a8,0x1ca21fc3,0x1ca509f0,0x1ca61c7c,0x1ca6957e,
  0x1ca75cb4,0x1ca76d8e,0x1ca789ee,0x1ca97812,0x1caa10d8,0x1caad8d6,0x1cac3c3c,0x1cad06ec,0x1cad677e,0x1cadb0db,0x1cae16bf,0x1cb0432e,
  0x1cb13159,0x1cb542bf,0x1cb6197a,0x1cb683ba,0x1cba3497,0x1cbbd2d4,0x1cbd4569,0x1cbf2411,0x1cbfbd16,0x1cc03f3e,0x1cc0b06c,0x1cc2b34d,
  0x1cc56cd7,0x1cc6af60,0x1cc74109,0x1cc75196,0x1cc86319,0x1cc89980,0x1cc8da2a,0x1cc9c03e,0x1cce0f8e,0x1ccfcd1c,0x1ccfdf35,0x1cd03264,
  0x1cd051c3,0x1cd05dbb,0x1cd39d52,0x1cd680c8,0x1cd73a50,0x1cd75308,0x1cd7721a,0x1cd84e2d,0x1cdb705c,0x1cdbb72d,0x1cdbd79c,0x1cde4b2d,
  0x1ce12b2d,0x1ce46ed9,0x1ce49b13,0x1ce5c09a,0x1ce78a51,0x1ceb5f1b,0x1cebf698,0x1cec8bd1,0x1cece3e3,0x1cee3244,0x1cf0227f,0x1cf02bfc,
  0x1cf3dee7,0x1cf61678,0x1cf6a190,0x1cf939b9,0x1cf976dc,0x1cf997b0,0x1cfc6a03,0x1cfed42f,0x1d01678d,0x1d01f4cc,0x1d040345,0x1d0482f6,
  0x1d06571b,0x1d0becd3,0x1d0ca97d,0x1d0f28d4,0x1d131a54,0x1d1789c6,0x1d17e32e,0x1d1c867b,0x1d24c5e5,0x1d257b42,0x1d2a8dbd,0x1d2b315f,
  0x1d31f40a,0x1d344811,0x1d369b6c,0x1d371585,0x1d3744f8,0x1d3a7921,0x1d3b0850,0x1d3bfda3,0x1d3dab2d,0x1d407ef8,0x1d40e42f,0x1d41f00e,
  0x1d474878,0x1d4bc89b,0x1d4fcf1c,0x1d50164e,0x1d50c34d,0x1d5308c7,0x1d53a10b,0x1d53b450,0x1d5600c3,0x1d59a57c,0x1d5bd0f4,0x1d5cc3a8,
  0x1d5da5d6,0x1d5dc2d2,0x1d5f6f8d,0x1d609e88,0x1d61ef22,0x1d630524,0x1d63b6d3,0x1d680828,0x1d6a1e0d,0x1d6cea7b,0x1d6ea6e3,0x1d6eaa25,
  0x1d729738,0x1d75f75d,0x1d782a59,0x1d7c1747,0x1d7fd733,0x1d8ab2e9,0x1d8b6632,0x1d92c75c,0x1d9568e8,0x1d977cc6,0x1d9818bc,0x1d9a5416,
  0x1d9d75e6,0x1d9d92ca,0x1da080dd,0x1da1ab28,0x1da23504,0x1da25eeb,0x1da55b43,0x1da60f7a,0x1da679bd,0x1da7da85,0x1da92ff9,0x1daa4e79,
  0x1dab6b2c,0x1dae044b,0x1dafaf3c,0x1db01521,0x1db181e6,0x1db23ae7,0x1db2f60c,0x1db671e8,0x1db7715b,0x1db79a78,0x1dbcbd23,0x1dbd444e,
  0x1dbf7f65,0x1dc2b4df,0x1dc3ca4f,0x1dc619ba,0x1dc6c685,0x1dc6d7f1,0x1dc82003,0x1dc977d1,0x1dca3bbd,0x1dcb52a0,0x1dcd45a3,0x1dcd6c95,
  0x1dcee757,0x1dd018e2,0x1dd028dc,0x1dd23243,0x1dd5d980,0x1dd7ab57,0x1ddaaaed,0x1ddb66cb,0x1ddbb323,0x1ddc9187,0x1ddd578d,0x1dde06be,
  0x1dde5760,0x1ddf325d,0x1de19cc7,0x1de68c60,0x1de815a8,0x1de87f2b,0x1deab9bf,0x1deb9fcd,0x1df96883,0x1dfaedc7,0x1dfcd113,0x1dfd5a2a,
  0x1e0252b9,0x1e043d21,0x1e05e393,0x1e06a42b,0x1e07a46a,0x1e08f6f1,0x1e0905fc,0x1e0b5407,0x1e0b9bdc,0x1e0fc3eb,0x1e11701f,0x1e124dc0,
  0x1e147baf,0x1e15b297,0x1e16aa84,0x1e16c5ad,0x1e1a50e7,0x1e1b29a7,0x1e1ca45a,0x1e1daff0,0x1e1db1b9,0x1e203aad,0x1e2169fa,0x1e21a2bf,
  0x1e22b91b,0x1e22ba42,0x1e25afa3,0x1e2606f5,0x1e26b7f0,0x1e28951a,0x1e28ac86,0x1e2a00be,0x1e2ad3e9,0x1e2c25c6,0x1e2c5639,0x1e2f52cc,
  0x1e2f95c1,0x1e31cef3,0x1e35b47a,0x1e380718,0x1e3ed891,0x1e40ea8b,0x1e4142a9,0x1e417fbf,0x1e44535c,0x1e44579d,0x1e454d1d,0x1e479651,
  0x1e47dcc5,0x1e4894df,0x1e48c719,0x1e49f870,0x1e4ecc5b,0x1e51a74e,0x1e52fc21,0x1e5367eb,0x1e5472aa,0x1e560b50,0x1e5634da,0x1e568356,
  0x1e568f8f,0x1e5ab64d,0x1e5b5212,0x1e5bef3f,0x1e5f0230,0x1e5f2921,0x1e5f2c5c,0x1e601c06,0x1e608b2d,0x1e608e1d,0x1e63391e,0x1e63e133,
  0x1e65942c,0x1e667055,0x1e699732,0x1e6b8ff5,0x1e70abd4,0x1e70bfb1,0x1e735669,0x1e759279,0x1e7829b4,0x1e7946a7,0x1e79591f,0x1e7ad916,
  0x1e7d6192,0x1e80dfdd,0x1e813606,0x1e83ccc9,0x1e85f8f8,0x1e86f915,0x1e880cef,0x1e88cf59,0x1e89d3a3,0x1e89d75f,0x1e8b51e4,0x1e8b84d1,
  0x1e8d5bd0,0x1e90a7f6,0x1e91cb85,0x1e927828,0x1e92df76,0x1e94de17,0x1e954ba8,0x1e95512e,0x1e982ac4,0x1e98a6b9,0x1e9d8db6,0x1ea1041a,
  0x1ea13f6e,0x1ea24c8d,0x1ea3073d,0x1ea3941c,0x1ea57dd8,0x1ea5c702,0x1ea7207e,0x1ea73880,0x1ea8a5bf,0x1eaa2e01,0x1eab7b14,0x1eac02ca,
  0x1eacc23f,0x1ead8414,0x1ead8d0d,0x1eba73d5,0x1ebdb216,0x1ebf2c97,0x1ebf5334,0x1ec06dd9,0x1ec1500a,0x1ec25062,0x1ec42794,0x1ec4b6c9,
  0x1ec5f987,0x1eca1e40,0x1ecbdd68,0x1ecdd6ee,0x1ece2019,0x1ecec1a2,0x1ecf4c1d,0x1ed12355,0x1ed15407,0x1ed38d4c,0x1ed3a188,0x1ed44e7f,
  0x1ed61815,0x1ed64257,0x1ed68213,0x1ed70286,0x1ed8c1da,0x1ed9bbb3,0x1eda61b0,0x1edcb008,0x1edcb959,0x1edd3914,0x1edf027d,0x1ee19ed8,
  0x1ee1efc5,0x1ee43d80,0x1ee9b8fd,0x1ee9fd78,0x1eecb283,0x1eed2585,0x1eef8c84,0x1eefda50,0x1ef1f262,0x1ef4cd40,0x1ef61779,0x1ef840f0,
  0x1efd203a,0x1f010e92,0x1f0231ca,0x1f024bd9,0x1f042f0d,0x1f06b288,0x1f06e0ee,0x1f0a090a,0x1f0a212c,0x1f0c24e6,0x1f1107ac,0x1f114d50,
  0x1f11b2f1,0x1f1207a0,0x1f12d368,0x1f15fb3f,0x1f16dc22,0x1f16f77b,0x1f17dfd6,0x1f187b3f,0x1f19cd78,0x1f1c8852,0x1f1d0aea,0x1f1e233b,
  0x1f24e32e,0x1f25b528,0x1f2ccc40,0x1f311b9b,0x1f32bf4b,0x1f33b492,0x1f34a0e9,0x1f34bbd6,0x1f355586,0x1f36ada8,0x1f3867cd,0x1f395fea,
  0x1f3ab72b,0x1f3bff89,0x1f3f1b6c,0x1f44bef5,0x1f45110c,0x1f46221f,0x1f4663dd,0x1f46f0da,0x1f47bd6f,0x1f499bb2,0x1f4b5146,0x1f4c3626,
  0x1f4db42b,0x1f4ee454,0x1f4fcd4f,0x1f54fe74,0x1f59f79d,0x1f5c534d,0x1f60bf7d,0x1f612347,0x1f63ce86,0x1f63ee2d,0x1f658932,0x1f65a5c6,
  0x1f66bef9,0x1f67c7ad,0x1f67d28a,0x1f690fdf,0x1f6bc080,0x1f6c9da2,0x1f71a9e5,0x1f724de8,0x1f7289c6,0x1f73046f,0x1f7497e1,0x1f781555,
  0x1f78d668,0x1f7a55b5,0x1f7c955e,0x1f7d9851,0x1f7f361c,0x1f814bd6,0x1f82e8a3,0x1f83a3c0,0x1f845f15,0x1f84e49c,0x1f85b807,0x1f8734ef,
  0x1f877eba,0x1f89aaab,0x1f8a573c,0x1f8c1ac0,0x1f8cacfb,0x1f8e46fc,0x1f903d5f,0x1f92b807,0x1f93bcf7,0x1f93bdd2,0x1f975dbf,0x1f9850ee,
  0x1f9a094e,0x1f9afb2f,0x1f9c0a89,0x1fa10dd1,0x1fa30d48,0x1fa4e87f,0x1fa522c4,0x1fa6c237,0x1fa7dc50,0x1fa93bf2,0x1fa96cd7,0x1fad1d75,
  0x1fad6d94,0x1fadfbee,0x1faf439b,0x1faf72cb,0x1fb34b46,0x1fb464aa,0x1fb4c889,0x1fb59d80,0x1fb7e290,0x1fb95326,0x1fbb628c,0x1fbcf9cc,
  0x1fc0eaf4,0x1fc2b119,0x1fc2b826,0x1fc4c804,0x1fc69d23,0x1fcbff37,0x1fcc287e,0x1fcf144e,0x1fd02e63,0x1fd0f3ac,0x1fd24559,0x1fd34bcf,
  0x1fd3eeb2,0x1fd4a6f4,0x1fd638d6,0x1fd6caa0,0x1fd75710,0x1fd8f09d,0x1fdc4ec4,0x1fdcf86e,0x1fde0a5e,0x1fe7966e,0x1feb3850,0x1febb47f,
  0x1fef8c90,0x1ff1a483,0x1ff1b6c3,0x1ff42be8,0x1ff63927,0x1ff95c0c,0x1ffcbf2d,0x1ffde0d0,0x1ffde99c,0x1fff4873,0x2000dd59,0x200236be,
  0x20041845,0x20058c2d,0x2005d25b,0x200648bb,0x200901f1,0x2009e717,0x200fe974,0x200fea2e,0x2010348b,0x20119236,0x201449aa,0x20155bf3,
  0x2016cbb8,0x2016d86c,0x2018ec95,0x201a09a6,0x201a5fcf,0x201cdf1d,0x20272e50,0x202825f7,0x20292725,0x2029a6e7,0x202bf35a,0x202e48ab,
  0x202ed092,0x20306d39,0x2034ae18,0x20369967,0x2036c42f,0x20397ce8,0x2039a3ce,0x2039ec68,0x203ad018,0x203c0c3e,0x203c7c48,0x203da0de,
  0x203e9c69,0x2040a61a,0x2040ff49,0x2043e350,0x20441ebd,0x20450109,0x20451fcc,0x2045df28,0x204605d9,0x2046a8db,0x204a0f46,0x204a5be3,
  0x204cd158,0x204d9890,0x204e0725,0x204e36e0,0x2050a87c,0x20521f94,0x205277e2,0x2054a18a,0x20569601,0x205be221,0x205e156c,0x205eecf9,
  0x205fd9e2,0x20619396,0x2061dda9,0x2062c594,0x2063988e,0x2063db1d,0x20672681,0x20677aeb,0x2069d418,0x206a41bc,0x206c433e,0x206cb923,
  0x206ddf9f,0x2071a7ad,0x207248d8,0x207252fc,0x207262ae,0x2073bbaf,0x20768c18,0x2076efa9,0x2077a69f,0x2078c67d,0x2078e210,0x2079e7cc,
  0x207a8655,0x207b8aa3,0x207bcc8c,0x207c1c71,0x207da775,0x207df205,0x20809e2c,0x20855680,0x20859696,0x2086539c,0x2086a98d,0x20884442,
  0x20899c1e,0x2089deb9,0x208c4c7a,0x208c69d3,0x208ed10c,0x20900cf0,0x20901658,0x2090c1a8,0x20914161,0x2093f86a,0x20951813,0x20981945,
  0x20997c3c,0x209dd581,0x209f374e,0x20a011e9,0x20a1e9fa,0x20a52935,0x20a94561,0x20aa0ef1,0x20ab1bf1,0x20abd6a2,0x20ac1868,0x20ac8d79,
  0x20ac989c,0x20ad2b8c,0x20afcc8f,0x20b2c61a,0x20b2e4c4,0x20b658ca,0x20b67e35,0x20b793f9,0x20b7f99e,0x20b951da,0x20bb3ebb,0x20bcb610,
  0x20bee8b6,0x20c30888,0x20c346dc,0x20c34f73,0x20c3d8b2,0x20c933c2,0x20c99373,0x20cad7a4,0x20cbbd58,0x20cd01ea,0x20cd165f,0x20cf8f0e,
  0x20d04ba3,0x20d06dcc,0x20d22cc4,0x20d260b4,0x20d3788c,0x20d3e33a,0x20d7683f,0x20d87ca7,0x20d92d01,0x20da4f2f,0x20dc63b0,0x20dd516e,
  0x20ddc8df,0x20de68cf,0x20dee2c4,0x20e1019e,0x20e15748,0x20e31f0c,0x20e5e602,0x20e6ba3d,0x20e8cfd2,0x20ea77fc,0x20ee45a2,0x20ef1eab,
  0x20f0193e,0x20f10334,0x20f1404e,0x20f2da92,0x20f3d4a9,0x20f48694,0x20f486f1,0x20f5ce5d,0x20f6285d,0x20f7870c,0x20fbce50,0x20fbf219,
  0x20fca42d,0x20fe6a81,0x210259ad,0x2102dc87,0x2104ec76,0x2104f9d0,0x2107bdae,0x2109f95c,0x210c3f7b,0x210e4768,0x2111923d,0x21121fa1,
  0x21145cdf,0x21151751,0x21160eec,0x21176d88,0x21183e71,0x21197615,0x211a4e84,0x211a60af,0x211ace7a,0x211b7319,0x211c78e9,0x21204c5c,
  0x2120b8a0,0x21254023,0x21263913,0x212b459b,0x212d5fab,0x21330b7f,0x21346693,0x21351589,0x2136ecb8,0x2139dd33,0x2139ff4c,0x213eace9,
  0x213f57ff,0x21458601,0x214698a0,0x214930ec,0x214963fb,0x21499f3f,0x2149c8b8,0x214c3707,0x214f5903,0x2150e9f8,0x2150ea97,0x2153579e,
  0x21544c2f,0x21555057,0x215587e9,0x215f35a5,0x21619067,0x21638aa6,0x2164724a,0x21661e7b,0x2168f40c,0x216b4cb4,0x216c014e,0x216c10ac,
  0x216c50b6,0x216d3b6a,0x216d79af,0x216db3c8,0x216e9b6d,0x21742a84,0x2174f80d,0x2175b98e,0x217899e5,0x21795e17,0x217b6944,0x217cb478,
  0x217d3063,0x217d9114,0x217de525,0x217e6555,0x217eb2bc,0x217fca59,0x217ffb08,0x218665cf,0x2188713d,0x2189875a,0x2189ec84,0x218bf420,
  0x218c673c,0x219106a0,0x2191d79d,0x21994908,0x219b008d,0x219c8fde,0x219eb006,0x219f1835,0x21a01f78,0x21a0951b,0x21a1053a,0x21a46206,
  0x21a54ac8,0x21a5d4b7,0x21a9d9d6,0x21aa8821,0x21ab6ee9,0x21ac1bbb,0x21addd75,0x21af7883,0x21b04b64,0x21b06aeb,0x21b8505f,0x21ba70b9,
  0x21bc6a27,0x21bed54a,0x21c022bc,0x21c2c22b,0x21c2d97f,0x21c45798,0x21c74266,0x21c76503,0x21c78f35,0x21c7b6c7,0x21cb1082,0x21cc2255,
  0x21cc32d9,0x21cdc456,0x21d03f25,0x21d07b3f,0x21d3107e,0x21d443f3,0x21d6a425,0x21d9ae49,0x21de9c82,0x21e30a65,0x21ebb25d,0x21ebd761,
  0x21edf83d,0x21f42b8e,0x21f46a17,0x21f4a3b1,0x21f6a204,0x21fa1770,0x21fa2153,0x21fb290e,0x21fdf968,0x21ff191e,0x2200625a,0x2200727b,
  0x220290ba,0x2204a3bf,0x2207afca,0x2208520a,0x220a770f,0x220c9f02,0x220fce0c,0x2210ef1e,0x2211cd1e,0x221408bf,0x2215eac8,0x22190d1c,
  0x221a368c,0x221a8da1,0x221ca405,0x221e5b0e,0x221f6c0f,0x222187d8,0x2221a42c,0x222232ed,0x222249d0,0x222360ee,0x2225a842,0x2226532c,
  0x2227d237,0x2228e070,0x2228f8a9,0x2229503d,0x222cdfb1,0x222d1ed8,0x222d6a91,0x222e1d06,0x222e5251,0x2231c0ef,0x2234ec5e,0x22362023,
  0x22362d8d,0x2238d514,0x223a2f4c,0x223d2351,0x223dbdb3,0x2241d16e,0x2242bfc1,0x22431b9f,0x2243992c,0x2245d151,0x22468a2b,0x22477952,
  0x22492397,0x224b9f1f,0x22520070,0x2253b27b,0x22550a3e,0x225658b9,0x22573578,0x2259e57f,0x225dfc70,0x22612cff,0x2262d93e,0x22630131,
  0x226396c5,0x22652a91,0x226755a9,0x22685c02,0x226b37f0,0x226ebf7b,0x227117df,0x22716afc,0x227176fc,0x22721705,0x2274a2dc,0x22757d25,
  0x227b7caa,0x227ba077,0x227bcf7c,0x227f67bf,0x2280d1d4,0x22815591,0x228638f8,0x2287abef,0x228865ea,0x228a6c21,0x228ac8e9,0x228c844c,
  0x228ec523,0x228ed508,0x228eec57,0x228f64ff,0x2292bf6c,0x2293400e,0x22944608,0x2295eb16,0x2298319c,0x22987206,0x2298f131,0x229ccb3c,
  0x229d8167,0x229dc368,0x22a1501c,0x22a31eca,0x22a4d3e0,0x22a55e28,0x22a9dc29,0x22ac2514,0x22ad0b15,0x22adda52,0x22ae1789,0x22b044cc,
  0x22b1510f,0x22b2193a,0x22b41bcd,0x22b59af1,0x22b5f0aa,0x22b632e0,0x22b66325,0x22b67047,0x22b703d7,0x22b99d43,0x22b9b472,0x22bd3da0,
  0x22bde78b,0x22bf4e19,0x22c06c5e,0x22c1e5a5,0x22c3019c,0x22c4d547,0x22c4f645,0x22c61154,0x22c65134,0x22c676b8,0x22c71109,0x22c8da9a,
  0x22c96ac3,0x22cb902b,0x22cc0544,0x22cc193b,0x22cf99da,0x22d1a63e,0x22d28ba5,0x22d4a62b,0x22d6c08d,0x22d79dcc,0x22d815af,0x22d8f36e,
  0x22d90655,0x22da540d,0x22db11ba,0x22dc7d34,0x22dd8256,0x22dd8501,0x22de39f1,0x22de9d34,0x22deaa75,0x22e1e4ac,0x22e4ccc3,0x22e737a3,
  0x22e80481,0x22eb53a4,0x22eb77fc,0x22ebd085,0x22f25255,0x22f83c62,0x22f8e8dd,0x22f958f8,0x22fbecc8,0x22fc094e,0x22fd1152,0x22fe6dff,
  0x22ff1190,0x22ff8bda,0x230676da,0x2307f2e4,0x2308a6d4,0x2308cb92,0x230aec59,0x230c4077,0x230cafa9,0x2315e206,0x2315f456,0x23177d56,
  0x2317d21a,0x231839fb,0x231d275a,0x231f7234,0x23213cb1,0x232194fe,0x2322378f,0x23229179,0x23234a82,0x2323d265,0x23258591,0x23262a64,
  0x2329d813,0x232b82f7,0x232dfbb5,0x232f097e,0x232f959b,0x23303b17,0x233040aa,0x2334034e,0x2334dac5,0x23354f25,0x2338512e,0x233e3d91,
  0x233e48b7,0x233e84fc,0x233e8809,0x233f1eaf,0x233f3549,0x233ff1b4,0x23400f99,0x23401a68,0x23420afe,0x2347387b,0x23483740,0x2349364c,
  0x23498e0c,0x234c6f56,0x234c7565,0x23566a43,0x2356974e,0x2356c190,0x235890a7,0x2358a694,0x23590782,0x2359bbd0,0x235a7ff9,0x23608f8d,
  0x236122d9,0x2361e9ce,0x2365fa04,0x236816b7,0x236825d0,0x23682652,0x2369ac20,0x236a18a2,0x236b23b2,0x236e762a,0x237108e6,0x23733580,
  0x2374b6e9,0x237529e4,0x23766399,0x23776bc9,0x237818e7,0x237b469a,0x237f56a9,0x23831206,0x23862aee,0x23867a4f,0x2386f2d2,0x238798c2,
  0x2389cb10,0x238b72bd,0x23940099,0x23940aac,0x23952432,0x23967443,0x2396e2ea,0x23981f4b,0x23993528,0x2399a041,0x239ad485,0x239b104c,
  0x239b2a1a,0x239c992f,0x239d32fa,0x239eade2,0x239f295f,0x23a0fdf0,0x23a1cf34,0x23a584bf,0x23a9f193,0x23aefe3f,0x23b24bc6,0x23b475d6,
  0x23b7a01e,0x23b8d5c9,0x23baf15c,0x23bd283e,0x23bda905,0x23c32a6e,0x23c47612,0x23c84c92,0x23cb35d8,0x23ce4eee,0x23d08d06,0x23d0db8a,
  0x23d129bd,0x23d14f50,0x23d2417f,0x23d3136c,0x23d5ac15,0x23d60a43,0x23d69094,0x23d9e1f3,0x23da6df2,0x23dd1729,0x23e105ce,0x23e1b106,
  0x23e55bd7,0x23e62a5d,0x23e89290,0x23e8fd29,0x23e9041a,0x23eb16ce,0x23ee057a,0x23f08306,0x23f10c4c,0x23f15878,0x23f28863,0x23f58d0f,
  0x23f59040,0x23f5dda0,0x23f7ca4b,0x23f8df0c,0x23f9020d,0x23fa3ce9,0x23fb3cad,0x23fcb53e,0x23fe58a2,0x23ff5d57,0x2401259a,0x24016700,
  0x24037d43,0x24048205,0x24049525,0x24074a43,0x2409c7d7,0x240d2687,0x240e2795,0x240e409c,0x240f7b84,0x24122e3a,0x2413ad94,0x24157753,
  0x2416064f,0x241930eb,0x241a29b9,0x241af546,0x24202e75,0x24206c29,0x24209bbe,0x2420a832,0x2422ec8a,0x2427baad,0x242a1460,0x242f225d,
  0x24313e60,0x24331022,0x2433b438,0x2436595f,0x2438a515,0x2439dd37,0x243a245b,0x243b9759,0x243c7d97,0x243d6169,0x243e1077,0x243e457e,
  0x244144da,0x2441e18a,0x24485220,0x2448cde5,0x244a26c2,0x244c852a,0x244d5fc8,0x24503705,0x2450abd2,0x24575181,0x245762a2,0x245a1b2f,
  0x245cf3a6,0x24607074,0x2460fda1,0x2461a127,0x2462311d,0x24626be4,0x2464215f,0x2465461d,0x2465e5e2,0x246844b6,0x24692496,0x2469f48a,
  0x246b19df,0x246eb3e9,0x2470e24e,0x2472c109,0x24734111,0x2473969c,0x24740681,0x2475ef5a,0x2478dd64,0x2479121e,0x24809dbb,0x24811461,
  0x2481ec0a,0x2482101f,0x24825d98,0x2482ee2d,0x2485f665,0x248bf1a4,0x248c1b62,0x248c6c98,0x248d9fda,0x24918eb1,0x2492db2a,0x2496f5ed,
  0x2497e3bd,0x2498417e,0x2498da52,0x249b83ee,0x249bb52d,0x249cfb08,0x249ddfd0,0x249fb0c2,0x249fd4bd,0x24a35eb6,0x24a845b6,0x24a849be,
  0x24ab5231,0x24ac9be3,0x24aeae8c,0x24afacca,0x24b11df1,0x24b2573e,0x24b32a73,0x24b394e1,0x24b4a454,0x24b4bf25,0x24b8366c,0x24ba4f2e,
  0x24bae7a0,0x24bc3892,0x24bca26c,0x24befc1b,0x24bf5357,0x24c13c3c,0x24c1a02f,0x24c615a9,0x24c7bd6b,0x24c99212,0x24ca6823,0x24ca6fcb,
  0x24ca7552,0x24ca9101,0x24cd3244,0x24cdba12,0x24cf4b30,0x24cf4e0c,0x24d0b742,0x24d2bc20,0x24d30e29,0x24d3794a,0x24d3f432,0x24d495f0,
  0x24d6ab73,0x24d772c3,0x24d7cd9a,0x24d80269,0x24d8d1ed,0x24dc4d7f,0x24dcbc5d,0x24dcc629,0x24ded62c,0x24ded6f9,0x24e18ee4,0x24e39f4b,
  0x24e85576,0x24ebb746,0x24ed3650,0x24eddda8,0x24ef842c,0x24efc268,0x24f06c86,0x24f08f92,0x24f30434,0x24f47a33,0x24f58755,0x24f9836d,
  0x24fcee79,0x24fe0693,0x25004e32,0x250516cf,0x25078778,0x2508ae9b,0x2509a4c1,0x250a2638,0x250b6cac,0x2510522b,0x251607d0,0x2519b972,
  0x251a1faf,0x251de4bb,0x251e0c9a,0x251f43a2,0x25205bd3,0x2520f3bb,0x252118c1,0x25213995,0x2527e164,0x252cc839,0x252d8e1b,0x252d9073,
  0x252d954d,0x252de711,0x2530819e,0x2532aae2,0x25355253,0x2535d734,0x253790f7,0x253ae94a,0x253ba4af,0x253de968,0x253e1b80,0x253f3062,
  0x25417345,0x254243c9,0x254593d4,0x2547e9a0,0x25480a3d,0x2548fbca,0x2549c336,0x254aa722,0x254ab27d,0x254d3cff,0x254e8024,0x254f9f5f,
  0x25509037,0x2550911b,0x2551a7a8,0x25544ef5,0x25553bd4,0x2555589f,0x25582139,0x255a06a9,0x255c3574,0x255deb24,0x255e5eed,0x255edbde,
  0x256081d4,0x2560a51a,0x2560f446,0x2564473b,0x25655a08,0x2567fdf4,0x256a7998,0x256a9c6c,0x256cfe9f,0x256e6300,0x256f2c2a,0x25745052,
  0x25778cf7,0x2577c206,0x2578512c,0x257a9137,0x257ad5e0,0x257cef73,0x257db4d0,0x257e01e4,0x257ff2b8,0x25804581,0x25812be1,0x2583355f,
  0x2585bb74,0x2585f8f0,0x2587a5b5,0x2588f96a,0x258905d7,0x258d8c0e,0x258e7e48,0x258ecfde,0x25912c84,0x2593f92d,0x2595bf2a,0x25966770,
  0x2597cc0b,0x259f4f29,0x25a0783e,0x25a114f2,0x25a3ba3a,0x25a3bbf3,0x25a45b6e,0x25a8136a,0x25a95af8,0x25a9ee8e,0x25aa8c8f,0x25aac916,
  0x25aaf106,0x25ab4041,0x25ad44fd,0x25ad9894,0x25ae121f,0x25ae23de,0x25af0978,0x25b435a5,0x25b549dd,0x25b609b9,0x25b76eb5,0x25b7c8dc,
  0x25ba071c,0x25ba752b,0x25bd2e9c,0x25be7361,0x25beb943,0x25c12ba4,0x25c2431c,0x25c305a1,0x25c35003,0x25c61122,0x25c76621,0x25c7aa4b,
  0x25c833b5,0x25c89b69,0x25caddae,0x25cb219e,0x25ccf07f,0x25d0c68c,0x25d50fb8,0x25d6518d,0x25d67539,0x25d73900,0x25d7a389,0x25d819c1,
  0x25d82ddf,0x25d9423c,0x25e025a3,0x25e2d13b,0x25e30292,0x25e345a2,0x25e4da7b,0x25e55a9c,0x25e55e99,0x25e587a3,0x25e93023,0x25ed5851,
  0x25ee6145,0x25efb14f,0x25f09ab0,0x25f13a0d,0x25f1d87b,0x25f212f9,0x25f37885,0x25f37ed8,0x25f3d7db,0x25f5c408,0x25f61b78,0x25f8b31c,
  0x25f9bf84,0x25f9cb2e,0x25fab86b,0x25fb4bf0,0x260007f9,0x2602abd1,0x26032430,0x26034432,0x2604b017,0x2607a05e,0x260a367d,0x260cd499,
  0x260d3c69,0x26121821,0x2612b80d,0x2614d8d0,0x2614f700,0x2618651e,0x26191ca6,0x261a4ccd,0x261aaf20,0x261c1c97,0x2622cbef,0x26234653,
  0x2624d856,0x2626be3b,0x2627645a,0x26283277,0x2629b305,0x262b84dc,0x262c1dc3,0x262d1f30,0x262dbd3d,0x263107d4,0x26316b8e,0x2637cf56,
  0x26391d2e,0x2639fb9e,0x263b2ad9,0x263bd0b1,0x263e5d6a,0x263edf84,0x263f07fc,0x264471c3,0x2645dd73,0x264616ec,0x26476ea7,0x2647928a,
  0x26480b2d,0x2649266a,0x264bd04a,0x264c84b7,0x264d3685,0x264d42f0,0x264d77f6,0x264e1059,0x264e5d70,0x264e8f53,0x26513b8e,0x2651b363,
  0x2655ac74,0x265682e2,0x2657a70f,0x26600f15,0x266438e5,0x266525c7,0x2668dec6,0x26697342,0x2669d8b6,0x266a7851,0x266bff3f,0x266d8f40,
  0x26719507,0x267271dc,0x26730afa,0x26747558,0x26749f6e,0x26763736,0x2679dad3,0x267b1074,0x267e8688,0x26821bf4,0x26845fd5,0x26861bca,
  0x268662ab,0x2687cf8e,0x26888a14,0x26892269,0x268a340d,0x268ab5fc,0x268d814b,0x268f90d9,0x26916b64,0x26924e47,0x26933cf5,0x2696a046,
  0x26971a4b,0x269bc290,0x269c2c40,0x269e0c45,0x26a0a656,0x26a140f7,0x26a144e8,0x26a2056e,0x26a26010,0x26a3d731,0x26a589e1,0x26a77f1c,
  0x26a77fbc,0x26a79400,0x26a79d07,0x26aabaaa,0x26ac6d93,0x26adfabf,0x26aed32a,0x26b08924,0x26b0bb48,0x26b0d341,0x26b328d1,0x26b35067,
  0x26b3ea03,0x26b409aa,0x26b41597,0x26b7414b,0x26b810f6,0x26b9b9ff,0x26ba9dbc,0x26baac92,0x26bb2775,0x26bb7b8e,0x26bf7827,0x26c1ed0a,
  0x26c37f3b,0x26c43393,0x26c58f59,0x26c83bfa,0x26c8dfa4,0x26c9cad7,0x26ca0dc5,0x26cc8af2,0x26cd3bb7,0x26d1e097,0x26d23f41,0x26d3b6e6,
  0x26d3f746,0x26d5fd13,0x26d617f1,0x26ded065,0x26e41de4,0x26e47426,0x26e4aed0,0x26e72e39,0x26e93003,0x26e93020,0x26ebd8d6,0x26ee2c2b,
  0x26ef5866,0x26efbc3b,0x26f2a80e,0x26f417cc,0x26f73c74,0x26f753bf,0x26fa5fe5,0x26fd414e,0x26fe9880,0x2702586f,0x2702a248,0x2703b116,
  0x27044949,0x27070540,0x2708cb0d,0x2709bfea,0x270a41fe,0x270a7717,0x270b4616,0x270d6a5b,0x270de0cc,0x2711cc6d,0x27150828,0x2715333c,
  0x271573fe,0x271a6496,0x271e686f,0x271e8c7a,0x272145b4,0x27225ef0,0x27247c52,0x27250526,0x2727da57,0x2728e7a9,0x2729fb43,0x272a5c12,
  0x272e122d,0x272f4cfd,0x27301e6c,0x27312ecc,0x273506c4,0x2737122d,0x27398eca,0x273ab822,0x273b5d4f,0x273bc987,0x273ca0d3,0x273cffba,
  0x2741b024,0x27428eff,0x27434927,0x2746d9e5,0x27474686,0x2747f31f,0x2748a7b8,0x274c6305,0x274c7da8,0x274d44fa,0x274e6c39,0x2750bcf8,
  0x2750c00b,0x27516bca,0x275171f2,0x27521259,0x27561bf5,0x2756a558,0x2757942a,0x27605608,0x27612f62,0x27631c79,0x27635f13,0x27636e6f,
  0x2764be4c,0x2765c397,0x2769de50,0x2769f535,0x276a4be2,0x276a739e,0x276c2bf1,0x276cb6a8,0x276cef68,0x276dfebb,0x276e61ea,0x277015f5,
  0x2770422b,0x2771866c,0x2772149a,0x27729a7f,0x27740b41,0x27748b62,0x2777a658,0x2777a7e5,0x2777df4e,0x2778279a,0x277901df,0x277b4026,
  0x277cd762,0x277dea09,0x277e839b,0x27813111,0x2781ec6f,0x27841ca3,0x2787bced,0x2787e574,0x2788a212,0x2789dc82,0x278a2045,0x278d2d1c,
  0x278e0ad8,0x27903653,0x2790d1b2,0x2791b1ea,0x2791e367,0x2792318c,0x2793e172,0x27959a7c,0x2797c172,0x27990ca9,0x2799a4ee,0x2799dda3,
  0x279cb842,0x279df262,0x27a01f7d,0x27a2a16b,0x27a5ba23,0x27a6b368,0x27a838c5,0x27a91159,0x27ad6a8a,0x27b32164,0x27b54333,0x27b5f22d,
  0x27b623d9,0x27b675a5,0x27bbad74,0x27bbbbbe,0x27bc477c,0x27bd8470,0x27be9e51,0x27c3b0f7,0x27c3b7bd,0x27c474d2,0x27c567e9,0x27c5b43f,
  0x27c71db2,0x27c74787,0x27c8d2a5,0x27c91b88,0x27ca227f,0x27cb3733,0x27d0f4b9,0x27d30a43,0x27d368fe,0x27d5c2d6,0x27d7e18c,0x27d83cec,
  0x27d85c3f,0x27dd22a7,0x27dd5b2c,0x27dea6ab,0x27df3597,0x27e18164,0x27e1ae32,0x27e1ce68,0x27e4387e,0x27e53def,0x27e7aa60,0x27e9d53e,
  0x27e9f274,0x27ec91b6,0x27ee3f87,0x27f0347a,0x27f110e6,0x27f3e644,0x27f428ac,0x27f45009,0x27f5ead0,0x27f64642,0x27f828e7,0x27f88c92,
  0x27f928b6,0x28012c19,0x28024db6,0x28036ca3,0x28044dc5,0x280487e3,0x28058f15,0x2807fdcd,0x28085871,0x280ac4b1,0x280acd20,0x280ad562,
  0x28103141,0x2812cc5b,0x281452d0,0x28149f5d,0x2817d192,0x2817ebba,0x2817f972,0x28199288,0x281cf06a,0x281effb4,0x2820a0a4,0x282132e6,
  0x28213a1d,0x28213ac2,0x28240eea,0x282bc0f0,0x282d94b7,0x282ec07e,0x283041a7,0x283234b0,0x2832fb0f,0x28332756,0x283328c4,0x28335028,
  0x28335202,0x2835bce0,0x28383f5d,0x283ab641,0x283bb702,0x283e058a,0x283e1310,0x283e145f,0x2841e20e,0x2843332b,0x2849164d,0x284ae96b,
  0x284bf2fd,0x284dde68,0x284eab17,0x28534ea5,0x28568ed7,0x285ab0a1,0x28615666,0x2861c620,0x28632b54,0x2864bbe2,0x2867e7a8,0x2869543c,
  0x286c383e,0x286e8a9a,0x2870dde3,0x2872f3de,0x2874235b,0x2876fce7,0x28781f3b,0x2878b674,0x287b4b04,0x287bcfa9,0x287ce2dc,0x287d7cbe,
  0x287d96c5,0x287e08e6,0x28803b29,0x2881dd94,0x28897421,0x288a2b90,0x288b7e13,0x2890db87,0x28922351,0x289a8e4e,0x289edcc8,0x28a07ad2,
  0x28a17810,0x28a2f712,0x28a8c0cc,0x28a9f01e,0x28ad9599,0x28afee92,0x28b25466,0x28b26406,0x28b2fc1b,0x28b5f17e,0x28b6553f,0x28b76ee6,
  0x28b7aa0b,0x28b99641,0x28baba3e,0x28babcee,0x28bb92e1,0x28bdade3,0x28bdf157,0x28bf08bc,0x28bfa0d3,0x28c2a65b,0x28c2cdcd,0x28c5dbec,
  0x28c62ccd,0x28c65c78,0x28c7df76,0x28c8f11f,0x28ca2ef3,0x28ccecc1,0x28cdf8f3,0x28cef30a,0x28cf7029,0x28d0a32d,0x28d18e6a,0x28d294c9,
  0x28d36cd9,0x28d4f38e,0x28d886aa,0x28db3ad4,0x28e08cad,0x28e40cfd,0x28e68ad0,0x28e81db5,0x28e8aaf5,0x28ea4f27,0x28eaaabd,0x28eb66f6,
  0x28edd6d5,0x28ef8bce,0x28f0b26a,0x28f15675,0x28f2b957,0x28f37f1d,0x28f417d2,0x28f6172e,0x28f7ebd6,0x28f89751,0x28f9cacd,0x28fadd96,
  0x28fe5dc4,0x28fec394,0x2900438c,0x290196f2,0x29044526,0x29057965,0x2909297a,0x2909a56d,0x290c50cf,0x290d8d36,0x290eeb54,0x291391f8,
  0x2916a32f,0x2916f92b,0x291701f0,0x291783a4,0x291a7349,0x291b4b2a,0x291b5f75,0x291c7316,0x291e3fab,0x291e499a,0x291ee583,0x291f335b,
  0x29200243,0x2920da1e,0x29269f09,0x292869ad,0x2928c481,0x2928d5ce,0x2929b4cb,0x292d697c,0x292f1bf7,0x29308dad,0x2930a195,0x2931eb93,
  0x2934242f,0x2934a7ce,0x29363870,0x29365181,0x29390343,0x293a06a4,0x293c374b,0x293f5791,0x2940ff74,0x29414c1b,0x2944a5bf,0x29475f8a,
  0x294b360b,0x294b453d,0x294c6950,0x294c700b,0x294c989f,0x294d0c93,0x294d7ff0,0x294d8a49,0x294e1f5f,0x294ed284,0x294f948d,0x2952368f,
  0x2952373d,0x295280de,0x29528cec,0x29534921,0x2958e452,0x295a99fd,0x295faa33,0x29604201,0x29621d62,0x29624f37,0x29666c3e,0x29688b03,
  0x296ac6e0,0x296aca78,0x297121e3,0x29726f05,0x29740434,0x2974d1c2,0x29777127,0x297a5395,0x297ab4f8,0x297d3203,0x297dae34,0x297f5421,
  0x297f8cf9,0x29809f43,0x29817c8a,0x2981f053,0x298264b8,0x2982794b,0x29851ad8,0x298a09da,0x298bab39,0x298d314d,0x298d54a1,0x298e901d,
  0x298eb2e8,0x298f3854,0x29907734,0x2991e262,0x2993fa7d,0x299acde0,0x299cca45,0x299cdb07,0x299d59f1,0x29a04a98,0x29a0cc51,0x29a21e11,
  0x29a3289c,0x29a3b5c7,0x29a4393f,0x29a4c738,0x29a6a9b6,0x29a78d75,0x29a841b2,0x29aac36c,0x29ab558f,0x29ad64ba,0x29ad7f5b,0x29afc55a,
  0x29affb74,0x29b04c23,0x29b05bb4,0x29b2b30f,0x29b4a45f,0x29b61eaa,0x29b64165,0x29b79676,0x29b8fce8,0x29bb5d88,0x29c0cfe6,0x29c48bda,
  0x29c51dca,0x29c558f9,0x29c7ef78,0x29c90624,0x29cc3fb6,0x29cd43cb,0x29cd801c,0x29cf57fd,0x29d058a8,0x29d1eeb5,0x29d46cd4,0x29d4e631,
  0x29dacd40,0x29db77b7,0x29e07bfd,0x29e30326,0x29e400d9,0x29e97c6b,0x29ed556b,0x29edfc66,0x29ef4fdf,0x29f07d13,0x29f0ca8e,0x29f2e40b,
  0x29f31192,0x29f63d22,0x29f69de2,0x29f74685,0x29f808a9,0x29f9c110,0x29fa2347,0x29fafedd,0x29fece00,0x29ffc3a9,0x29ffcc88,0x2a018628,
  0x2a01beb2,0x2a03d3e0,0x2a0462ab,0x2a05ed63,0x2a0669e7,0x2a08f9ea,0x2a0d7e8f,0x2a10aebc,0x2a15c6bf,0x2a187afa,0x2a1e5324,0x2a1eae07,
  0x2a1f01c2,0x2a20da33,0x2a2151b4,0x2a2366d2,0x2a24376d,0x2a288e66,0x2a29187e,0x2a2d98a2,0x2a2e7ed2,0x2a2f290a,0x2a2f9298,0x2a337375,
  0x2a33fae8,0x2a358638,0x2a372206,0x2a3757a1,0x2a378b15,0x2a37defe,0x2a389ad2,0x2a3a62c6,0x2a3bffc0,0x2a3ee5bf,0x2a4257ad,0x2a429350,
  0x2a446505,0x2a448097,0x2a454437,0x2a4ee98c,0x2a52bbbf,0x2a52ebab,0x2a53d63a,0x2a561aca,0x2a589a0d,0x2a593820,0x2a5aa361,0x2a5b0b4c,
  0x2a5e0eec,0x2a5f7329,0x2a626234,0x2a629ab2,0x2a633495,0x2a65caec,0x2a65d54d,0x2a671979,0x2a672728,0x2a6768f8,0x2a67f80d,0x2a6bea2c,
  0x2a729440,0x2a7463a7,0x2a78ee95,0x2a797739,0x2a79821c,0x2a79e31e,0x2a7a538d,0x2a7a6a6e,0x2a7c0f38,0x2a7c82dc,0x2a7cbc8d,0x2a7e1517,
  0x2a7e3d93,0x2a7ed103,0x2a800bc5,0x2a80f57f,0x2a82257c,0x2a838561,0x2a8572e8,0x2a8a16b1,0x2a8a1955,0x2a8a8c11,0x2a8ca234,0x2a8e80cf,
  0x2a8ed642,0x2a91b3a9,0x2a931196,0x2a96cc5d,0x2a96fd78,0x2a97dd42,0x2a989b41,0x2a991ed8,0x2a9d1dd2,0x2aa029e9,0x2aa13689,0x2aa2a244,
  0x2aa2e433,0x2aa4ae9a,0x2aa4de78,0x2aa4fa68,0x2aa817f9,0x2aabbdb5,0x2aac0ee3,0x2aacbd52,0x2aacf00d,0x2aafaf2f,0x2aafe05c,0x2ab27470,
  0x2ab44402,0x2ab7b4bd,0x2ab9b80d,0x2abaa03c,0x2abdb42e,0x2abdd69e,0x2abf1107,0x2ac8c26d,0x2acab25a,0x2acadc8b,0x2acbc5f1,0x2acc2ce3,
  0x2acdd301,0x2acec577,0x2ad05514,0x2ad3115a,0x2ad313e4,0x2ad3b391,0x2ad4ed24,0x2ad5d385,0x2ad604d9,0x2ad714c8,0x2ad89033,0x2ad910b6,
  0x2ad98020,0x2adb903e,0x2adcd703,0x2add3fe0,0x2add6017,0x2ae079ab,0x2ae2f559,0x2ae7e5f3,0x2ae97948,0x2ae9dfd2,0x2aec2923,0x2aecf00b,
  0x2aefad1b,0x2af37486,0x2af38306,0x2af4632f,0x2af67b86,0x2af6cefa,0x2af86b13,0x2afc132e,0x2afc465f,0x2afc6e45,0x2afd12d5,0x2b010884,
  0x2b01ea22,0x2b024d12,0x2b063a87,0x2b063e64,0x2b071c07,0x2b07721a,0x2b090b70,0x2b0e8414,0x2b0fc32e,0x2b10d7c5,0x2b10edaa,0x2b151a60,
  0x2b163b3c,0x2b190f81,0x2b1aad67,0x2b1e4f0d,0x2b1f07ae,0x2b20343c,0x2b21975d,0x2b221b9e,0x2b224040,0x2b226848,0x2b22750a,0x2b228121,
  0x2b259e48,0x2b26876a,0x2b2880ba,0x2b28cec1,0x2b29f03a,0x2b2a90c9,0x2b2de35f,0x2b2fe5f2,0x2b32b72e,0x2b339785,0x2b34a356,0x2b3749f9,
  0x2b394264,0x2b3a7148,0x2b3b4096,0x2b3e1eae,0x2b41ccdc,0x2b42659f,0x2b431dd1,0x2b446ac9,0x2b4743b4,0x2b4777c4,0x2b47b27b,0x2b4a0d84,
  0x2b4a5e05,0x2b4afd1c,0x2b4b0d42,0x2b4c7145,0x2b4e5a8d,0x2b50ea70,0x2b511333,0x2b5240a4,0x2b56c9c8,0x2b5e1a14,0x2b5e2c14,0x2b5ead6f,
  0x2b60f582,0x2b61a880,0x2b6280c7,0x2b6583c2,0x2b68559c,0x2b68a513,0x2b6a7436,0x2b6dd693,0x2b717fd1,0x2b732ba9,0x2b745c20,0x2b74870e,
  0x2b75443c,0x2b7584bb,0x2b766e83,0x2b76c41d,0x2b791729,0x2b7a0642,0x2b7a0722,0x2b7d3a87,0x2b7dfd30,0x2b8046dd,0x2b80ee12,0x2b811c76,
  0x2b81e495,0x2b836451,0x2b83b3ba,0x2b84318e,0x2b890cb5,0x2b8949ff,0x2b897222,0x2b913536,0x2b915eba,0x2b91e3bd,0x2b93ac61,0x2b9450d0,
  0x2b9593a8,0x2b97a9fb,0x2b983f3f,0x2b997dd7,0x2b9a8888,0x2b9a9f46,0x2b9bc791,0x2b9e4bb4,0x2b9f9be0,0x2b9ff68b,0x2ba0569c,0x2ba0e3cf,
  0x2ba3e68f,0x2ba40351,0x2ba5ad91,0x2ba70256,0x2bab6475,0x2baccecd,0x2bb0b955,0x2bb0ecf4,0x2bb38353,0x2bb3d543,0x2bb49c61,0x2bb5a84f,
  0x2bb61faf,0x2bba954b,0x2bbdefbd,0x2bbfac14,0x2bc25b9e,0x2bc58e1b,0x2bc65678,0x2bc6a21e,0x2bc79079,0x2bcae84c,0x2bcb017e,0x2bce6d5a,
  0x2bd0c4f6,0x2bd13169,0x2bd2e2dd,0x2bd3907a,0x2bd56fe5,0x2bd7624f,0x2bd7ef68,0x2bd8ff01,0x2bdac325,0x2bdc385f,0x2bdcad5b,0x2bdd1d6f,
  0x2bdd8530,0x2bde2cae,0x2be2a338,0x2be71117,0x2be8f2c8,0x2beaa35f,0x2bec069b,0x2bec6295,0x2becfaac,0x2bed7758,0x2bedefda,0x2befd200,
  0x2bf03407,0x2bf17e2f,0x2bf4fc67,0x2bf6f8ef,0x2bfa71ab,0x2bfc9504,0x2bfcd79e,0x2c00782a,0x2c007a10,0x2c02b862,0x2c036149,0x2c036427,
  0x2c047244,0x2c049fcb,0x2c056676,0x2c05771e,0x2c08e36e,0x2c08e614,0x2c09a20e,0x2c0a40c9,0x2c0b8261,0x2c0ccc29,0x2c0e2b7c,0x2c0e8ddf,
  0x2c10fd78,0x2c119cf7,0x2c11c9d7,0x2c1275e2,0x2c127bc7,0x2c183d16,0x2c186a6f,0x2c189077,0x2c18eb2a,0x2c18fa84,0x2c19095b,0x2c19c4fe,
  0x2c1ea46a,0x2c2044f2,0x2c2083ab,0x2c211e71,0x2c21c2ec,0x2c23b073,0x2c23d09f,0x2c246e33,0x2c24b115,0x2c257194,0x2c273b95,0x2c282f3a,
  0x2c29dcec,0x2c2c3e82,0x2c2c9043,0x2c2f89fa,0x2c31b402,0x2c322c61,0x2c3291f1,0x2c354464,0x2c3548de,0x2c35c73e,0x2c374fea,0x2c37a1a4,
  0x2c38d48b,0x2c3a563f,0x2c3d67cc,0x2c3dff25,0x2c3f1ce6,0x2c3f539b,0x2c40cf37,0x2c416b2e,0x2c442c4d,0x2c45d389,0x2c46069e,0x2c4949e0,
  0x2c4b16ce,0x2c4b3d27,0x2c4c70ec,0x2c4e1d16,0x2c53c85a,0x2c547ae4,0x2c54abe4,0x2c558ada,0x2c581fb1,0x2c5883df,0x2c5a3260,0x2c5a38b4,
  0x2c5b235a,0x2c5bc073,0x2c5d18ae,0x2c5e1449,0x2c606dc0,0x2c62531f,0x2c636960,0x2c65d630,0x2c66c62b,0x2c68b1a5,0x2c6a4d82,0x2c6b6d6d,
  0x2c6bf9bf,0x2c6c9fa1,0x2c6d608c,0x2c6f72d8,0x2c713430,0x2c743a5f,0x2c746e80,0x2c747968,0x2c748071,0x2c74b284,0x2c75d33b,0x2c7605bf,
  0x2c77631a,0x2c789b45,0x2c7ad273,0x2c7af340,0x2c7b29c8,0x2c7b387e,0x2c7db61d,0x2c808f83,0x2c830c91,0x2c846976,0x2c86ca29,0x2c882de3,
  0x2c89b3a5,0x2c8bba68,0x2c8c2a7c,0x2c8e5493,0x2c90fe00,0x2c925a70,0x2c938dee,0x2c9578c7,0x2c967516,0x2c974395,0x2c9751d1,0x2c97631a,
  0x2c99bede,0x2c9b29ef,0x2c9c3f87,0x2c9dbb33,0x2c9e308a,0x2ca2dd5c,0x2ca3989e,0x2ca60d29,0x2ca71849,0x2ca9fe1c,0x2cae1644,0x2caedbd8,
  0x2caf3375,0x2cb03420,0x2cb094e1,0x2cb37b9b,0x2cb3e6c8,0x2cb5bc89,0x2cb5e69a,0x2cb6b794,0x2cb6b864,0x2cb78169,0x2cbaa65d,0x2cbc6ebe,
  0x2cbd522d,0x2cbdd804,0x2cbe3264,0x2cbe8a3d,0x2cbecd85,0x2cc3182a,0x2cc363b7,0x2cc59a70,0x2cc5c158,0x2cc61177,0x2cc6b851,0x2cc9f581,
  0x2cce6a6d,0x2cce8132,0x2cd2d107,0x2cd8d33f,0x2cdf9810,0x2ce04786,0x2ce12af6,0x2ce350ef,0x2ce4b8d5,0x2ce597f1,0x2ce8029e,0x2ce92a4d,
  0x2cf133d5,0x2cf14410,0x2cf78cac,0x2cf8af2c,0x2cfb0f0e,0x2cfbaada,0x2cfbce49,0x2d01b009,0x2d029237,0x2d030028,0x2d03abcc,0x2d0424ac,
  0x2d0567c5,0x2d064cee,0x2d06c08f,0x2d094585,0x2d0a97fe,0x2d0c929f,0x2d0f145e,0x2d1064ec,0x2d110d78,0x2d137a61,0x2d14ce89,0x2d1a0679,
  0x2d1ae0bc,0x2d1c05df,0x2d1c2b08,0x2d1d540d,0x2d2543ba,0x2d27288a,0x2d2b4e30,0x2d2c9379,0x2d2daf75,0x2d2f5953,0x2d35ae05,0x2d392a83,
  0x2d39b47c,0x2d3babb6,0x2d3c0f0d,0x2d3c679e,0x2d3ca84a,0x2d3e7688,0x2d443c37,0x2d444299,0x2d45fd80,0x2d466021,0x2d48509b,0x2d48e1d7,
  0x2d4ad5c4,0x2d4c794b,0x2d4d3842,0x2d4f3257,0x2d50b3f7,0x2d52136d,0x2d5345f5,0x2d5815e4,0x2d586476,0x2d594cfa,0x2d5a0bf3,0x2d5c2be3,
  0x2d5e2268,0x2d5ed22d,0x2d606e8a,0x2d626f31,0x2d6280e5,0x2d6299ae,0x2d64ca92,0x2d65ef50,0x2d665801,0x2d678f86,0x2d6791bc,0x2d69a613,
  0x2d69cd58,0x2d6e0c94,0x2d6f8d4e,0x2d6ff9c3,0x2d74d69b,0x2d796c02,0x2d79984c,0x2d7c1051,0x2d7cb03b,0x2d7ef0d9,0x2d7f64f0,0x2d80fdac,
  0x2d8291b9,0x2d83255d,0x2d83a48a,0x2d840066,0x2d84254d,0x2d8acc90,0x2d8dd124,0x2d8dedac,0x2d8ef024,0x2d8f418c,0x2d8fafd2,0x2d907cbc,
  0x2d933e9a,0x2d961740,0x2d98a1a7,0x2d98a9a7,0x2d996615,0x2d9a38da,0x2d9c066c,0x2d9d1804,0x2d9ed6e6,0x2da19200,0x2da374c6,0x2da43519,
  0x2da5c86d,0x2da5fb12,0x2da645e3,0x2da66155,0x2da75ff3,0x2da8cfcd,0x2dabc8e6,0x2dad6c32,0x2dadda44,0x2db0772d,0x2db2a576,0x2db5e17d,
  0x2db6ceec,0x2db9295d,0x2dba7d85,0x2dbbc00e,0x2dbd82e3,0x2dbead09,0x2dc243dd,0x2dc32753,0x2dc3bd5f,0x2dc6123b,0x2dc6c30b,0x2dc76b06,
  0x2dc89356,0x2dc95c66,0x2dce2daf,0x2dd0e0c9,0x2dd13586,0x2dd1b1a6,0x2dd1bebe,0x2dd4f028,0x2dd5b897,0x2ddca3ea,0x2de0a041,0x2de2c77c,
  0x2de404f4,0x2de4e233,0x2de718de,0x2de72e4a,0x2de7a56d,0x2dec293f,0x2def3fdf,0x2df0fed6,0x2df2ec37,0x2df3d812,0x2df4d852,0x2df5280d,
  0x2df592b5,0x2df65056,0x2df719b5,0x2df74102,0x2dfac98c,0x2dfbe0cb,0x2dffe9a2,0x2e018bf5,0x2e025af5,0x2e0300a1,0x2e03905f,0x2e069b29,
  0x2e070ce7,0x2e087611,0x2e0877dc,0x2e098058,0x2e0a6e4c,0x2e0a9345,0x2e0b2d07,0x2e0b3968,0x2e0b4a53,0x2e12895b,0x2e12d86e,0x2e1345f8,
  0x2e178131,0x2e17caf9,0x2e17e4bc,0x2e1bd057,0x2e1c6043,0x2e1de1f8,0x2e201f00,0x2e205004,0x2e2062f7,0x2e21e81b,0x2e21f6a7,0x2e236195,
  0x2e25a9b2,0x2e2893bc,0x2e289b60,0x2e2b8230,0x2e2b93a8,0x2e32603b,0x2e3315d2,0x2e34a590,0x2e35e6e4,0x2e3602e8,0x2e395c2c,0x2e3bf0d6,
  0x2e3ee0f9,0x2e417608,0x2e417692,0x2e41c709,0x2e4248d6,0x2e45a800,0x2e49a506,0x2e49abf2,0x2e4c6951,0x2e4c9590,0x2e4e7e6a,0x2e4f4365,
  0x2e51fe6c,0x2e520b94,0x2e53cb8d,0x2e587cb1,0x2e59129a,0x2e5abefc,0x2e5be039,0x2e5d1838,0x2e5f2356,0x2e60ece9,0x2e61436b,0x2e628190,
  0x2e63825b,0x2e672805,0x2e68822c,0x2e691030,0x2e69f660,0x2e6a256c,0x2e6adc98,0x2e6b6b78,0x2e6c7b9f,0x2e6cd697,0x2e6db2ad,0x2e6dd589,
  0x2e6ecf15,0x2e721731,0x2e73aff6,0x2e74a237,0x2e75c615,0x2e763709,0x2e763f25,0x2e765179,0x2e769022,0x2e782213,0x2e7c2b95,0x2e82145e,
  0x2e82dc66,0x2e8555f1,0x2e8cd0be,0x2e8d0588,0x2e91da0c,0x2e932b57,0x2e9334b2,0x2e95cbba,0x2e96167b,0x2e97dda4,0x2e9836e4,0x2e985fb4,
  0x2e98a6d6,0x2e98c29e,0x2e9aec49,0x2e9d06c6,0x2e9e18b6,0x2e9e6d11,0x2e9fc311,0x2ea18628,0x2ea3ed3f,0x2ea5e732,0x2ea7ca8e,0x2ea7d08a,
  0x2ea8fe75,0x2ea9e94f,0x2ea9ee8e,0x2eaadf35,0x2eacb73c,0x2eaeb594,0x2eb1588b,0x2eb29d51,0x2eb2f31f,0x2eb3eb41,0x2eb58946,0x2eb754c2,
  0x2ebac84e,0x2ec452b1,0x2ec4fa89,0x2ec542a4,0x2ec6cc7a,0x2ec8dfaa,0x2ecacd64,0x2ecdda0f,0x2ed1bae0,0x2ed3327c,0x2ed35a3a,0x2ed78f4c,
  0x2ed92173,0x2eda153f,0x2edb0f59,0x2edc3ad8,0x2edc7937,0x2ee0204e,0x2ee03b29,0x2ee08799,0x2ee1ebb6,0x2ee2034c,0x2ee225cd,0x2ee2bcc7,
  0x2ee2f547,0x2ee98a8a,0x2eece610,0x2eed0412,0x2eed6b49,0x2eee7b29,0x2eee7e14,0x2ef16929,0x2ef2f3e3,0x2ef63c5b,0x2ef6984e,0x2ef89265,
  0x2ef8ebe4,0x2ef9a725,0x2efbb5d1,0x2efccaee,0x2efee157,0x2f009ee8,0x2f00df8e,0x2f01119e,0x2f07b7b0,0x2f08486b,0x2f0921ec,0x2f0cecc4,
  0x2f0d5f2d,0x2f114546,0x2f140ff5,0x2f1561f0,0x2f15a8da,0x2f1625cd,0x2f1669be,0x2f174f77,0x2f177aae,0x2f17b346,0x2f18de8f,0x2f198500,
  0x2f1cecc8,0x2f1d5b8f,0x2f21265f,0x2f224b27,0x2f23b740,0x2f24495f,0x2f255ee3,0x2f25c65a,0x2f263097,0x2f271a63,0x2f2aeaf7,0x2f324a71,
  0x2f33ead7,0x2f35bb1a,0x2f36fcda,0x2f38d688,0x2f3c7c18,0x2f3f1c2f,0x2f3ffe1f,0x2f422e02,0x2f426f6b,0x2f4439e7,0x2f454fcf,0x2f462057,
  0x2f466661,0x2f477fdc,0x2f47d976,0x2f48b5c5,0x2f4aec25,0x2f4d2ecf,0x2f4e6d62,0x2f53ccfb,0x2f541e1e,0x2f54d307,0x2f55749b,0x2f55a30a,
  0x2f57c0ed,0x2f59cba9,0x2f5b0639,0x2f5bb597,0x2f5bbf3f,0x2f5d166a,0x2f611033,0x2f62d7af,0x2f630891,0x2f6960d2,0x2f6a6066,0x2f6b1f66,
  0x2f6bc5e5,0x2f6d2fd2,0x2f6e7a2d,0x2f6f0c2f,0x2f7236fa,0x2f73f590,0x2f75a955,0x2f76ef2f,0x2f792333,0x2f7c9020,0x2f7e3bfc,0x2f80bbdd,
  0x2f815d59,0x2f81ca3c,0x2f823a21,0x2f830520,0x2f848683,0x2f87b945,0x2f881090,0x2f884a14,0x2f8b3240,0x2f8c14cf,0x2f8defda,0x2f8e88f1,
  0x2f8ee66f,0x2f930bd3,0x2f93a1b9,0x2f96f2b2,0x2f97e207,0x2f997ada,0x2f99eb5c,0x2f9afc32,0x2f9bcd13,0x2f9cb232,0x2f9dc257,0x2fa11fac,
  0x2fa15fbf,0x2fa60fa9,0x2fa971ae,0x2fad15cf,0x2fb0544b,0x2fb2ed17,0x2fb3413b,0x2fb6d59a,0x2fb7c4c6,0x2fb8aaa8,0x2fbc4041,0x2fbcee6f,
  0x2fbd4316,0x2fc107cf,0x2fc47f2b,0x2fc73db8,0x2fcae381,0x2fcb3f66,0x2fcc3199,0x2fcc6980,0x2fcf2a92,0x2fcfa916,0x2fd0b470,0x2fd3217f,
  0x2fd68ec6,0x2fd8715b,0x2fd915a8,0x2fdbed66,0x2fe1a154,0x2fe3ae04,0x2fe71f4d,0x2fe92657,0x2fe9a62a,0x2fefa308,0x2ff09c16,0x2ff245b2,
  0x2ff373b6,0x2ff65cce,0x2ff74711,0x2ffb802a,0x2ffc7bbf,0x2ffd0418,0x2ffee27a,0x2fff98fd,0x30005a63,0x3002f211,0x3003b082,0x300521ae,
  0x30061e35,0x300687aa,0x3006d34a,0x3009f401,0x300cdc6e,0x30107edf,0x3010aeaf,0x3011913d,0x3012f321,0x3013d78c,0x3015423f,0x301608e3,
  0x30171e2e,0x301a64f3,0x301a6cd3,0x301b2d1d,0x301bb229,0x301e07be,0x3022cb8a,0x3022e7a2,0x30233361,0x3023bc1c,0x3025301c,0x3028a50a,
  0x302aaafe,0x302b2830,0x302bb3f4,0x302d0a8e,0x302ecf9f,0x303093c0,0x3033cb7d,0x30341e2f,0x303433b6,0x30351a00,0x303b10ee,0x303c1b2e,
  0x303e7ea7,0x303f8706,0x304599c6,0x3047eba5,0x304a5188,0x304c288d,0x304c8927,0x304dfd54,0x304e8661,0x304eb949,0x304f740c,0x30518751,
  0x305385e7,0x305457ce,0x3054cfe2,0x30554200,0x30584e4e,0x3059133e,0x3059165d,0x30598267,0x3059a59d,0x305abb59,0x305e533c,0x305f92fd,
  0x30606d59,0x306227a4,0x30633d53,0x3064f51d,0x30667efd,0x30693910,0x306b9bf1,0x306bd246,0x306cc14e,0x306fdff8,0x30709ea5,0x3071ddbd,
  0x3076ae9c,0x3076f8f1,0x30776c18,0x307972c0,0x307cc9cf,0x3080d2f5,0x3081ab69,0x30837608,0x3083881e,0x30847311,0x3087f9b8,0x308a8fed,
  0x308ac880,0x308b414a,0x308b9809,0x308d9f7e,0x308e5494,0x30929a5b,0x30932ea2,0x30943e72,0x30945c08,0x30963a45,0x3096ea84,0x3097cbfc,
  0x309868df,0x3099375a,0x30999379,0x3099def1,0x309be3e1,0x309eed4e,0x30a1702b,0x30a73919,0x30a8042e,0x30a99a4f,0x30aa62c2,0x30aeaf6a,
  0x30af04a6,0x30af243f,0x30b58b0e,0x30b9191b,0x30bbfccd,0x30bca987,0x30bd20cf,0x30bdd3df,0x30c0a6e6,0x30c31d82,0x30c3ced5,0x30c42a4d,
  0x30c5786a,0x30c71d1c,0x30c823b2,0x30c9caef,0x30c9df54,0x30ca152e,0x30cc2e3d,0x30cc6585,0x30cd5e45,0x30ce851d,0x30d040f5,0x30d04e34,
  0x30d24709,0x30d2f487,0x30d3882f,0x30d7c9a0,0x30d88645,0x30d9daf5,0x30da2d6d,0x30de49e5,0x30deb927,0x30dfb1b5,0x30e1db4f,0x30e4442d,
  0x30e448ca,0x30e539ca,0x30e949c3,0x30edbf8d,0x30efb9a3,0x30f0ed40,0x30f74225,0x30f8b413,0x30f94f1a,0x30fa841b,0x30fbdfad,0x30ff8b94,
  0x31015ee4,0x3101ec92,0x3104e222,0x3105476b,0x31061b4f,0x31070b07,0x3108f657,0x310908db,0x310a330e,0x310bb089,0x310f8969,0x31110d18,
  0x31122cf9,0x31125d14,0x31136083,0x31153209,0x31178ccd,0x3118ce8b,0x3119232d,0x3119b8dd,0x311a86c1,0x311c4b3a,0x311ec32b,0x311fb09e,
  0x311fbb51,0x3120ce7f,0x31210d2e,0x312189e9,0x31252b72,0x3126a235,0x31281896,0x31296515,0x312d1d03,0x312e0eff,0x313563c7,0x3138c245,
  0x313b0031,0x313d59ac,0x313f2c51,0x314008c9,0x31409c2f,0x31415a9c,0x3143eb8d,0x31447217,0x314668dd,0x31470713,0x31497aba,0x314bf83c,
  0x314bf900,0x314e3cbf,0x314ea8fd,0x31501f05,0x31510069,0x3151b047,0x315263c4,0x31526d19,0x31539755,0x3155af0c,0x3155ba9f,0x3158db68,
  0x315b75fd,0x315b97b1,0x315bf5e0,0x315c7450,0x315dfc4b,0x315e14b7,0x315fdfe6,0x3160e5fa,0x31627a3b,0x3162acb5,0x3162bcfc,0x3162ecd9,
  0x316857c8,0x316f5bf7,0x31700977,0x317199bd,0x3173dc46,0x3174e91e,0x31754cf1,0x3176b120,0x3178acf5,0x317958ec,0x317a81ea,0x317c1204,
  0x3180509e,0x318477cd,0x31859e0c,0x3186740e,0x3188d1d5,0x31892ff8,0x31898254,0x31909e68,0x3190f911,0x31934b54,0x319353a5,0x31952265,
  0x3196a3eb,0x319a951e,0x319c0893,0x319d2d78,0x319f8cbf,0x31a28353,0x31a31a77,0x31a3e6e9,0x31a3fadc,0x31a4a6fe,0x31a8e95d,0x31a97573,
  0x31a9d68d,0x31ab854d,0x31abcf7b,0x31ad6236,0x31adaef1,0x31add8a6,0x31b1d570,0x31b7683a,0x31b7f358,0x31ba4418,0x31bb50b2,0x31bbb6da,
  0x31be3d2d,0x31bf4fbc,0x31bf7940,0x31c68c1a,0x31c6b4a2,0x31c77b3e,0x31c90af1,0x31cc4994,0x31d09487,0x31d2b684,0x31d4b654,0x31d526a8,
  0x31d5aba7,0x31d71b35,0x31d71ef7,0x31d75387,0x31d91c78,0x31daefeb,0x31db045a,0x31dc8a22,0x31dd0128,0x31e07710,0x31e27601,0x31e2f9d4,
  0x31e630d7,0x31e81ed1,0x31e8be4a,0x31f130f5,0x31f1b125,0x31f27963,0x31f398ff,0x31f589dd,0x31f663ef,0x31f70240,0x31f88005,0x31f8c945,
  0x31f9598b,0x31fa6961,0x31fb6ad9,0x31fc4ab1,0x31fcd1f0,0x31fd235a,0x31feb452,0x31fed6ee,0x320114f9,0x320471c4,0x3204b04e,0x3204fb72,
  0x3207633b,0x320871e6,0x3209cac3,0x320a8319,0x320bf921,0x320f2c8a,0x320fbe5b,0x3211bd7f,0x3215cf81,0x32163115,0x3217bb82,0x321baf1a,
  0x321c619b,0x321db7c0,0x321ee304,0x3220e710,0x3221de37,0x32220ab0,0x32232a7b,0x32265d73,0x32278656,0x3229075d,0x322a7895,0x322beb08,
  0x322df02c,0x322ed60b,0x322ee34e,0x322f8fc0,0x32319291,0x32319eeb,0x3232ead5,0x3233e852,0x3234f88c,0x3235d1fa,0x323695cc,0x3236f0a5,
  0x323aeb19,0x323b2ade,0x323c3805,0x323dc5b0,0x323e111e,0x323f7bd4,0x3240adb8,0x3242191a,0x32431af1,0x32440f75,0x3244c6d6,0x32457ef9,
  0x324604c6,0x32465fce,0x324bc20a,0x324ce5d4,0x324d22c7,0x324d4edc,0x324d8c31,0x324e59d0,0x324e72b6,0x32500cc4,0x325156b9,0x3253ba37,
  0x3254722d,0x32555017,0x3255e395,0x3258d4da,0x32592399,0x325f0148,0x325f0327,0x32604bd2,0x32615eb0,0x32624cbe,0x3263a32f,0x3266a907,
  0x32687e13,0x32690585,0x326c69aa,0x326ed935,0x326f38a6,0x327059a2,0x3272754f,0x32736011,0x3276c5cd,0x32789868,0x327990a1,0x327c2979,
  0x327c8db4,0x3280881f,0x32811f68,0x3281bad8,0x32850052,0x3285734f,0x328ad0c9,0x328bc0ad,0x328d36c8,0x328d636b,0x328f0c82,0x328f39f2,
  0x328f606e,0x32906d76,0x3290d79c,0x3293f63c,0x32950a54,0x329565d0,0x3296d3dd,0x32986fe4,0x3298862a,0x3298ae0b,0x329b6fb1,0x329eb52a,
  0x329ee8e1,0x32a1fdab,0x32a6088f,0x32a702eb,0x32a70a53,0x32a805b9,0x32b41ed0,0x32b4c4c9,0x32b55055,0x32b599ac,0x32b67ebb,0x32b6ed8b,
  0x32b7eaa7,0x32bf5212,0x32bf85b3,0x32bff52e,0x32c13e44,0x32c397f7,0x32c3d645,0x32c3e5f7,0x32c4e347,0x32c7beb4,0x32c7f065,0x32cdcc1a,
  0x32d01020,0x32d0d8b0,0x32d12bb2,0x32d3ed49,0x32d41548,0x32d560ff,0x32d71df0,0x32d91201,0x32ddc17e,0x32deff8c,0x32e0571d,0x32e20b6d,
  0x32e2573b,0x32e311d6,0x32e49515,0x32e8e421,0x32e9d9eb,0x32ea05e5,0x32ea9f31,0x32ee608a,0x32f4998a,0x32f83450,0x32f9007d,0x32f9f2d2,
  0x32fa50cf,0x32fb5627,0x33017bbb,0x330220d6,0x33023f7d,0x33072d30,0x33080a40,0x330b7325,0x330eae13,0x330f357b,0x330fd247,0x331068ad,
  0x33106d78,0x3311b82f,0x33150f3b,0x3317ebc0,0x331a8973,0x331b8e4a,0x331bf838,0x33220b7d,0x332302c2,0x332618a2,0x332a388d,0x332b197e,
  0x332bb030,0x332e4292,0x332ed87e,0x33303136,0x33310a80,0x3331c649,0x33363b9f,0x3336e95f,0x3336f592,0x3338154f,0x33385db8,0x333b8080,
  0x333ccd3c,0x3342d73e,0x33430b7a,0x33434228,0x3343ac2e,0x33455988,0x33477aad,0x334cd001,0x334da19a,0x334db6b0,0x3351c7fa,0x3352cc19,
  0x33542d41,0x3354634a,0x3354832b,0x3355f7ba,0x335c8b97,0x335cd966,0x335ceb45,0x335ef981,0x335fc440,0x3360b559,0x33638617,0x33647de2,
  0x33670c2f,0x33672522,0x3367de40,0x336a745e,0x336d916d,0x336db8f8,0x336e2a1b,0x336ea025,0x336eeb25,0x3370fa33,0x3371a90b,0x33733d6c,
  0x3375777e,0x33759903,0x3375c2ce,0x33774def,0x3379898d,0x337be15a,0x337d4042,0x338162f0,0x33817c2c,0x338312f2,0x33835ca3,0x338b3ade,
  0x338bb2bb,0x338c2f7a,0x338f77c4,0x338fab90,0x338ff8c4,0x3395abbf,0x33966bb5,0x33981654,0x33981da9,0x339824ef,0x33996d65,0x339972e7,
  0x339fe6dd,0x33a3c46a,0x33ab55fb,0x33adcfd2,0x33af5732,0x33b05c6f,0x33b0d44e,0x33b19d94,0x33b29625,0x33b3fec4,0x33b6461e,0x33b647d5,
  0x33b69963,0x33b97d31,0x33bb8748,0x33be62f9,0x33bf4a2b,0x33c030f7,0x33c0b668,0x33c524d4,0x33c63c22,0x33cc0a2c,0x33cd8fd4,0x33d197ce,
  0x33d26cbb,0x33d4abc7,0x33d6c9d7,0x33d79167,0x33db78fb,0x33dc8031,0x33de8af5,0x33df148c,0x33e08f3b,0x33e1b65f,0x33e1ded8,0x33e2a191,
  0x33e30e54,0x33e32e7a,0x33e40a59,0x33e609af,0x33e66a32,0x33e7a158,0x33f3726d,0x33f3d2a5,0x33f54d77,0x33fa7446,0x33fb6872,0x33ffaa38,
  0x34020d9a,0x34023816,0x340385eb,0x34066721,0x34076958,0x340953ca,0x340a03a4,0x340b9d8b,0x340c4d99,0x340c95e3,0x340d5b3e,0x340de014,
  0x341037cc,0x34110864,0x3411a992,0x34125e96,0x341312ad,0x3417a8e9,0x3417c509,0x341822f9,0x341a195e,0x341b9e97,0x341cf134,0x341ddf61,
  0x342064d9,0x3420e23e,0x3421e397,0x34234c85,0x34242cc3,0x34243828,0x3427742a,0x342a59dd,0x342f5967,0x34319cdb,0x3435c6e5,0x34383ec4,
  0x3439bd21,0x3439cc27,0x343bc4e3,0x343d15db,0x34424733,0x3442af44,0x3444178b,0x34447b0a,0x3447386a,0x344879f6,0x34488c8c,0x344a66e8,
  0x344ab295,0x344ccd17,0x344cf4d8,0x34511161,0x3455d392,0x34566bac,0x345763e5,0x3458499c,0x34585209,0x3458c422,0x34591808,0x34599757,
  0x345ada35,0x346024dd,0x346463fb,0x3466839e,0x346abf12,0x34739c06,0x3477222d,0x34791918,0x3479258b,0x347a4500,0x347b1cc3,0x347c53c5,
  0x347d4ab5,0x3480367e,0x3484687a,0x348583f3,0x348b3ed5,0x348b7607,0x348bfcc7,0x348c3656,0x348c460f,0x348cde1d,0x348e78ab,0x348f62df,
  0x348f79f5,0x348fc9f4,0x3492f836,0x3492fb5a,0x3495743d,0x3498b603,0x3498fd51,0x34990550,0x349b3056,0x349cbc91,0x349cfe94,0x34a0fe28,
  0x34a3abda,0x34a68e6e,0x34a78a26,0x34a84ed2,0x34a99f08,0x34b4b26e,0x34b51e52,0x34b5b7ec,0x34b68000,0x34b71b5e,0x34b781a1,0x34ba6a1c,
  0x34baf71e,0x34bc3644,0x34bcd25d,0x34be6b6d,0x34bfc31d,0x34c0bbcd,0x34c1e757,0x34c28176,0x34c65b29,0x34c69658,0x34c934ad,0x34ca673c,
  0x34cadc81,0x34cc544b,0x34cc78fe,0x34d27471,0x34d342ae,0x34d388e1,0x34d39ff9,0x34d49149,0x34d5531c,0x34d6b836,0x34d71d89,0x34dad039,
  0x34daeedd,0x34e1f98a,0x34e1fe4e,0x34e39cdd,0x34eabd42,0x34ec8663,0x34ed3ec6,0x34ee1925,0x34efcc8d,0x34f081a5,0x34f383fc,0x34f3e11e,
  0x34f3f086,0x34f45e98,0x34f81574,0x34fa1a9d,0x34fa7e34,0x34fc9a29,0x3504d884,0x3504ddc1,0x35053246,0x350ac9df,0x350e130b,0x350ff3fe,
  0x3510a54c,0x35111cd8,0x3517aa6d,0x351baf9f,0x351bb779,0x351d95be,0x351d95c8,0x351e00a1,0x352025a5,0x35206522,0x35215b1d,0x3524746c,
  0x352611a3,0x35277efe,0x352cbb31,0x352f77ef,0x35308770,0x35368d3f,0x353b6316,0x353e2944,0x35413e3c,0x35434d61,0x35458fcf,0x35469d0b,
  0x3547c814,0x354b023d,0x354beb06,0x354bf9df,0x354cb31b,0x3552fc1a,0x355317b3,0x355402c6,0x355448ff,0x35546456,0x3554a159,0x3554afee,
  0x35553fb9,0x35573c73,0x35575211,0x355943f0,0x3559fcfe,0x355c2746,0x355c6d22,0x355c9101,0x355ce45a,0x355eb343,0x355ec14b,0x355f99e9,
  0x3560b70c,0x3561eb38,0x3566e663,0x3568eec1,0x356bacff,0x356d0665,0x356e1c5c,0x356f4a60,0x356fa84c,0x35708874,0x35739824,0x3575a6f3,
  0x35767fae,0x3576c15f,0x357853c8,0x357a487d,0x357ae454,0x357e51b3,0x3584ae3f,0x3585822a,0x3585ab0e,0x3585f672,0x3589d1fb,0x358acfd3,
  0x358ba21c,0x358cda1a,0x358d6fe6,0x3590392f,0x3591ca4a,0x35935579,0x3593d9eb,0x3593e4ef,0x3594d8cb,0x359525b5,0x359b14db,0x359cdf25,
  0x359ed5b2,0x359ed830,0x359fa7bf,0x35a16b78,0x35a4eb39,0x35a9d745,0x35aa2a83,0x35ab7ed6,0x35abd996,0x35acf3ca,0x35ae4f9a,0x35af61ff,
  0x35aff9c3,0x35b03909,0x35b0e561,0x35b11f49,0x35b2c662,0x35b6e852,0x35b7cd1f,0x35bbe99d,0x35bcb14e,0x35be3926,0x35bed6fb,0x35bf34ef,
  0x35c08579,0x35c164da,0x35c29040,0x35c2ec06,0x35c42e70,0x35c46987,0x35c67d5a,0x35c7589a,0x35c86e70,0x35c8b284,0x35cb7531,0x35d152fb,
  0x35d26cc8,0x35d38fed,0x35d83a3f,0x35da4ae5,0x35dbb461,0x35de7de5,0x35dedbb5,0x35e0f500,0x35e1e77f,0x35e6043a,0x35e930ca,0x35eb7ac3,
  0x35ec8f9a,0x35eebae4,0x35eed865,0x35f36ee0,0x35f3abc3,0x35f3ff4f,0x35f46ed6,0x35f88853,0x35f8ce34,0x35fadfd2,0x35fc4a48,0x35fe5813,
  0x35fe951e,0x35ffee4c,0x3603874f,0x3603ac6d,0x36049116,0x36097c1b,0x360a7e2a,0x360db8c7,0x360ef6b1,0x3610a6c9,0x36126dbd,0x36132cb3,
  0x36150ce9,0x361591aa,0x3617c369,0x3618dc4e,0x361907c8,0x361a7d92,0x3622cd14,0x3623b789,0x3624012b,0x3624f4cb,0x3627d02d,0x36298744,
  0x362b2ab9,0x362d419b,0x362e4c68,0x362ee72b,0x362f0383,0x362f9925,0x36322f09,0x36345a96,0x36347e51,0x3637213d,0x363758a6,0x363a82d8,
  0x363b8888,0x363bdbfe,0x363ef817,0x3640c6e0,0x3640de36,0x3643a8a1,0x36448cc1,0x3647af89,0x3648d627,0x364afc35,0x364d22b7,0x364d4f24,
  0x364e4d53,0x3651ad88,0x36532827,0x365504f2,0x365516b9,0x365520f9,0x3656b482,0x3659c0e3,0x365b4709,0x365da4fd,0x36611557,0x3662b3eb,
  0x36647f53,0x36659bc2,0x3665d5d8,0x366e1e1a,0x366e38df,0x366e9e06,0x36703297,0x3674e31c,0x36770550,0x3677ae33,0x3677c600,0x367d888a,
  0x367e07f7,0x367f3bed,0x3681b0d1,0x36834032,0x368d41e6,0x36924c4e,0x3693db9b,0x36946a4d,0x36959e02,0x3695c9b6,0x3697d13c,0x36999f4f,
  0x3699b182,0x369a90df,0x36a00094,0x36a02811,0x36a04f5f,0x36a09556,0x36a13702,0x36a139c7,0x36a1fe9b,0x36a28c43,0x36a2a4ba,0x36a2ec12,
  0x36a74d2e,0x36a7a720,0x36a94f10,0x36a97002,0x36ab2954,0x36ac736f,0x36ad3080,0x36ada20e,0x36aee0ee,0x36af5cf9,0x36af6c7e,0x36b22f93,
  0x36b48e63,0x36b51181,0x36b6b940,0x36b7bea7,0x36b93ad1,0x36bad636,0x36be52f1,0x36c072fb,0x36c19d7e,0x36c1a04a,0x36c405f5,0x36c4e42f,
  0x36c5afa0,0x36c619a4,0x36c8755b,0x36c8d904,0x36c9dca1,0x36cc0279,0x36ccdeb4,0x36cd3bc5,0x36cd64b8,0x36cfa8ae,0x36d02cac,0x36d1f184,
  0x36d39b0e,0x36d5e4c5,0x36d63825,0x36d70d58,0x36d84afc,0x36d971ca,0x36dc4f5c,0x36de8b04,0x36defd28,0x36e011d7,0x36e2220d,0x36e2347e,
  0x36e26ade,0x36e52417,0x36e7cf71,0x36e87708,0x36e89480,0x36eb754e,0x36eee2b1,0x36f11142,0x36f28e1d,0x36f29204,0x36f45d98,0x36f59115,
  0x36f615b1,0x36f6f203,0x36f7074c,0x36f8cf0e,0x36f9f2e8,0x36fae0ae,0x36fb89e1,0x36fba5f2,0x36fdb171,0x36fe0326,0x36fe1ff4,0x370483a8,
  0x3704a0ef,0x370668f9,0x370aba11,0x370ad759,0x370bfccd,0x370c3798,0x370e73be,0x370e7f47,0x370e899d,0x370ea34e,0x371234fa,0x37143733,
  0x371c9e97,0x371cdd5e,0x371fbf7e,0x372493a0,0x3725b8fe,0x372664f6,0x3726988c,0x3729f0f4,0x372d0337,0x372e1a65,0x3730626d,0x37309097,
  0x37320123,0x37333fe0,0x37345114,0x3735911e,0x3735fdc3,0x3736ae3f,0x3737e846,0x3739169d,0x37395da0,0x373d2e20,0x3740ea07,0x3744e3de,
  0x3746fedc,0x374e2584,0x374fd3ce,0x3752cc0d,0x3753b529,0x3753fba1,0x3754becd,0x3754dd53,0x37582156,0x375923e3,0x3759fd22,0x375dfeea,
  0x375f4514,0x375ffce1,0x3762d1f8,0x37632ca7,0x376332cb,0x3764ecff,0x3766f329,0x376844af,0x376aa110,0x376b1891,0x376d09c5,0x376e41ee,
  0x376fd662,0x377063f6,0x37726b09,0x3773806d,0x3773a6dd,0x3774e020,0x37751d1f,0x3776975d,0x3776d066,0x3777f2d8,0x37798859,0x377a77ac,
  0x377aa12a,0x377c7a49,0x377e2a1c,0x377f5938,0x37861ea9,0x37871f52,0x3788ceef,0x378d09d0,0x378da031,0x37901931,0x379158eb,0x3791fc5b,
  0x37921ac1,0x37928618,0x3798dc57,0x3799102d,0x379baea1,0x379d8015,0x379eb05e,0x379f1c80,0x37a0ec6b,0x37a2b480,0x37a653e7,0x37a74b45,
  0x37a9dd11,0x37ac7d9c,0x37af2795,0x37b3f553,0x37b88465,0x37b8da6b,0x37bd5a22,0x37be625c,0x37bf34d5,0x37c1e82b,0x37c28d3f,0x37c31c92,
  0x37c32d99,0x37c5bf58,0x37c7924f,0x37c82085,0x37ca5549,0x37ca7d6f,0x37cd5dfa,0x37cfdb11,0x37d0c22b,0x37d2214d,0x37d4b4c5,0x37d50e5f,
  0x37d62bf4,0x37d63845,0x37db79db,0x37dbbca5,0x37dc40bb,0x37df2d60,0x37df559f,0x37dfca78,0x37e124cb,0x37e26d71,0x37e30b54,0x37e39faa,
  0x37e475ca,0x37e81540,0x37e89b39,0x37ea0551,0x37ea1b20,0x37eadda2,0x37ec4ba8,0x37edc597,0x37ee3e63,0x37ef4204,0x37ef7d6b,0x37f147e5,
  0x37f42942,0x37f56b72,0x37f5cc33,0x37f71fef,0x37f9f4f6,0x37fa11a3,0x37ffaf64,0x38020b4a,0x38025dbb,0x3803571d,0x38047657,0x38053329,
  0x380550a2,0x38077f25,0x3809f7c6,0x380b0ad2,0x380b9ed0,0x380c555c,0x380c9c5e,0x380fd278,0x380fff04,0x38129078,0x3812cc5e,0x3815a1b3,
  0x381718df,0x38179729,0x3817c159,0x38184bb3,0x3818fdf8,0x38191157,0x381b438a,0x381d0a79,0x381d5123,0x3822187d,0x38281063,0x382b296e,
  0x382da83d,0x383328f5,0x38333a72,0x3833583a,0x3833c2d4,0x383460dd,0x383a67f8,0x383c1c8f,0x383cfb48,0x3840bdf4,0x3841629e,0x3841b574,
  0x38442555,0x3845ab33,0x3846d49e,0x3847d548,0x3848457d,0x384c38f3,0x384c853d,0x384feecf,0x3851820f,0x3852a8ee,0x3853183c,0x38554392,
  0x385ad9d0,0x385c4407,0x385cf848,0x385de101,0x385e601f,0x3861d255,0x38628886,0x3863d309,0x38647ef1,0x3866d8ab,0x3868e07f,0x38698bb9,
  0x386a7b4c,0x386dccb9,0x386e851c,0x386ee622,0x386ef7d3,0x386f4bcf,0x386fe10e,0x38712b90,0x3871ba26,0x3873a87a,0x3873a9a8,0x3874d827,
  0x38772ec9,0x3878fd20,0x3879c8f9,0x387aa99a,0x387ab64e,0x387b2d51,0x387b62d3,0x387b8c5a,0x3880f041,0x38818d5a,0x38827def,0x3882e050,
  0x3882eef7,0x3882f185,0x388393c1,0x3883aff0,0x3883d2ac,0x38868bde,0x3886fe99,0x3888c293,0x388b6a24,0x388c809b,0x38938c66,0x3894ba0a,
  0x3895fdb3,0x3896ae27,0x3897e011,0x38992827,0x389a4add,0x389c8dbd,0x389da115,0x389e8bac,0x389ee053,0x389f05ac,0x389f0738,0x38a42814,
  0x38a5b1d1,0x38a785b3,0x38a8c76d,0x38aad603,0x38ac6320,0x38ac80aa,0x38adf2d2,0x38b3855c,0x38b6a0ed,0x38b6ee39,0x38bb309f,0x38c0b2c7,
  0x38c589fa,0x38c6fb93,0x38c92763,0x38ce34ca,0x38d1ed07,0x38d38222,0x38d510fe,0x38d68e63,0x38d7e32b,0x38d7e715,0x38d8d9f4,0x38d9d893,
  0x38da3fa2,0x38dae0ec,0x38dc3290,0x38dcf40c,0x38de3320,0x38de68f6,0x38def4be,0x38e0f9b0,0x38e51666,0x38e66973,0x38e695e9,0x38e75c65,
  0x38e78e63,0x38ee574d,0x38f37f4b,0x38fb2cd0,0x38fb4b9b,0x38fd9e1f,0x38ffded7,0x38fff04c,0x3901eee2,0x390572b0,0x3907d1ce,0x39089781,
  0x390a1203,0x390af9c9,0x390ca990,0x390d147e,0x390e1693,0x390e57bc,0x390ff9e3,0x3912be5b,0x3913d647,0x39140cb1,0x39143ca9,0x39149d84,
  0x391522f0,0x3916c1f3,0x391914c4,0x391ce488,0x391d4c07,0x391f9771,0x39222b5c,0x39225869,0x39245f57,0x392545da,0x3925c17b,0x392bb43b,
  0x392be40d,0x392bee4b,0x392c023c,0x392d43ed,0x39310914,0x393194fb,0x3931a10d,0x3932596b,0x39340ab0,0x3934ff5f,0x39384cb8,0x3938d940,
  0x393bc48a,0x393c299b,0x3944da66,0x39464de6,0x39469528,0x39478ef6,0x39486e4a,0x39495788,0x394cc714,0x394fbbec,0x39511de2,0x3951b801,
  0x3952e5e2,0x3954672b,0x3954a7a6,0x3955e6d1,0x395631ff,0x3956c2aa,0x39573198,0x3957feee,0x39588e20,0x395bb5f3,0x39601fe5,0x3961c3e7,
  0x3961f2d0,0x39687ace,0x3968a7de,0x3968c8cd,0x39695543,0x3969d3a7,0x396a4f0a,0x396a63bf,0x396f5079,0x3973b011,0x39777841,0x397b19a5,
  0x397b52db,0x397c726d,0x397ef704,0x39826768,0x3983cbba,0x39878af2,0x3988225f,0x398895d9,0x398a3372,0x398aaea5,0x398b13b2,0x398b4e82,
  0x3991b5d1,0x39928dff,0x3994997e,0x39952d6d,0x39958dc3,0x3996cc4c,0x399fe8c8,0x39a12592,0x39a34a03,0x39a486d5,0x39a7b19a,0x39aabb1d,
  0x39abb562,0x39ae5eee,0x39aff2f8,0x39b1529f,0x39b29e8a,0x39b4597f,0x39b78984,0x39ba276c,0x39ba3181,0x39bc5729,0x39bd728c,0x39c34df9,
  0x39c49410,0x39c624b5,0x39c73fc8,0x39c74609,0x39c84261,0x39c89f14,0x39c8b956,0x39c912e8,0x39c9c6f6,0x39cbee4b,0x39cc0399,0x39cc58c8,
  0x39ce220d,0x39cea371,0x39cf2b7f,0x39d25467,0x39d3ad6d,0x39d3f63d,0x39d6c7fb,0x39d8bd8a,0x39da4119,0x39dd5cc5,0x39df0946,0x39df89b6,
  0x39e04985,0x39e44259,0x39e5bad0,0x39e6a19a,0x39e825c0,0x39ea9f2f,0x39eac77f,0x39ef35f5,0x39f1ec97,0x39f34df3,0x39f370c4,0x39f5bae1,
  0x39f646d7,0x39f74141,0x39f874d8,0x39f9762b,0x39fcfdd2,0x3a00b8d4,0x3a027a9b,0x3a039ebb,0x3a04fe6a,0x3a067716,0x3a079b36,0x3a09695c,
  0x3a096c5d,0x3a0bf124,0x3a0d54c6,0x3a0e3cea,0x3a1114ef,0x3a11e53f,0x3a124860,0x3a12c4a0,0x3a1733a8,0x3a17ce19,0x3a1aadb7,0x3a1ad28c,
  0x3a1e469d,0x3a1e563a,0x3a2013e2,0x3a2026d4,0x3a208577,0x3a22cfc3,0x3a237e3a,0x3a285645,0x3a298b22,0x3a29f1ff,0x3a2a1669,0x3a2c0990,
  0x3a2d2fbd,0x3a2dd4b2,0x3a2f7b0f,0x3a30ef04,0x3a32607b,0x3a330e5b,0x3a33e472,0x3a3556d9,0x3a36013a,0x3a360923,0x3a369e81,0x3a3a250a,
  0x3a3e66a2,0x3a3f9977,0x3a43aa80,0x3a453529,0x3a4aa16a,0x3a4d7bcd,0x3a4db2b3,0x3a519b26,0x3a520af2,0x3a53477b,0x3a54bf42,0x3a568c4e,
  0x3a58a4e0,0x3a5a73e7,0x3a5da1d9,0x3a5e53e8,0x3a5e6e58,0x3a614007,0x3a61f9bc,0x3a629865,0x3a63911f,0x3a663983,0x3a664357,0x3a686e80,
  0x3a7074b0,0x3a70a01e,0x3a70bdf4,0x3a71a364,0x3a730990,0x3a736528,0x3a761f18,0x3a76beea,0x3a778b1f,0x3a7986fa,0x3a7f75c5,0x3a80071c,
  0x3a812822,0x3a82d75b,0x3a855b63,0x3a87b686,0x3a87fc6f,0x3a885a51,0x3a8bd6de,0x3a8fb9f2,0x3a91dde2,0x3a927cda,0x3a93f204,0x3a95683f,
  0x3a9840a8,0x3aa1cd4c,0x3aa20833,0x3aa3fe2c,0x3aae346d,0x3ab050cc,0x3ab1e491,0x3ab2e10f,0x3ab34cee,0x3ab4192a,0x3abb4c2f,0x3abe49ca,
  0x3abf3676,0x3abf45d5,0x3ac499cd,0x3acb59c8,0x3acba20e,0x3acc0622,0x3ad0d3a6,0x3ad5c293,0x3ad81278,0x3ada5ebf,0x3adb2a0d,0x3adcb226,
  0x3adea871,0x3ae334d4,0x3ae5183c,0x3ae59c3b,0x3ae8ae59,0x3ae8cad6,0x3aebb495,0x3aecd529,0x3aed052a,0x3aeed800,0x3af33a78,0x3af525bd,
  0x3af55538,0x3af60ddb,0x3af686df,0x3af7a18c,0x3af7fdc2,0x3af84202,0x3af87e9d,0x3af8fa99,0x3afa06cf,0x3afa3414,0x3afaba6c,0x3afadb24,
  0x3afdcd5b,0x3afe56ca,0x3afeb682,0x3b03e23f,0x3b0429ef,0x3b05b67e,0x3b06fac3,0x3b0a8c87,0x3b0ad520,0x3b0b8114,0x3b0df33e,0x3b0e10a2,
  0x3b0ec0c1,0x3b0ef38a,0x3b10b82d,0x3b10dfb9,0x3b11100d,0x3b144ebd,0x3b14dc0d,0x3b150540,0x3b15ceef,0x3b1abde9,0x3b1de66d,0x3b204a43,
  0x3b204a59,0x3b204da4,0x3b23310f,0x3b242b5a,0x3b24c2c1,0x3b261712,0x3b27c1d6,0x3b282c3b,0x3b289428,0x3b297d49,0x3b299a5c,0x3b2a74a2,
  0x3b2acf8a,0x3b2c3239,0x3b2cc8c8,0x3b2d792b,0x3b2f3eea,0x3b2fa03c,0x3b303bdd,0x3b325da5,0x3b33b8e7,0x3b34e5e6,0x3b3639f7,0x3b37ea58,
  0x3b39a4dc,0x3b3aa0ac,0x3b3bb793,0x3b3c20ae,0x3b3cc2a1,0x3b3d51b7,0x3b3eda5d,0x3b3f7d50,0x3b43dc21,0x3b4490cd,0x3b44da8e,0x3b45fd24,
  0x3b46c7f5,0x3b47bd0c,0x3b49a7b8,0x3b4ab049,0x3b4b6807,0x3b4c3a64,0x3b4e5805,0x3b4e98db,0x3b4ed2aa,0x3b53c5c1,0x3b553a13,0x3b55b513,
  0x3b572807,0x3b584da7,0x3b5c2675,0x3b5f9ccb,0x3b605f90,0x3b60c4ab,0x3b61664b,0x3b6521f5,0x3b65c7d3,0x3b667ca4,0x3b670c93,0x3b672b9b,
  0x3b689f87,0x3b6d6ae8,0x3b701d30,0x3b71181d,0x3b7155af,0x3b729c0d,0x3b7411d4,0x3b77f02b,0x3b780802,0x3b794e37,0x3b79a66f,0x3b7a4bba,
  0x3b7ae35e,0x3b7cc23c,0x3b7db1c1,0x3b7ebc0f,0x3b7ec4ca,0x3b7fa441,0x3b7fb1ad,0x3b80d98f,0x3b83d4bb,0x3b840119,0x3b8903f5,0x3b89e9dc,
  0x3b8b8199,0x3b8ccaa6,0x3b8d6d97,0x3b8edc0e,0x3b8eee7b,0x3b8f4da0,0x3b929c80,0x3b938e9c,0x3b9600c3,0x3b9869fb,0x3b9a18b9,0x3b9b4033,
  0x3b9ce920,0x3b9d11eb,0x3b9d77be,0x3b9e57da,0x3b9f88a8,0x3ba59005,0x3ba5aa6d,0x3ba65ebf,0x3ba7c5af,0x3ba8228f,0x3ba9631f,0x3bab0a90,
  0x3bab4e4f,0x3baeacec,0x3baf3a85,0x3bb13697,0x3bb39247,0x3bb42709,0x3bb462c0,0x3bb50c91,0x3bb91432,0x3bb9a237,0x3bba64e3,0x3bbad66b,
  0x3bbd01df,0x3bbd2881,0x3bbdc2cf,0x3bbfb0d1,0x3bc03cad,0x3bc13218,0x3bc51d76,0x3bc79f28,0x3bc81bf4,0x3bcb4cce,0x3bceeac9,0x3bd3ead5,
  0x3bd4aa1c,0x3bd7377b,0x3bd7c27c,0x3bd9a219,0x3bdafb23,0x3bdc7307,0x3bdf7dd5,0x3be3b005,0x3be62321,0x3be67cf5,0x3be80e6f,0x3bec1dff,
  0x3bf3cebe,0x3bf3fd8f,0x3bf4b288,0x3bf6bf62,0x3bf6d1bf,0x3bf8efd1,0x3bf9765e,0x3bf9d92d,0x3bfaa2c0,0x3bfb3ba3,0x3bfbc4b1,0x3bfcbb65,
  0x3bfcdace,0x3c011a8f,0x3c027526,0x3c0281ac,0x3c0653d0,0x3c084a56,0x3c0ce82b,0x3c0cfb37,0x3c0f6692,0x3c110289,0x3c112d48,0x3c116c01,
  0x3c133edc,0x3c13dfd7,0x3c14122f,0x3c18dfa3,0x3c1b153a,0x3c1d1cb6,0x3c1dc69b,0x3c1dff87,0x3c1f0226,0x3c200a78,0x3c22c6df,0x3c232b03,
  0x3c23eac1,0x3c267514,0x3c2a2399,0x3c2bcc8c,0x3c2e4c3a,0x3c2ff573,0x3c3017a5,0x3c318bc2,0x3c3ad84e,0x3c3bfcf0,0x3c3dc990,0x3c3e4099,
  0x3c3ec1bd,0x3c4078ac,0x3c423dde,0x3c446532,0x3c4b40d3,0x3c4bf14d,0x3c4d23c3,0x3c4d26da,0x3c50330d,0x3c51009b,0x3c530264,0x3c53ebd9,
  0x3c5412e0,0x3c5526d2,0x3c57a963,0x3c57cfcf,0x3c58ed3c,0x3c5b3302,0x3c618cbe,0x3c633387,0x3c63e535,0x3c6462cd,0x3c64984d,0x3c6888a9,
  0x3c712cf9,0x3c7d87bc,0x3c8197ea,0x3c85a7ee,0x3c8af48e,0x3c8b9fd3,0x3c8dc810,0x3c8eb9fb,0x3c8f5aef,0x3c900c83,0x3c91736e,0x3c91f92b,
  0x3c93b163,0x3c945d3d,0x3c94ca84,0x3c9855de,0x3ca0d919,0x3ca2af4e,0x3ca352f5,0x3ca379f1,0x3ca59d6b,0x3ca6074d,0x3ca691d6,0x3ca6993a,
  0x3ca6d934,0x3ca72147,0x3cac6c19,0x3cad713b,0x3cae8232,0x3cb1b167,0x3cb26f3e,0x3cb528c4,0x3cb5dc80,0x3cb7b3da,0x3cba5c23,0x3cba97b5,
  0x3cba98b5,0x3cbec8c2,0x3cbedf89,0x3cbfe559,0x3cc62db8,0x3cc66c97,0x3cc6b9fe,0x3cc9259c,0x3ccd86c8,0x3cd04bda,0x3cd4f4d7,0x3cd51a4b,
  0x3cd554f2,0x3cd66290,0x3cdb37a4,0x3cdc4143,0x3cdc5caa,0x3cdd0796,0x3cdd29a3,0x3cde6e1f,0x3ce097f2,0x3ce16cd4,0x3ce2935f,0x3ce440d2,
  0x3ce4eb60,0x3ce5c7c8,0x3ce7b3cc,0x3ce9dda7,0x3cea1802,0x3cec7edb,0x3cedca02,0x3cedf0ad,0x3cef44f2,0x3cf0d5ff,0x3cf176d0,0x3cf26ce4,
  0x3cf418ef,0x3cf73619,0x3cf811e1,0x3cf93cf3,0x3cfb215f,0x3cfc7d26,0x3cfc864a,0x3cfdd7c5,0x3cff92c6,0x3d00a416,0x3d01c352,0x3d01fb39,
  0x3d027e83,0x3d02c6de,0x3d06116d,0x3d070f66,0x3d09bdc8,0x3d0caa45,0x3d0eae57,0x3d0f6544,0x3d123a87,0x3d12afa7,0x3d12c5f2,0x3d12f4ee,
  0x3d138648,0x3d13dc49,0x3d155486,0x3d174cfc,0x3d185e15,0x3d189b4a,0x3d193eb3,0x3d1946ce,0x3d195317,0x3d1ae1f2,0x3d208118,0x3d20e33b,
  0x3d224004,0x3d230a26,0x3d25fc2d,0x3d2a6f9e,0x3d2c511e,0x3d2efb29,0x3d2f243c,0x3d2f64e3,0x3d2fc85c,0x3d3302d5,0x3d3331b7,0x3d35ca71,
  0x3d35cc77,0x3d363a2c,0x3d3a30c6,0x3d3aa61d,0x3d3ba83c,0x3d3d6e73,0x3d3e8d47,0x3d40b259,0x3d40bbe2,0x3d43104b,0x3d434fb2,0x3d474286,
  0x3d4770a8,0x3d47b49b,0x3d492c36,0x3d495db8,0x3d4ae55e,0x3d4b710a,0x3d4cca0c,0x3d4cdab8,0x3d4d1ce8,0x3d4f88ee,0x3d5110b8,0x3d524d8a,
  0x3d547cd6,0x3d55d482,0x3d582e32,0x3d592484,0x3d5a4f2b,0x3d5b8400,0x3d5b9e05,0x3d5bee20,0x3d5c0387,0x3d5c43fe,0x3d5d9bd6,0x3d6157b6,
  0x3d61d7bf,0x3d643eeb,0x3d6707be,0x3d683420,0x3d690771,0x3d6939d4,0x3d69483c,0x3d6bb12a,0x3d6c84db,0x3d6d24c8,0x3d6fd53d,0x3d775199,
  0x3d7b734f,0x3d7bdecf,0x3d7ca38c,0x3d809614,0x3d881275,0x3d882e07,0x3d89cf80,0x3d8b5ceb,0x3d8b9d2a,0x3d8ba822,0x3d8bb134,0x3d8ffd93,
  0x3d93a7f0,0x3d97e63e,0x3d9aebe1,0x3d9c4538,0x3d9ccac1,0x3d9d0dc3,0x3d9d193a,0x3d9d424c,0x3d9f3ff8,0x3da13193,0x3da1563f,0x3da15d51,
  0x3da18a39,0x3da22b99,0x3da5ec9b,0x3da78ce2,0x3da7fb91,0x3dacf545,0x3dad6860,0x3dafadfa,0x3db2b7d1,0x3db3acdb,0x3db4fd56,0x3db51067,
  0x3db54b71,0x3db5ea36,0x3db79ed8,0x3db90120,0x3dbc4877,0x3dbc7c3c,0x3dbcf9dd,0x3dbe15fb,0x3dbeddf4,0x3dc19f38,0x3dc23daa,0x3dc41075,
  0x3dc64d04,0x3dc84d9c,0x3dc8dd56,0x3dc9d715,0x3dcf29ea,0x3dd010b3,0x3dd11ef5,0x3dd15870,0x3dd1e90f,0x3dd2ce04,0x3dd2f04a,0x3dd41f98,
  0x3dd43b41,0x3dd8fdd1,0x3ddb676a,0x3ddd2292,0x3ddd48af,0x3ddd7d8b,0x3ddfae38,0x3de15898,0x3de3a721,0x3de3e270,0x3de471f0,0x3de53c5f,
  0x3de6df2f,0x3de778dd,0x3de8459c,0x3dea3e5a,0x3dea9f8b,0x3dee148c,0x3deef255,0x3deef983,0x3df60361,0x3df7881a,0x3df84f50,0x3dfbf924,
  0x3dfc1610,0x3dfdc21e,0x3dff8c8b,0x3e003796,0x3e029b43,0x3e02e407,0x3e037252,0x3e041204,0x3e04221f,0x3e057e06,0x3e078524,0x3e0b5e36,
  0x3e1273f9,0x3e12bb9c,0x3e12dcc6,0x3e148fc9,0x3e15a931,0x3e184110,0x3e258a3f,0x3e259cb5,0x3e28fd1f,0x3e29ac38,0x3e2abe7e,0x3e2c2608,
  0x3e329dd3,0x3e35dc91,0x3e385cc4,0x3e390df3,0x3e3a6da0,0x3e3b2d3a,0x3e3e7caf,0x3e3f9300,0x3e4053da,0x3e43cecb,0x3e444a43,0x3e454c83,
  0x3e4898b3,0x3e48eda3,0x3e490d08,0x3e4a9a05,0x3e4acc07,0x3e4baa59,0x3e4f1efb,0x3e4ffa22,0x3e512563,0x3e51c7b4,0x3e520f9d,0x3e52658a,
  0x3e535317,0x3e539411,0x3e549f4e,0x3e554003,0x3e55ef97,0x3e563c77,0x3e58996b,0x3e58c265,0x3e58d7e0,0x3e593d11,0x3e5a7b52,0x3e5ac6cd,
  0x3e5b778e,0x3e5da25a,0x3e60d76b,0x3e60fc7a,0x3e62537d,0x3e633dbb,0x3e63e8c9,0x3e6425a8,0x3e662a53,0x3e662ec5,0x3e676934,0x3e6805b1,
  0x3e694fdc,0x3e6aa350,0x3e6cce3a,0x3e6eb429,0x3e704ba8,0x3e709d46,0x3e72ec37,0x3e738332,0x3e75980a,0x3e75c6a5,0x3e779b15,0x3e796a39,
  0x3e7c7339,0x3e7d445a,0x3e7e0af9,0x3e7f4a9b,0x3e826589,0x3e828abb,0x3e83477c,0x3e83b4e4,0x3e88ae37,0x3e89e5c2,0x3e8af2d2,0x3e8c39be,
  0x3e8dbfa2,0x3e90d09d,0x3e9169f4,0x3e922fc7,0x3e93eb31,0x3e9633ca,0x3e988339,0x3e9acfc6,0x3e9ae015,0x3e9bc924,0x3e9c9c12,0x3e9d9996,
  0x3e9e9f0a,0x3ea5b7bf,0x3ea7536f,0x3ea82174,0x3ea8c4c4,0x3ea8f5be,0x3eaadb40,0x3ead0a88,0x3ead17fa,0x3eae9855,0x3eb06c43,0x3eb24608,
  0x3eb41894,0x3eb48fa4,0x3eb4d06a,0x3eb66b89,0x3eb6a5d5,0x3eb732cf,0x3eb7c73b,0x3eb812aa,0x3eb86fae,0x3eb8a61e,0x3eb8db2f,0x3eb93e7d,
  0x3eb99e32,0x3ebc7d31,0x3ebeec73,0x3ec07034,0x3ec0dd4e,0x3ec50d65,0x3ec51f2b,0x3ec6393a,0x3ecb8d6b,0x3ecbbbb0,0x3ecc025f,0x3ed0999b,
  0x3ed17ec1,0x3ed39bbe,0x3ed40023,0x3ed46a80,0x3ed49974,0x3ed8e8c6,0x3eda1133,0x3edca9ce,0x3edda4c9,0x3ee0335d,0x3ee0a1a4,0x3ee23ccc,
  0x3ee26c41,0x3ee4fa3b,0x3ee50394,0x3ee60e23,0x3ee7a4c4,0x3ee9c00c,0x3eef81dc,0x3eefa440,0x3ef06db2,0x3ef14dfb,0x3ef4d170,0x3ef59388,
  0x3ef5fbed,0x3ef690c5,0x3ef81226,0x3ef8785b,0x3ef91442,0x3efd49a2,0x3efd78aa,0x3f034951,0x3f03eae7,0x3f0d6ec3,0x3f0e56b9,0x3f0fe790,
  0x3f0fff76,0x3f1129bf,0x3f123d07,0x3f137721,0x3f13f87c,0x3f152c6f,0x3f16553d,0x3f172803,0x3f1e60c4,0x3f1fccd0,0x3f212356,0x3f22d08a,
  0x3f24eba7,0x3f25fa01,0x3f2893a2,0x3f299588,0x3f2afa71,0x3f2bd177,0x3f2c3f1f,0x3f2c8a36,0x3f2ccff3,0x3f2ed356,0x3f316cda,0x3f3173ed,
  0x3f32508c,0x3f342d00,0x3f34ced7,0x3f350530,0x3f3754c4,0x3f37d1bf,0x3f3a5cba,0x3f3b0ce5,0x3f3b1308,0x3f3b8a34,0x3f3bd468,0x3f3c0765,
  0x3f3dfa89,0x3f403c96,0x3f42ae89,0x3f430641,0x3f43ef9e,0x3f452b64,0x3f45a608,0x3f47c0ed,0x3f4a99eb,0x3f4d7094,0x3f4e3004,0x3f4ea8f5,
  0x3f4f8a44,0x3f51088c,0x3f53924b,0x3f542d42,0x3f54e15a,0x3f5860f2,0x3f588076,0x3f5b5f06,0x3f5e6368,0x3f601608,0x3f612a0c,0x3f62b1b1,
  0x3f62d1bb,0x3f636f22,0x3f6546ff,0x3f6609ee,0x3f671f2d,0x3f672474,0x3f679f0f,0x3f689ab2,0x3f6aa811,0x3f6c0ede,0x3f716e39,0x3f7417c6,
  0x3f76782d,0x3f779804,0x3f79d1e2,0x3f7bf29d,0x3f83894c,0x3f83f932,0x3f84718e,0x3f85516d,0x3f864fb9,0x3f86f3cb,0x3f88fc1d,0x3f89fa27,
  0x3f8db594,0x3f8ee0a1,0x3f8fa8ac,0x3f910c48,0x3f920d81,0x3f94db64,0x3f95bc17,0x3f961818,0x3f9c22ea,0x3f9f4871,0x3fa0bc6b,0x3fa1e2dc,
  0x3fa4052d,0x3fa5adcd,0x3fa5b46d,0x3fa68618,0x3fa6c6e6,0x3faa9128,0x3faba79e,0x3faf5011,0x3fb29521,0x3fb911be,0x3fbab16e,0x3fbbbf15,
  0x3fbcc91f,0x3fbf251e,0x3fc2f38a,0x3fc3a778,0x3fc53c51,0x3fc71715,0x3fc94d02,0x3fcc25be,0x3fcc852b,0x3fcd00d3,0x3fcd83be,0x3fcf50fa,
  0x3fcf96a5,0x3fd005f3,0x3fd1717a,0x3fd1d9d6,0x3fd33170,0x3fd371ce,0x3fdc4184,0x3fdcb317,0x3fdcee5d,0x3fe41d7d,0x3fe468b5,0x3fe47cd7,
  0x3fe9bd62,0x3feaff1b,0x3febbcd7,0x3fec126e,0x3fed338f,0x3ff111be,0x3ff2ad4c,0x3ff2bb2f,0x3ff2c08b,0x3ff86b09,0x3ff8f510,0x3ffa0ddf,
  0x3ffede4a,0x3ffef1b4,0x40029bb1,0x4003402d,0x40035461,0x4003ad88,0x4004160f,0x400723c6,0x40082f76,0x400cc468,0x400cf2bf,0x400f0bdb,
  0x4011bd0b,0x40127b10,0x40137b90,0x40154707,0x40180450,0x4019e993,0x401ba945,0x401d3b28,0x401e5c56,0x401ec22c,0x401f953b,0x40221d45,
  0x4023292f,0x40233e16,0x40259266,0x4026ecb0,0x4029ab36,0x4029e228,0x402bba19,0x402c6e95,0x40327df9,0x4034e7e9,0x4035a748,0x403644c4,
  0x403703e4,0x40376a52,0x4038d63f,0x403c1151,0x403c1ffb,0x403cc6b4,0x403f92d4,0x403fa5e9,0x404086b9,0x4040e8dd,0x4041fd2c,0x40438f4a,
  0x4045e9dd,0x4047977c,0x404c7d65,0x404c97a2,0x404f0d7d,0x404fa62d,0x40517535,0x4053fe91,0x405548c7,0x40574438,0x4057b34d,0x4058077e,
  0x40580d36,0x405831f9,0x4058c576,0x405956c1,0x405ccd91,0x405fb512,0x406022a2,0x406354c7,0x4064b97c,0x4066d76a,0x40676d6a,0x40694c01,
  0x406d4375,0x406d8300,0x406daf89,0x4071b1f0,0x40728c0f,0x4073e4ba,0x40785c2b,0x4079e6b0,0x407d9ec7,0x408004fc,0x4084922f,0x408588ce,
  0x408bedcd,0x408e5d5d,0x408ed38c,0x4090d54e,0x40935adb,0x4098d3b1,0x4099cf19,0x409ce673,0x409cec8e,0x409d2d34,0x40a2b2ec,0x40a46e80,
  0x40a48986,0x40a57932,0x40a5ce74,0x40a713ea,0x40a7238c,0x40a7e273,0x40aa229d,0x40ab7911,0x40aec5c5,0x40b00c86,0x40b082c7,0x40b0f59c,
  0x40b27ae1,0x40b420ec,0x40b43555,0x40bc0aa1,0x40bd3208,0x40be7679,0x40c960ce,0x40c9c45d,0x40ca862a,0x40cb7349,0x40cb7429,0x40ce9efe,
  0x40cfe72d,0x40d08c53,0x40d1886a,0x40d19d1a,0x40d39616,0x40d70a1e,0x40d97feb,0x40d9bad8,0x40dc762f,0x40de7082,0x40dfae8d,0x40dfd3c1,
  0x40e1933f,0x40e41561,0x40e4eb66,0x40e5e331,0x40e67b2c,0x40e7cdd3,0x40e87519,0x40edd3e8,0x40ee4879,0x40ee5c16,0x40eebc46,0x40f3deae,
  0x40f40ee9,0x40f7df8d,0x40f933b8,0x40f9f11d,0x40fe5365,0x40fe7416,0x4100af88,0x4102db38,0x4103530e,0x4103822d,0x4104f100,0x4105567d,
  0x4107a170,0x410882f4,0x410af7e4,0x410ded2b,0x41102637,0x411211ec,0x4112f378,0x41157e3c,0x41164522,0x4116b563,0x41187fa2,0x4119a44f,
  0x411a0d00,0x411b70dd,0x411c3e44,0x411c7c5a,0x411fc191,0x411fcaeb,0x4120aef4,0x41219cf3,0x41219ef8,0x41222108,0x412275bc,0x412542f9,
  0x41262078,0x412a6754,0x412de438,0x41319e59,0x4132c521,0x4134ee1c,0x4139ac58,0x413ca6b9,0x413d2de6,0x413e2fd8,0x413fa28a,0x414098af,
  0x41410b9c,0x41414896,0x41422606,0x41478430,0x41487742,0x41488df9,0x4148ac45,0x4149525d,0x414a0e96,0x414a24f4,0x414af0dc,0x414c47e1,
  0x414cf60f,0x41523d3a,0x41524526,0x41534a40,0x41546e6e,0x41550c68,0x4155ff19,0x415605d1,0x4156fd84,0x415920d7,0x415a6406,0x415b8d6f,
  0x415bc576,0x415c7b92,0x415d7677,0x415dd280,0x415f090f,0x416542d2,0x416dc353,0x41705fb0,0x4171fe76,0x41747791,0x4174edaf,0x417572ca,
  0x417648e7,0x4177c53e,0x417844fd,0x4179a7de,0x417c4f95,0x417d1cf1,0x417d3639,0x417e0016,0x417e1c57,0x417ee754,0x417f6718,0x41813d50,
  0x4182ca0f,0x4185a6bc,0x4187dda0,0x418857cc,0x4189933f,0x418ae686,0x41929b21,0x41932f6d,0x419551f7,0x41987803,0x41995b8c,0x41996e45,
  0x4199d544,0x419a6f55,0x419d672d,0x419eff0f,0x419f890d,0x419fe7fd,0x41a19fcf,0x41a25119,0x41a55702,0x41a65749,0x41a6ee3f,0x41a901d6,
  0x41a96e05,0x41a96ec8,0x41b3a0e1,0x41b4c841,0x41b6b118,0x41b6b1ea,0x41b9a0c4,0x41b9e38a,0x41bad755,0x41bb59e8,0x41bc8b7f,0x41be8fdd,
  0x41c35e5c,0x41c93e8a,0x41c944c2,0x41c9b57e,0x41cb10e0,0x41ce0df3,0x41cee24b,0x41d1157f,0x41d53ba6,0x41d79b11,0x41daeb61,0x41dec139,
  0x41df85a7,0x41e115be,0x41e17a7b,0x41e42501,0x41e500a1,0x41e6100d,0x41e650ca,0x41e6752c,0x41e7e710,0x41eb493c,0x41ebcb30,0x41ec3d97,
  0x41ee875c,0x41eeae0a,0x41f2ca06,0x41f32ece,0x41f36102,0x41f423c8,0x41f52dac,0x41f62c54,0x41f77db4,0x41f7bf71,0x41f8318d,0x41f9e700,
  0x41faddb3,0x41fd8f87,0x41fdfe8b,0x41fe6c34,0x420020de,0x4200c6ac,0x4200d107,0x42046af4,0x4205d395,0x42063264,0x420767c9,0x42087d0c,
  0x420889df,0x420a25cf,0x420c0377,0x420c2f25,0x4212a71e,0x4214ca69,0x4219c0bb,0x421cc9bd,0x421d3502,0x421de546,0x421eee7b,0x422182fd,
  0x4222b1b7,0x42241e0b,0x42242fe9,0x422ab821,0x422aef61,0x422c78cc,0x422e3463,0x422e35e8,0x422f302b,0x422f6557,0x422f6d24,0x4230af37,
  0x4231920b,0x423492fc,0x4234b446,0x42358d8e,0x4236ca92,0x42374b00,0x423c900b,0x423dc496,0x423fe109,0x4240977e,0x42422a2d,0x4243fbf5,
  0x4245a6e0,0x4246045f,0x424635b0,0x4246fb66,0x42485fb7,0x424a3452,0x424a6c09,0x424e7eaf,0x424e8b07,0x4250115a,0x425242d4,0x42530365,
  0x425339c1,0x4255b0e8,0x42561eae,0x42578de7,0x425a2bb2,0x425b46d8,0x425c6bfd,0x425ee9c4,0x42607126,0x426105f4,0x42611db9,0x426152f6,
  0x4264eab1,0x426a936d,0x426a93bc,0x426e6da8,0x426febfa,0x42746e2f,0x4276021f,0x42771665,0x4277fc1a,0x427e6543,0x42820fef,0x4283e446,
  0x4284757c,0x428509f6,0x42866445,0x42876e05,0x42890c5d,0x428966c5,0x428a9683,0x428ec452,0x428f9641,0x4297cc04,0x4299fdb1,0x429a18fa,
  0x429a5794,0x429c6fcb,0x42a2cefa,0x42a313e5,0x42a7110f,0x42a718ee,0x42a74a5e,0x42a766fb,0x42a86857,0x42b014ee,0x42b2d8c7,0x42b65b8d,
  0x42b681af,0x42b87f76,0x42b8893d,0x42b8dba1,0x42b91ff9,0x42b9fd70,0x42bb622d,0x42bcd980,0x42bd3db4,0x42c025e8,0x42c1481d,0x42c17d52,
  0x42c25e7a,0x42c26e23,0x42c28f4b,0x42c387e7,0x42c3b5ec,0x42c48ea5,0x42c5ae76,0x42c68123,0x42c8e2aa,0x42ca1443,0x42cb00cc,0x42cc6e86,
  0x42cd5fa7,0x42d03c5c,0x42d2c13e,0x42d9d2ec,0x42da261a,0x42db9531,0x42dbb3ba,0x42e109dc,0x42e39ba2,0x42e409dc,0x42e4dbd1,0x42e554c4,
  0x42e6b9f0,0x42e7587b,0x42eefd7a,0x42f3012a,0x42f5aa39,0x42f9a9da,0x42fa393a,0x42fcc17d,0x42fe97df,0x42fed648,0x43036db2,0x430526bb,
  0x430702af,0x4308f6c4,0x4309aaf9,0x4309c8be,0x43101dee,0x43105988,0x43107420,0x43117e07,0x4313a39c,0x4315ed85,0x431bd43d,0x431e90b6,
  0x4323b7c9,0x4324a839,0x4326429f,0x43296434,0x432c937a,0x432d4108,0x432dc938,0x433032fe,0x43305670,0x4331f26d,0x4332cd6c,0x43332c50,
  0x43338f9c,0x4334c0e5,0x43399fa6,0x433b1af2,0x433b98d9,0x4341a77c,0x43435ff8,0x4347b095,0x4348ba94,0x43499657,0x434a4171,0x434aa2cd,
  0x434d1845,0x434e967e,0x435094d4,0x4350a901,0x43545598,0x4356afa9,0x4357ee91,0x435862b1,0x43588869,0x4359e2c9,0x435d7dd8,0x435ddc04,
  0x4361fb16,0x4362855f,0x436386e6,0x4363e979,0x4365e98b,0x4366700c,0x43667a4e,0x43683821,0x436914d3,0x4369a361,0x436a1237,0x436cdf7a,
  0x436d18ca,0x436e1408,0x436e1bfc,0x43704a0f,0x4371dc9f,0x437224bf,0x43749c32,0x437536bf,0x4375399e,0x437831bd,0x4378cdee,0x43795942,
  0x437b0928,0x437b7239,0x437bb7a7,0x437d593a,0x437dd01d,0x438071a4,0x4380ef24,0x4385c4d7,0x43877a6d,0x43887217,0x43919045,0x4394441f,
  0x4397843f,0x43981a0b,0x43986ace,0x439c7985,0x439fc5a9,0x43a46056,0x43a55194,0x43a64063,0x43a7a56f,0x43a805d9,0x43aaafa1,0x43b065f3,
  0x43b2d520,0x43b3185e,0x43b4e64c,0x43b63331,0x43b76380,0x43bbe9d9,0x43bedac1,0x43c0a76e,0x43c1cf51,0x43c31fed,0x43c397d2,0x43c563d7,
  0x43c5f96e,0x43c81bfa,0x43c88a37,0x43c8d9ee,0x43cf36b2,0x43d081af,0x43d0c432,0x43d6a41f,0x43d91ba5,0x43da8883,0x43db3e0b,0x43dc78d8,
  0x43dd58ad,0x43de7a7b,0x43dead64,0x43dee87f,0x43e17be7,0x43e39750,0x43e4c445,0x43e5a998,0x43e5d40e,0x43e6cfe3,0x43e8008b,0x43ea1f9c,
  0x43eaa141,0x43ec97ca,0x43eccfda,0x43ed23c7,0x43ee6346,0x43f17330,0x43f254ea,0x43f34007,0x43f41c9e,0x43f629c5,0x43f6d492,0x43f9ff68,
  0x43faa2c6,0x43fac137,0x43fad4a8,0x43fb3888,0x43fdb935,0x43ffd15c,0x4403f9bd,0x4404fab4,0x440657d7,0x4406b827,0x4406c734,0x44086555,
  0x440a85d1,0x440c80ae,0x440ccd41,0x440d010d,0x440de8d1,0x440e12e2,0x4410b18a,0x4412202c,0x4412c445,0x44136fd1,0x4415ef21,0x441a1ac8,
  0x441a1bac,0x441b2421,0x441ed921,0x441fd71d,0x44206f3d,0x4421f32e,0x44244205,0x4427fcb9,0x442c998b,0x442e1920,0x442e4be6,0x442fd141,
  0x4432a7ee,0x443336d8,0x4433a370,0x44363d24,0x4436e52c,0x443772a3,0x4439d4dc,0x443a85a8,0x443af10d,0x443ba45b,0x443decf1,0x443e7fe0,
  0x443e9dcc,0x444050b1,0x44414160,0x4442456b,0x4444d323,0x44463218,0x4449d0da,0x444e234e,0x444ef27d,0x444f3aed,0x444f4bfb,0x44502d9b,
  0x4450aa88,0x4452b86a,0x445559a6,0x44560b17,0x4457b822,0x4458a258,0x445ae013,0x445ccc31,0x445e07eb,0x445f3487,0x445f6cc0,0x4463246f,
  0x4463b1f7,0x4464ba02,0x4465df3c,0x4468c15d,0x446a771e,0x446bad80,0x446de9f7,0x446e8e6a,0x44710310,0x44723692,0x447334d7,0x4474817a,
  0x44782a6c,0x44788b28,0x4478da9f,0x447cb3e2,0x447df551,0x44827d5e,0x44847f18,0x4487754a,0x4487809d,0x44886c2c,0x448bf337,0x448d4d7c,
  0x449066ff,0x4490a122,0x4491227b,0x449444d4,0x4498323d,0x44984cc1,0x449b2b12,0x449b4dbb,0x44a20cb8,0x44a24d6f,0x44a29800,0x44a3fcda,
  0x44a85c2a,0x44a8d3b4,0x44acaa34,0x44ae5666,0x44aeea42,0x44af4d3a,0x44b35428,0x44b593ce,0x44b5cb1e,0x44b5d281,0x44b74674,0x44b96e33,
  0x44bb5a41,0x44bb907b,0x44bbdd03,0x44bd34c5,0x44bde0f8,0x44bf9f5c,0x44c15ffa,0x44c1f118,0x44c3203b,0x44c38ded,0x44c3cc0b,0x44c9804c,
  0x44caca5f,0x44ccadb1,0x44d2f9e4,0x44d37757,0x44d458c3,0x44d957b7,0x44dc3919,0x44dffbf2,0x44e260ce,0x44e2a0f9,0x44e64867,0x44e70256,
  0x44e74bcb,0x44ec5457,0x44ef72a8,0x44f283ca,0x44f50b41,0x44f5ca78,0x44f90e83,0x44f9555a,0x44fa9925,0x44fb3223,0x44fe291b,0x44fe3f7e,
  0x44fe846a,0x44ffa5ba,0x4500c23d,0x4501c8ff,0x4505ad5c,0x450865ff,0x4508c628,0x4508e32f,0x4509a420,0x450c014a,0x450d6c83,0x450d7c97,
  0x450df473,0x45124bf8,0x45146de9,0x45160f08,0x4516b9f4,0x4518b602,0x4518c51f,0x451c6cfe,0x451c7894,0x451c95e5,0x451d1fec,0x451d612d,
  0x451f9655,0x45238877,0x452402f8,0x45244dd0,0x4524bf72,0x452562ca,0x4527c02e,0x452832cf,0x4529b488,0x452a0cbc,0x452c71cd,0x452ce1f0,
  0x452d9aaf,0x452fdaba,0x453040c1,0x45305a7e,0x453094bb,0x4531dda8,0x4532f7e2,0x453330a8,0x453395c5,0x45348a94,0x45370af0,0x45394f09,
  0x453af071,0x453e74ca,0x453fb057,0x454084c8,0x454086dc,0x45429b28,0x45438850,0x4543d08a,0x4543d726,0x4544837b,0x454550be,0x4546ccef,
  0x45489ab3,0x4548ee6d,0x45499a5a,0x4549cd42,0x454b8f98,0x454bd006,0x454e3378,0x454e5b9f,0x454f9fd5,0x4551440a,0x4551e9bb,0x4552967f,
  0x4552b765,0x4555f01b,0x455f8cdf,0x45606aa4,0x4563a2d5,0x45675b17,0x456a0f54,0x456df915,0x45705cf2,0x4573281b,0x4573499f,0x4574e68b,
  0x4578a322,0x4578f3e9,0x457ad50a,0x457e0b13,0x457ef94d,0x457eff41,0x457fabc3,0x45824c5d,0x45852c03,0x4586c342,0x4589a00c,0x458a3e36,
  0x458b000d,0x458b920d,0x458ca933,0x458e5924,0x4591615b,0x4592679a,0x45958f93,0x45977221,0x459a2241,0x459c444c,0x459d73dd,0x459dd663,
  0x45a21184,0x45a268d0,0x45a34fc4,0x45a6369a,0x45a6ff8f,0x45a9efa2,0x45aa1be9,0x45ae5785,0x45af2ada,0x45b005a9,0x45b1f442,0x45b6b2e3,
  0x45b961f0,0x45bafbe2,0x45bbc59d,0x45bc1cd7,0x45bcd925,0x45bf5f21,0x45c3b94a,0x45c52f20,0x45c86f5d,0x45c8d5a5,0x45cb5b0c,0x45cb9375,
  0x45cbe630,0x45ce0c3b,0x45ce3668,0x45cee9cf,0x45d087ec,0x45d167ed,0x45d25df2,0x45d3ede0,0x45d6cb98,0x45d759e9,0x45d90841,0x45da1e14,
  0x45dcf164,0x45dde9b4,0x45de7e44,0x45dff38b,0x45e0e946,0x45e12713,0x45e19094,0x45e1949d,0x45e2fe9f,0x45e73a57,0x45e83acf,0x45e9e6fe,
  0x45ea5bde,0x45eb04cd,0x45ecb27f,0x45eeafef,0x45f0fc81,0x45f3b780,0x45f6603c,0x45f809cd,0x45f84404,0x45f99813,0x45fa01db,0x45fe2af2,
  0x45feaa40,0x45feac0e,0x4603878f,0x46038b4e,0x4604bf5c,0x46061f83,0x4606577a,0x460756a7,0x46081626,0x460a67e6,0x460bcc54,0x460c89c9,
  0x460d67d0,0x460e07af,0x460e4dd8,0x460ea282,0x4610c5a3,0x461456c8,0x461467fc,0x46153aa6,0x461941f5,0x461a56a9,0x461adaca,0x461ecc5e,
  0x462140bb,0x46239708,0x4623fa6e,0x46242c26,0x4624506b,0x462a5a8c,0x462aaa22,0x462cb9e6,0x462d2c1d,0x462f94a0,0x463326e8,0x4635032e,
  0x4636d176,0x4639c566,0x463fdcfb,0x46444ed5,0x4648086f,0x464a5d30,0x464b8ff1,0x464c20e0,0x464da5cb,0x464e6074,0x464ee565,0x464fc4ab,
  0x464fdfc5,0x46560af5,0x4657366c,0x4659d07b,0x4659d80a,0x465af0a8,0x465dade5,0x465e34ec,0x46608dca,0x46616b11,0x4664cb5c,0x4664ece8,
  0x46652f02,0x4665633e,0x46662e03,0x46698745,0x4669c2c6,0x466a7d66,0x466c6c11,0x466ceab7,0x466e75c6,0x466efbc5,0x466f566b,0x466fa485,
  0x4672f44f,0x46740d5e,0x46742596,0x4674799e,0x4675ac8f,0x46762a14,0x467ab30d,0x4680ba62,0x46815093,0x46822b25,0x46825646,0x46827a90,
  0x4684d6de,0x46876f7d,0x468f09c9,0x46925f88,0x4692e267,0x4694037b,0x46952fa7,0x46979f0f,0x469913d7,0x469bdf4f,0x469e6eb5,0x46a5c7c3,
  0x46a62cd6,0x46a6fafc,0x46aa2ccd,0x46ace87f,0x46b02360,0x46b179c2,0x46b1a2f1,0x46b3f1a4,0x46b41598,0x46ba42c0,0x46bc2131,0x46beea4f,
  0x46bf24f1,0x46bf4a50,0x46c01c9d,0x46c267f0,0x46c3a7f6,0x46c46289,0x46c5928c,0x46c94454,0x46ccbb67,0x46cd9720,0x46d4d54a,0x46d7c38e,
  0x46da146b,0x46da26e0,0x46dae374,0x46db6cdd,0x46ddd66d,0x46dfee00,0x46e09352,0x46e16b78,0x46e54e3c,0x46e7239c,0x46e94e0a,0x46ea0857,
  0x46ecdcd6,0x46edd237,0x46ee6f8c,0x46f27869,0x46f2af88,0x46f53bd4,0x46f6cb50,0x46f7cb07,0x46fb6c4b,0x46fd1a7e,0x46fee62c,0x470196a4,
  0x470668aa,0x4707cdf4,0x47095a9b,0x471c857a,0x471dc35f,0x471f7671,0x472132aa,0x47225920,0x4722e1d7,0x47231ff2,0x4725e69b,0x472a1c85,
  0x472d0979,0x472e65a7,0x4734cc1d,0x4735adf0,0x47368861,0x473714a0,0x47371d11,0x47377d8f,0x473861ba,0x473a577c,0x473b0140,0x47405b5d,
  0x47439c10,0x4743e1bf,0x4746bb71,0x47473863,0x4748b2da,0x474a15a5,0x474a28c6,0x474ab431,0x474ba044,0x474bfe6f,0x474ee6a5,0x474f7640,
  0x4751b65e,0x4753a27d,0x475664e4,0x47573d85,0x47592662,0x475e71fb,0x475f8688,0x47610621,0x47611b9e,0x476129b9,0x4762a4ce,0x47637d40,
  0x47651bf0,0x4765e155,0x47663014,0x476d7209,0x476d8307,0x476eff4e,0x476f5ee8,0x476f87c4,0x4770ebbf,0x4771c535,0x4776cfe7,0x47770779,
  0x47794fbd,0x477bcb08,0x47809ccc,0x4780dc66,0x47811f3f,0x478131d4,0x4782dc69,0x47857ec4,0x47858a93,0x4788e589,0x4789c831,0x4789d351,
  0x478abe6c,0x478bd202,0x478cf5b8,0x478d86e8,0x478ee7af,0x47915252,0x47925882,0x4794a854,0x4795e049,0x47973b12,0x4797bb08,0x4797d169,
  0x479801a8,0x479a4d8c,0x479b6d87,0x479bcae0,0x479d394d,0x47a1876a,0x47a38858,0x47a39640,0x47a3f060,0x47a987aa,0x47aa619d,0x47aae61f,
  0x47ab97ab,0x47ad28ef,0x47ae2467,0x47aea183,0x47b14074,0x47b14d6c,0x47b1d061,0x47b44b7a,0x47b793a2,0x47b7b59c,0x47b8d1e1,0x47b956ca,
  0x47bba760,0x47bc4721,0x47bedd0e,0x47c2f86c,0x47c493ef,0x47c59fcc,0x47c7a277,0x47c7f24c,0x47c9ca44,0x47ca27b6,0x47cefe78,0x47d13dfc,
  0x47d26537,0x47d3af4e,0x47d82ba9,0x47da8775,0x47daa259,0x47db3523,0x47db4381,0x47db64b1,0x47dc3026,0x47dee75b,0x47df59c9,0x47dff4ca,
  0x47dff925,0x47e106a5,0x47e11abc,0x47e18112,0x47e696cc,0x47e76fd5,0x47e7896d,0x47e7cb7d,0x47ec6205,0x47efaca8,0x47f39613,0x47f454f9,
  0x47f5cbc3,0x47f89842,0x47f94492,0x47feb0fd,0x47ff87f2,0x48001030,0x48035a57,0x4804705e,0x4804ae9c,0x480a7dc6,0x480bd6e5,0x480ca8d3,
  0x480efdab,0x480f2e12,0x48117494,0x481273c6,0x48131c21,0x481675fd,0x4818fbe4,0x4819e581,0x481adfd7,0x481f7dbe,0x4820c42d,0x48229e7c,
  0x4823b4d1,0x482a5a20,0x482b6733,0x482bfa87,0x482c3118,0x482cf12b,0x482d827c,0x48300f45,0x48316c50,0x48397e3c,0x483b086d,0x483e0998,
  0x483ea9b0,0x483ef508,0x483fbe98,0x484207a8,0x48468ec2,0x484c8409,0x484d09e9,0x484e1554,0x48500f4a,0x485023bb,0x4852608f,0x4852ef48,
  0x48554e7c,0x4855b3ee,0x4857fecc,0x48582196,0x4858d3f1,0x485b5fa0,0x485b80c0,0x485c3960,0x485d1c1f,0x485d2703,0x485d660c,0x485d9405,
  0x485e56e5,0x485e9945,0x48614f12,0x48627da4,0x48646ea6,0x48659b70,0x4867ffca,0x486891c6,0x4868c001,0x486f1099,0x487135ea,0x4871bc83,
  0x487594ae,0x48763419,0x48788ed3,0x4879fdcb,0x487aa753,0x487d676c,0x487d6dd9,0x487e21ae,0x487e5bc2,0x487e9669,0x487ebfd1,0x48804b43,
  0x4882caa6,0x488a5411,0x488ad48a,0x488e2f82,0x488ef8d3,0x488fdd85,0x48900926,0x4894d340,0x48983aa6,0x489a09ce,0x489cedee,0x489eaf16,
  0x489ffcde,0x48a19e29,0x48a34597,0x48a5893f,0x48a7c8c0,0x48a9e8cc,0x48aa6704,0x48abdbcf,0x48af50b8,0x48b32bbf,0x48b6d009,0x48b85c92,
  0x48b990f6,0x48bb4171,0x48bc21de,0x48be8bab,0x48c34f02,0x48c3f4a7,0x48c412b7,0x48c57556,0x48c8d626,0x48c9a443,0x48ccbf01,0x48d0d9ea,
  0x48d0e1d8,0x48d1d554,0x48d33ccf,0x48d3bce1,0x48d4a97a,0x48d59b52,0x48d5bf91,0x48db54f5,0x48dc9d21,0x48dd9e76,0x48de0647,0x48e01edc,
  0x48e0602b,0x48e134a8,0x48e422c9,0x48e57a3d,0x48e7105f,0x48e75abd,0x48e7a374,0x48ebba33,0x48ebf85d,0x48ec6f92,0x48ed8964,0x48ee9450,
  0x48eeb335,0x48f2aacc,0x48f44a84,0x48f4badc,0x48f61541,0x48f6e934,0x48f7972d,0x48fcdf98,0x48fe2d06,0x48fe2df9,0x4901142a,0x4901af25,
  0x490346b6,0x49042951,0x49056725,0x490b3610,0x490bcf85,0x49109847,0x49110bd5,0x4915c856,0x4916bcfd,0x49199bb2,0x491b5912,0x491bb98c,
  0x491dee83,0x49201567,0x492368ac,0x4923ea8a,0x4924879b,0x4927f556,0x492ae7f0,0x492b950a,0x492c152e,0x492e805c,0x492ef397,0x492f9615,
  0x49312bb0,0x49321bc1,0x493288ee,0x4934137a,0x4934d4f5,0x49372192,0x4937e4fa,0x4938160c,0x493a405e,0x493afbe9,0x493cd2c4,0x49403ce5,
  0x4941592f,0x4943f7e2,0x49462221,0x49472a55,0x494763ec,0x494776a0,0x494ab1a2,0x494bc4e9,0x494bf0f7,0x494d7f2f,0x494dc110,0x494dfa9a,
  0x494e85bd,0x495533c1,0x49562349,0x495a1f8e,0x495b79ae,0x49630384,0x49642ae7,0x4965b0b4,0x49680910,0x4969694a,0x496da3c8,0x496dbb7d,
  0x49710f19,0x4971de88,0x4971df8f,0x49734282,0x497423e8,0x4978575d,0x49786930,0x497c51d7,0x497d3f7f,0x49812c93,0x49814d49,0x49815a74,
  0x4984c248,0x498629e6,0x49878b58,0x49879018,0x49893690,0x498a7e0f,0x49901bf7,0x4990a0f2,0x49916b5e,0x49916f06,0x4992e3ae,0x4993316c,
  0x4993569e,0x49942c36,0x49947ee0,0x499498e9,0x49961e02,0x499742c1,0x4997ea92,0x49983052,0x499e6dc6,0x499ea37f,0x499ebfe1,0x49a2bb60,
  0x49a7d8c6,0x49a91bd6,0x49af0c35,0x49b3116b,0x49b337ba,0x49b3406b,0x49b432e1,0x49b52bde,0x49b6c2c3,0x49b9ff3b,0x49c35434,0x49c60d07,
  0x49c73bbd,0x49c7708e,0x49c87ff4,0x49c95e0a,0x49c97cde,0x49ccc472,0x49d0a1cf,0x49d40f53,0x49d5f58d,0x49d8246e,0x49da7c90,0x49db3785,
  0x49dc1976,0x49dc7c64,0x49de3f94,0x49e00909,0x49e01a72,0x49e09d04,0x49e7d74d,0x49e7fa77,0x49e8a143,0x49e8c144,0x49ea73d2,0x49ebfc7d,
  0x49ec1e97,0x49ecb710,0x49ee33f6,0x49ee97e7,0x49eeadcd,0x49efb975,0x49f0a106,0x49f1dc72,0x49f1ee51,0x49f4612a,0x49f5da02,0x49f6b01f,
  0x49fe34dd,0x4a015649,0x4a01c34b,0x4a02080c,0x4a020f95,0x4a025c5e,0x4a029ebb,0x4a036078,0x4a06e4c4,0x4a074fa9,0x4a0822b6,0x4a090e64,
  0x4a0a274b,0x4a0a579e,0x4a10006b,0x4a104fcd,0x4a13fdda,0x4a15659e,0x4a174434,0x4a18986f,0x4a1ca048,0x4a202f2d,0x4a20a14d,0x4a21139a,
  0x4a225d7c,0x4a22d46b,0x4a24f4e4,0x4a266352,0x4a26ecaf,0x4a2748fa,0x4a2b8cf6,0x4a2bc4cc,0x4a2c9a3a,0x4a2d0780,0x4a2e1b2a,0x4a2e3009,
  0x4a2ff4c6,0x4a32a18a,0x4a34089f,0x4a348818,0x4a3a55a7,0x4a408e62,0x4a43087b,0x4a43bcb9,0x4a468173,0x4a469f37,0x4a47f7d9,0x4a481be3,
  0x4a4c1807,0x4a4da786,0x4a4f9029,0x4a514f20,0x4a54124a,0x4a55ead9,0x4a567e64,0x4a58ed84,0x4a5a1fc2,0x4a5f4163,0x4a6087cf,0x4a60d5b8,
  0x4a6359cd,0x4a636f98,0x4a63e23f,0x4a685ae6,0x4a6871b5,0x4a6b593b,0x4a6c3750,0x4a6c72e7,0x4a6e9987,0x4a6f6cc2,0x4a71d0e0,0x4a731ae5,
  0x4a7416bc,0x4a75090a,0x4a75d1fc,0x4a7671d6,0x4a776d0d,0x4a7871ba,0x4a7c5643,0x4a7e6957,0x4a7e9c13,0x4a811059,0x4a81ab53,0x4a846663,
  0x4a8bbc60,0x4a8de5d0,0x4a8e3c1c,0x4a90eedc,0x4a915c11,0x4a927982,0x4a9479bb,0x4a94b29c,0x4a94e57c,0x4a9512b1,0x4a9530cd,0x4a96ee66,
  0x4a985b07,0x4a98688e,0x4a98ed2f,0x4a9a2e0d,0x4a9a76f4,0x4a9e10ca,0x4a9e44a7,0x4a9f0b6c,0x4aa60c8f,0x4aa9abfd,0x4aab1dc8,0x4aaf8a55,
  0x4ab0bc29,0x4ab1b244,0x4ab20b42,0x4ab600a1,0x4ab6dec2,0x4ab763c2,0x4ab9bad3,0x4aba807f,0x4abba15e,0x4abcf719,0x4abddc72,0x4abfa995,
  0x4ac01e1e,0x4ac0abf7,0x4ac3817e,0x4ac437f5,0x4ac47ae2,0x4ac556b6,0x4ac55c89,0x4ac6fe3c,0x4aca2340,0x4acbe25f,0x4accbebb,0x4acdb2b4,
  0x4acef6db,0x4acf3977,0x4ad041c0,0x4ad04532,0x4ad05d72,0x4ad1abc4,0x4ad26a33,0x4ad298f1,0x4ad2e10c,0x4ad47442,0x4ad5ce05,0x4ad61c17,
  0x4ad66c6c,0x4ad85679,0x4ad8c945,0x4ad9a28b,0x4ada5884,0x4adad09f,0x4add7ef8,0x4ade2def,0x4ae0b787,0x4ae253f6,0x4ae2b5e8,0x4ae3f5e6,
  0x4ae618b2,0x4ae72d50,0x4ae8c2e3,0x4ae98029,0x4aea2299,0x4aea62ec,0x4af0bbb0,0x4af291fa,0x4af3dc6c,0x4af4497f,0x4af4986a,0x4afa455e,
  0x4afa7003,0x4afb964c,0x4afe4be0,0x4afea3b3,0x4aff5334,0x4affe5e7,0x4b010617,0x4b0217b2,0x4b031342,0x4b053a2b,0x4b05fac1,0x4b068933,
  0x4b06d01e,0x4b06e102,0x4b0741c0,0x4b074cb4,0x4b0a565f,0x4b0b759b,0x4b0d8663,0x4b0fd205,0x4b110fd7,0x4b11e6b4,0x4b12f8dc,0x4b14f610,
  0x4b15487d,0x4b1673ed,0x4b17b7d3,0x4b17c4cb,0x4b185916,0x4b188330,0x4b1a57d5,0x4b1b1476,0x4b1bfba9,0x4b1c6daa,0x4b1dce0d,0x4b1e9820,
  0x4b1eea3c,0x4b20d01f,0x4b228739,0x4b231e53,0x4b24032a,0x4b25586e,0x4b2795d0,0x4b28e5b7,0x4b297ac2,0x4b2c936c,0x4b2d3e1f,0x4b2d79ff,
  0x4b2eb851,0x4b2ff37b,0x4b332ba3,0x4b339af5,0x4b346762,0x4b34c76a,0x4b36af00,0x4b380ec9,0x4b3d4599,0x4b3fd617,0x4b407645,0x4b47f94c,
  0x4b4967c8,0x4b4a5195,0x4b4f1fa7,0x4b567e2e,0x4b570ca7,0x4b58d153,0x4b5909d4,0x4b5adc6d,0x4b5b6932,0x4b5c64bf,0x4b5cf07d,0x4b5eb5e2,
  0x4b607601,0x4b60dee9,0x4b619408,0x4b620f34,0x4b6280f5,0x4b62978e,0x4b634353,0x4b6444e0,0x4b66f4ee,0x4b6e35f3,0x4b6fd330,0x4b705615,
  0x4b723b75,0x4b730e89,0x4b741692,0x4b745a09,0x4b74beea,0x4b79ead1,0x4b7ee87f,0x4b7f1f97,0x4b8272f6,0x4b845ba7,0x4b85eb25,0x4b86b327,
  0x4b8742a6,0x4b8861f1,0x4b894a30,0x4b8ce7c0,0x4b8d1aab,0x4b8eab2e,0x4b902561,0x4b90a2a6,0x4b9222e9,0x4b92d559,0x4b949072,0x4b977248,
  0x4b97c54d,0x4b9ac93a,0x4b9c818e,0x4b9d0373,0x4ba07ab3,0x4ba0f334,0x4ba23bed,0x4ba2931e,0x4ba4b864,0x4ba6b985,0x4baee135,0x4baf2707,
  0x4bb07ed5,0x4bb150c2,0x4bb238b8,0x4bb24cdc,0x4bb25a05,0x4bb3b400,0x4bb670e6,0x4bb7e7a6,0x4bba51dd,0x4bba7ace,0x4bba8633,0x4bbe4e80,
  0x4bbfe1f3,0x4bc0181a,0x4bc102a4,0x4bc54776,0x4bc5c1fe,0x4bc6bf16,0x4bc88ad4,0x4bc92d3c,0x4bc9a463,0x4bcc1fb5,0x4bccdec4,0x4bcdc523,
  0x4bd26bbc,0x4bd444fa,0x4bd619e3,0x4bd6d21a,0x4bd6fdca,0x4bd76250,0x4bd7ca6d,0x4bd89753,0x4bda156f,0x4bdc9c3e,0x4bdd2538,0x4bdd66c5,
  0x4be0a757,0x4be20ae4,0x4be5ab7b,0x4be6ae4b,0x4be7c87f,0x4be93353,0x4be93f70,0x4bea2dca,0x4bead766,0x4bebaa31,0x4bebbd21,0x4bebff32,
  0x4bec03fe,0x4bee513d,0x4bf05ed4,0x4bf8e1f8,0x4bf8e651,0x4bf9dc6f,0x4bfa92c1,0x4bfb2952,0x4bfe302e,0x4bfe7a20,0x4bfef76c,0x4bff7c5b,
  0x4c007949,0x4c019e8b,0x4c05ba0f,0x4c0601ac,0x4c06db72,0x4c070fb1,0x4c09cda5,0x4c0d5ad9,0x4c14ee2d,0x4c181ace,0x4c18cc94,0x4c1a38f6,
  0x4c1b630e,0x4c1b6acc,0x4c1b8005,0x4c1d7afb,0x4c1dd7cb,0x4c1e3275,0x4c201219,0x4c2066af,0x4c22bf9e,0x4c2a5589,0x4c2b3430,0x4c2cfe37,
  0x4c3105d5,0x4c326de6,0x4c32e712,0x4c3a9267,0x4c3b0f07,0x4c3dab5c,0x4c3e3e4c,0x4c3e7569,0x4c423465,0x4c43d3cb,0x4c4404e8,0x4c44462a,
  0x4c44636c,0x4c44a513,0x4c498923,0x4c4c247b,0x4c4cd345,0x4c4ce8c4,0x4c4d13de,0x4c4df0f8,0x4c4fb15f,0x4c4fb975,0x4c53a923,0x4c55eb4c,
  0x4c5698f6,0x4c593368,0x4c5a5e2f,0x4c5bd423,0x4c5c6f70,0x4c5e725d,0x4c5fa032,0x4c600e11,0x4c6551d1,0x4c656cf4,0x4c68ccde,0x4c6b89b1,
  0x4c6d655b,0x4c6e839a,0x4c751fdc,0x4c75f5e4,0x4c76eaf9,0x4c76f7c8,0x4c77b921,0x4c77e9be,0x4c7af6e4,0x4c7c2e65,0x4c7f41a5,0x4c8057ee,
  0x4c82325c,0x4c83ad68,0x4c85ecf4,0x4c87dd1b,0x4c89b312,0x4c8a3bd4,0x4c8aecbe,0x4c8b3c12,0x4c8b42d6,0x4c8d27fa,0x4c8d3ccc,0x4c9034b7,
  0x4c92112a,0x4c9628b7,0x4c965c41,0x4c988f3f,0x4c98d806,0x4c9ac10e,0x4c9de31b,0x4c9e4f9c,0x4ca2a0ba,0x4ca36d06,0x4ca6c9ea,0x4ca7a714,
  0x4cad7d3d,0x4cae21a7,0x4cb0f0b4,0x4cb31f3a,0x4cb724e4,0x4cb7d707,0x4cb97d75,0x4cbaadea,0x4cbd49be,0x4cbd7cd1,0x4cbf3ac3,0x4cbf4b65,
  0x4cc261a5,0x4cc32fa3,0x4cc34f10,0x4cc40f12,0x4cc4c27b,0x4cc5f652,0x4cc798af,0x4cc9af65,0x4cccd2be,0x4cd0eba0,0x4cd25142,0x4cd38aba,
  0x4cd7b124,0x4cd7b3ae,0x4cdaf293,0x4cdc0476,0x4cdd5bfa,0x4cddff2e,0x4ce16b3b,0x4ce31505,0x4ce5d4c6,0x4ce75ccb,0x4cea94d8,0x4ceb6759,
  0x4cebc666,0x4cec312a,0x4ced54aa,0x4cede7a7,0x4cefaf9c,0x4cf231e2,0x4cf237cd,0x4cf26cec,0x4cf2b436,0x4cf42587,0x4cf42804,0x4cfb0c42,
  0x4cfd47b5,0x4cff390d,0x4d00166b,0x4d00bf1b,0x4d0124a0,0x4d037b1f,0x4d04db95,0x4d06c4ca,0x4d06e694,0x4d070f41,0x4d0760cf,0x4d0b114e,
  0x4d0c2822,0x4d124d49,0x4d134274,0x4d1491c9,0x4d14a9ac,0x4d159f02,0x4d16b246,0x4d1bb93f,0x4d1c24c6,0x4d1d29d5,0x4d1e5896,0x4d1ee09f,
  0x4d213e2d,0x4d214c94,0x4d223e21,0x4d237b2a,0x4d23aaef,0x4d2425f6,0x4d26d35e,0x4d27fa20,0x4d289af7,0x4d289eee,0x4d2a0e64,0x4d2a221c,
  0x4d2ce695,0x4d34919e,0x4d352872,0x4d36d407,0x4d38de14,0x4d3a3027,0x4d3dc92d,0x4d3e8097,0x4d3e8136,0x4d3ea1b7,0x4d3eae3d,0x4d3fd2f9,
  0x4d406475,0x4d40eacf,0x4d41916d,0x4d41a571,0x4d42f6d6,0x4d432430,0x4d45739e,0x4d458cb9,0x4d45c3a2,0x4d46d7ce,0x4d46dda7,0x4d47302c,
  0x4d4abdfc,0x4d4c676a,0x4d4edc90,0x4d53908a,0x4d547687,0x4d553339,0x4d55d0ac,0x4d57bc35,0x4d58e0c8,0x4d591d56,0x4d59cd01,0x4d59e8a7,
  0x4d5c1594,0x4d5f729f,0x4d5f790c,0x4d60df6f,0x4d623273,0x4d6238d6,0x4d62e37e,0x4d641389,0x4d65ae6a,0x4d66055b,0x4d664485,0x4d66e770,
  0x4d678ba1,0x4d684e72,0x4d6bd66a,0x4d6d297a,0x4d6e3561,0x4d6f9648,0x4d6fdaca,0x4d714002,0x4d716e74,0x4d72de0c,0x4d7b266c,0x4d7df9c0,
  0x4d7ed4ed,0x4d804530,0x4d81c01c,0x4d821c25,0x4d833c6e,0x4d853f1b,0x4d86503c,0x4d893926,0x4d8a0922,0x4d8a2def,0x4d8b5c41,0x4d8e1371,
  0x4d8eeb5e,0x4d92e882,0x4d934ed0,0x4d94e051,0x4d95dfd1,0x4d97018e,0x4d977430,0x4d98afe0,0x4d9c7d77,0x4d9e2a23,0x4d9ee00e,0x4da0714f,
  0x4da185cb,0x4da1b3de,0x4da6765a,0x4dab5730,0x4dabf5e8,0x4dae0616,0x4daea929,0x4db16eb9,0x4db2d1f4,0x4db3ffef,0x4db4e126,0x4db934a2,
  0x4db94ce9,0x4dba30c3,0x4dbd4bc5,0x4dbe0b1a,0x4dbec4ea,0x4dc13d73,0x4dc1b781,0x4dc3aa34,0x4dc4036d,0x4dc4cb3e,0x4dc8fdc6,0x4dcab0cb,
  0x4dcda2d1,0x4dcdd34d,0x4dcf9c82,0x4dd05b82,0x4dd06c4f,0x4dd0be70,0x4dd72f3a,0x4dd88ec0,0x4ddb0afc,0x4ddb22c8,0x4ddda306,0x4de378a5,
  0x4de3cbc1,0x4de46327,0x4de5c262,0x4de68bfe,0x4de6ee78,0x4dea278d,0x4decdb64,0x4def254d,0x4df0c3d8,0x4df1699f,0x4df260b7,0x4df31f87,
  0x4df3eb59,0x4df66e82,0x4df7b0a9,0x4df93fec,0x4dfd2aee,0x4dfed1eb,0x4dfef33d,0x4dff5bac,0x4e00cd3b,0x4e017cd9,0x4e02f3ab,0x4e03a6e2,
  0x4e052428,0x4e06b2ca,0x4e0763ad,0x4e0ad4c1,0x4e0bcb9e,0x4e0bce3b,0x4e0d1279,0x4e0d660c,0x4e0ded3d,0x4e0e345e,0x4e1abd3e,0x4e1bc43c,
  0x4e1ef7ac,0x4e1f3b1d,0x4e1f9d27,0x4e2085a5,0x4e2088ef,0x4e219fdf,0x4e2364f3,0x4e248ed3,0x4e2865e1,0x4e2bf94d,0x4e2e57d8,0x4e30af8a,
  0x4e30fee9,0x4e323a94,0x4e329a31,0x4e35e872,0x4e36959a,0x4e380d23,0x4e385e51,0x4e3e655e,0x4e3e8ea9,0x4e40b5d8,0x4e42905d,0x4e479ed8,
  0x4e49ea68,0x4e4a1a28,0x4e4b50fe,0x4e4c5416,0x4e4e0961,0x4e4e8fdd,0x4e526801,0x4e528030,0x4e565525,0x4e56cd4b,0x4e582919,0x4e59e600,
  0x4e5b0f5c,0x4e5d2846,0x4e5faacd,0x4e6302c9,0x4e631f4d,0x4e6692e1,0x4e6a0b68,0x4e6a73e4,0x4e70fe46,0x4e73a7f0,0x4e746b48,0x4e74d5e8,
  0x4e7554b0,0x4e760ba8,0x4e76e40c,0x4e76fc23,0x4e779ab5,0x4e794aac,0x4e795610,0x4e7b94bf,0x4e8043c5,0x4e87365e,0x4e879c64,0x4e88f7c9,
  0x4e8a009d,0x4e8d85bd,0x4e9003ab,0x4e929a23,0x4e931099,0x4e9404c8,0x4e941546,0x4e941fc8,0x4e948b41,0x4e950be6,0x4e960577,0x4e987274,
  0x4e9c59ed,0x4e9d4eb9,0x4e9f3177,0x4ea04e6d,0x4ea0a1b5,0x4ea0b3f4,0x4ea121b3,0x4ea18f27,0x4ea4fb7e,0x4ea7ca63,0x4ea9f197,0x4ead0bfc,
  0x4eadcd92,0x4eae8bbf,0x4eaf5cd2,0x4eb1646c,0x4eb1b8ea,0x4eb3c7a8,0x4eb42fa9,0x4eb874ac,0x4eb921b7,0x4eba09fe,0x4ebaa460,0x4ebba587,
  0x4ebd8a54,0x4ec3102b,0x4ec41124,0x4ec66d8e,0x4ec690a4,0x4ecb0e89,0x4ece2440,0x4ece459d,0x4ecea08b,0x4ed06f41,0x4ed19485,0x4ed1c4e6,
  0x4ed2482d,0x4ed2592b,0x4ed437f0,0x4ed476ff,0x4ed54e06,0x4ed5c4ef,0x4ed6d2ac,0x4ed77ff7,0x4ed9a129,0x4ed9c8fe,0x4ed9ee7c,0x4edb1134,
  0x4edb1c13,0x4ede3c1e,0x4ee07b9e,0x4ee301f3,0x4ee4b31c,0x4ee518f7,0x4ee58c08,0x4ee781e6,0x4ee799b0,0x4ee984ff,0x4ee9ad5c,0x4eef0205,
  0x4ef06e27,0x4ef182b6,0x4ef208a9,0x4ef20976,0x4ef2231b,0x4ef5b149,0x4ef80473,0x4ef8ce6f,0x4efba5aa,0x4efbbaaa,0x4eff753d,0x4f0367db,
  0x4f03a3cf,0x4f0910f4,0x4f09e2f6,0x4f0ee53f,0x4f14a831,0x4f1598a5,0x4f15f875,0x4f1881e9,0x4f19579d,0x4f1971c7,0x4f21450d,0x4f29c858,
  0x4f29d79e,0x4f2a68b4,0x4f2cf2ca,0x4f2deeb6,0x4f2f4136,0x4f2f6cca,0x4f3175f5,0x4f33bbf3,0x4f340bdc,0x4f3554a9,0x4f364034,0x4f38f550,
  0x4f393cc5,0x4f3ab6eb,0x4f3bb0d0,0x4f3c2a0a,0x4f3efdf1,0x4f3f9b8a,0x4f41a844,0x4f451771,0x4f45debf,0x4f47f5a2,0x4f48719c,0x4f49817a,
  0x4f4a1d14,0x4f505c5a,0x4f56c682,0x4f57883b,0x4f584730,0x4f58c04f,0x4f5d28f1,0x4f5d92df,0x4f603546,0x4f609197,0x4f618e72,0x4f61afb4,
  0x4f61f6a0,0x4f64a1a5,0x4f651847,0x4f67ac76,0x4f689569,0x4f696a16,0x4f6a7b7d,0x4f6ae555,0x4f6affd7,0x4f6b8767,0x4f6bd889,0x4f7203dc,
  0x4f7240ad,0x4f728cfe,0x4f7675b9,0x4f773c03,0x4f7a8475,0x4f7acad6,0x4f7ae47b,0x4f7b8c94,0x4f7bb131,0x4f7e15d7,0x4f816522,0x4f82425c,
  0x4f82830b,0x4f839b6f,0x4f841d30,0x4f895f23,0x4f8cf4d1,0x4f8d5b7d,0x4f8db468,0x4f8de1a8,0x4f90977e,0x4f916762,0x4f933c83,0x4f94d098,
  0x4f95bfd8,0x4f992b49,0x4f9abc70,0x4f9b4590,0x4f9c861a,0x4f9d4de7,0x4f9d80aa,0x4f9e3833,0x4fa1f376,0x4fa3b72b,0x4fa3c11b,0x4fa692fe,
  0x4fa6eab8,0x4fa9270e,0x4fa9ce55,0x4fab08a8,0x4fab7c89,0x4fabed20,0x4fac3d6d,0x4fad9e48,0x4fadc6d4,0x4fb07247,0x4fb09e9e,0x4fb16ea5,
  0x4fb3b805,0x4fb535b4,0x4fb85cf1,0x4fb9d6cf,0x4fbc6833,0x4fbdfc86,0x4fbf34e2,0x4fbfbf45,0x4fc38b3b,0x4fc39d07,0x4fc56815,0x4fc6a233,
  0x4fc74d4f,0x4fc7b7c2,0x4fcaed2f,0x4fcbfe5c,0x4fcd5129,0x4fce520f,0x4fd5519b,0x4fd6a0eb,0x4fd6b27a,0x4fd6b4c9,0x4fd6e5fe,0x4fd6eaa9,
  0x4fd6f6a0,0x4fd8072a,0x4fda2553,0x4fdc26a2,0x4fddafea,0x4fddd7d1,0x4fe023d3,0x4fe242ab,0x4fe30065,0x4fe47969,0x4fe5b917,0x4fe7122d,
  0x4fe85c22,0x4fe8bb61,0x4fea36d3,0x4febce54,0x4fec4adf,0x4ff02acd,0x4ff06703,0x4ff15db6,0x4ff958fd,0x4ffb286b,0x4ffba11f,0x4ffda9ae,
  0x4ffe5b8f,0x50000e5d,0x50020b7b,0x500305ff,0x50036e86,0x50039a9e,0x5004ac77,0x5005b5e0,0x5006e16a,0x500740c1,0x500afb7e,0x500bffe5,
  0x500c50c0,0x500dd064,0x500e564f,0x500ea65f,0x501116c5,0x5011e115,0x50125378,0x5012db59,0x50136f9c,0x5013ffe9,0x501552ab,0x5017b573,
  0x5018acf9,0x501a536b,0x501a68a0,0x50209968,0x5022238c,0x50225e48,0x5024a855,0x5028e5de,0x50293220,0x502ea8ba,0x50302a27,0x50320a34,
  0x5034e28d,0x5037bd2a,0x503cf238,0x503e4e7b,0x5042af18,0x50453922,0x504558df,0x50486173,0x504a2fe7,0x504b3862,0x504bcf23,0x504c1a96,
  0x504c2e49,0x504c8669,0x504f3407,0x505163f1,0x5052b43e,0x505412e6,0x505567e6,0x5059b4c5,0x505df790,0x505efdca,0x505f706c,0x50601301,
  0x5061594f,0x5061b29d,0x5066bb36,0x5066f146,0x506881bf,0x5068c019,0x50714c8b,0x5072a2b3,0x5074473d,0x50763613,0x5079fa1d,0x507a26b4,
  0x507af0f0,0x507c6375,0x50802cd0,0x50846a27,0x5084ef53,0x5084f9f6,0x50880e47,0x508994f0,0x508c6a3e,0x508cc5bb,0x508d99ea,0x508ecaf9,
  0x5095ea04,0x509deba2,0x50a3d0c0,0x50a47d62,0x50a4c0c2,0x50a59b40,0x50a602ba,0x50aa4b7f,0x50aaaf43,0x50acae8b,0x50ad8c93,0x50adf514,
  0x50af9b0b,0x50afd800,0x50b6ec4b,0x50b75754,0x50b97b5a,0x50b9d66a,0x50bb31b5,0x50bb3abb,0x50bba5a4,0x50bbb8c8,0x50bc46ba,0x50bc9cb6,
  0x50be62c2,0x50c0a48b,0x50c1745a,0x50c191c5,0x50c20930,0x50c4925a,0x50c5454d,0x50c57478,0x50c89b01,0x50ca4cf2,0x50cbb119,0x50d232a5,
  0x50d2d090,0x50d6895d,0x50d6c709,0x50d6efb3,0x50d9d70b,0x50da415f,0x50dc0d12,0x50ddfb12,0x50e22b66,0x50e5d2a4,0x50e81b98,0x50eba8a5,
  0x50ed6fc4,0x50edb04f,0x50ee2516,0x50eef1cc,0x50ef436e,0x50ef5934,0x50f1b644,0x50f412bf,0x50f55794,0x50f68e36,0x50f757f8,0x50f78149,
  0x50f7f74a,0x50f84877,0x50fa8294,0x50fb2435,0x50fccaa0,0x50fe0027,0x50fe62d8,0x510266ea,0x51041dbc,0x5104e355,0x51051f4d,0x5106da37,
  0x51077c01,0x510823fd,0x5108f382,0x510c6c18,0x510db9be,0x510e9ccf,0x51111025,0x51143eb4,0x5114eb48,0x51152de4,0x5115de7f,0x51167355,
  0x5116915e,0x51176192,0x5118bc03,0x5119aba4,0x511af8e1,0x511b08d5,0x511c63bf,0x511d46b6,0x511d4be9,0x511e9c0b,0x51205acc,0x51238525,
  0x5123e517,0x51247e29,0x512482cc,0x51253285,0x51262e8a,0x51277326,0x51285546,0x5129bd7c,0x5129da58,0x512d1572,0x512ea6b9,0x512ec993,
  0x51323acd,0x5132f655,0x51352156,0x513aa615,0x513b9f33,0x513bc1fb,0x513bf097,0x513cfec4,0x513e6f1c,0x513f53b1,0x5141ce0b,0x5142f2b9,
  0x5143433f,0x51471692,0x514d2985,0x514e0831,0x5150067c,0x5151af7b,0x5156c309,0x515a006d,0x515a6085,0x515ad278,0x515b006c,0x515c9887,
  0x515e7484,0x515ecb29,0x5160f74f,0x51647a96,0x5164c385,0x516654a4,0x51669567,0x5168f343,0x5169a13a,0x516db4e1,0x516f953f,0x51713076,
  0x5171dc3b,0x5174fa2f,0x51759720,0x51769582,0x51778dba,0x5177d327,0x5179b172,0x517a71b2,0x517d62ea,0x517e58cd,0x5180654c,0x51812949,
  0x5181a9a9,0x51847fc1,0x51887abd,0x5188b67f,0x51913b79,0x51922612,0x51931b53,0x5196a994,0x5196c279,0x5196fbda,0x5198ed8d,0x519ac81b,
  0x519e0382,0x519e9872,0x51a14180,0x51a50113,0x51a5edcc,0x51a6c070,0x51a6faa2,0x51a94406,0x51ab431f,0x51ad99b2,0x51aeb330,0x51aef6a4,
  0x51b06075,0x51b3444f,0x51b87980,0x51ba1aa2,0x51bec8f1,0x51c0799a,0x51c1a94c,0x51c37445,0x51c481eb,0x51c5dc4f,0x51c6618f,0x51c8677a,
  0x51c97b35,0x51c9ab28,0x51d0ad59,0x51d1faf3,0x51d98b77,0x51dc23a2,0x51de6d72,0x51e153b4,0x51e9c75c,0x51e9d96b,0x51eb43bc,0x51ebc3df,
  0x51ec211a,0x51ed5176,0x51eda6ae,0x51ef9b0d,0x51f0aae7,0x51f12cff,0x51f72ac0,0x51f77dac,0x51f7cb44,0x51fb6dcc,0x51fda132,0x51fe0aed,
  0x51fe519b,0x51ff28b9,0x51ff87a6,0x5202c60b,0x52043738,0x5204c7fe,0x5205ab47,0x5205b120,0x520624fa,0x52062deb,0x520655cb,0x5206f7d0,
  0x5207537a,0x520872f7,0x5208d671,0x5208fbce,0x520c3ca4,0x520ebf0e,0x520fc7ac,0x52117ed1,0x52126f25,0x52130a70,0x5213a14c,0x52140bde,
  0x52145834,0x5216c03b,0x521d7f5f,0x521dd05a,0x521e60d0,0x521e6143,0x52227446,0x5222df5d,0x52261dde,0x52267b6f,0x522804ff,0x52290e7d,
  0x522c2086,0x522c61fa,0x522f5807,0x52330465,0x52356738,0x5236c420,0x5237575f,0x523c7eef,0x523e2fad,0x523f88be,0x5244503a,0x52465ac9,
  0x524aac63,0x524ac713,0x524beb52,0x524d6f6f,0x524fa86f,0x524fcc4c,0x52521734,0x5255e6f4,0x5257f085,0x52584dbd,0x52591d6d,0x525dbf46,
  0x525dc7a8,0x52616d0e,0x526185b9,0x5263a2f2,0x5269c5ab,0x526e67e5,0x526f0717,0x526fd997,0x5272f52c,0x52748e97,0x5274ac05,0x527662e1,
  0x5277afc5,0x527ac9fb,0x527af69e,0x527bd5a5,0x527c3358,0x527d451c,0x527f1a2f,0x527ff080,0x52835d09,0x5283cc82,0x5285d777,0x528647bf,
  0x52869dd3,0x5286c3e0,0x528779cc,0x5287b44f,0x5287c76b,0x528add8a,0x528bd512,0x528bf0a8,0x528f015f,0x528f58d7,0x5291513a,0x52919342,
  0x529593fa,0x52970293,0x5299c92a,0x529b751c,0x529cfc45,0x529d6c10,0x529d8636,0x529ea327,0x529ea5d7,0x529f2fa5,0x52a3988d,0x52a88d99,
  0x52a8ea46,0x52ab13ce,0x52abda55,0x52ada374,0x52af8591,0x52b3144d,0x52b408c9,0x52b600ff,0x52b65e9c,0x52b79e2c,0x52b7f8c4,0x52ba432e,
  0x52ba81f9,0x52ba9a55,0x52bfdda1,0x52c04660,0x52c0d4f0,0x52c114d9,0x52c75238,0x52cc1bb9,0x52cd7dc5,0x52cf317d,0x52cfc93a,0x52cfcbb3,
  0x52d0a01a,0x52d0a3d1,0x52d0fc2f,0x52d2badc,0x52d3f8a2,0x52d53e6c,0x52ddb632,0x52df44da,0x52e36666,0x52e3d819,0x52e50e33,0x52e589db,
  0x52e59394,0x52e73656,0x52e781e4,0x52e9a48d,0x52ee94f9,0x52f09d0a,0x52f19012,0x52f21971,0x52f646dc,0x52f6dd66,0x52f84119,0x52f94164,
  0x52fcd950,0x52fea066,0x52fef091,0x53014549,0x530375e4,0x5303f298,0x5304f621,0x53074342,0x5307ce19,0x530b1353,0x530d492a,0x530dc2e6,
  0x530f0ccc,0x530f9068,0x531100ac,0x53146500,0x53147c7a,0x5314bf9f,0x53151535,0x5315ed16,0x53164f9f,0x53167897,0x53170d32,0x53184cee,
  0x531c0a54,0x531e7289,0x53204044,0x532104e9,0x5324d553,0x53258adc,0x5325efb3,0x53294b65,0x532d8644,0x532dbb41,0x532e9c0c,0x532f2aac,
  0x532f82ca,0x53305b0b,0x5330f44d,0x53325447,0x53346264,0x5334e48b,0x53350832,0x5337be8b,0x53417551,0x5341ab85,0x5343b1ad,0x5347ff4a,
  0x5349f27b,0x534bfb01,0x534ef42d,0x5353b21e,0x53542d43,0x53550b18,0x53573280,0x5358ecd3,0x535ab07d,0x535b2f2e,0x535eba6d,0x535f11f8,
  0x5362435b,0x5363fa48,0x5364826d,0x5364896a,0x5366aaa8,0x5366ef90,0x536ae990,0x536be851,0x536e1e39,0x536e5f4e,0x536ff565,0x537008ef,
  0x5372329d,0x5372c830,0x5372db62,0x5375d941,0x5377a89d,0x5378f16e,0x537945af,0x537986c0,0x537cbfa7,0x5381e482,0x5382b8d5,0x53837a69,
  0x53843200,0x538544c3,0x538681c8,0x5386df71,0x538913ba,0x538b4a5c,0x538c41e5,0x538d9b88,0x538df30a,0x538e6366,0x53901cdb,0x53920466,
  0x5392b382,0x5392be2e,0x5393ca16,0x539557ae,0x53968167,0x53968eb7,0x53982730,0x53985bb8,0x53994a84,0x5399d936,0x539a29e8,0x539fceed,
  0x53a0eab4,0x53a28087,0x53a3168a,0x53a8010d,0x53ae645f,0x53b24799,0x53b27b19,0x53b2e1b8,0x53b44d6d,0x53b93e7f,0x53ba764e,0x53be49a1,
  0x53bf48b1,0x53bfbaa8,0x53c03b20,0x53c15919,0x53c68405,0x53c6bc4f,0x53c79df1,0x53c7c698,0x53c81037,0x53ca1fb7,0x53cb327f,0x53cc445d,
  0x53cd913e,0x53cedc78,0x53cee96a,0x53d2df1d,0x53d45da2,0x53d59282,0x53d85544,0x53d88ae3,0x53d8a56d,0x53d9054e,0x53d953ff,0x53d9ac19,
  0x53da3443,0x53da85df,0x53dae18e,0x53daf19f,0x53db39e3,0x53db4f68,0x53dc90b7,0x53ddfece,0x53de4c69,0x53e17e5a,0x53e4b73a,0x53eb5c64,
  0x53ec1182,0x53ed8427,0x53ee4e57,0x53f11f0c,0x53fa2712,0x53fae23d,0x53fb0c5f,0x53fb93f1,0x53fc7805,0x53fdb201,0x53fe0467,0x54010213,
  0x54021b8e,0x54043a8a,0x5404a368,0x540623b9,0x5408bdba,0x540a666d,0x540a9b2e,0x540bbd38,0x540d63d7,0x540ee70f,0x5410897d,0x54134d0e,
  0x54140391,0x5416ac01,0x54197c13,0x54197cee,0x541f57c7,0x5420fe08,0x54215c24,0x54228bc1,0x5422b5d6,0x542515e5,0x5425508d,0x5427d407,
  0x542ecb9f,0x5431a869,0x5431ed3a,0x5432519a,0x5438ce14,0x5439a46d,0x543a1d79,0x543a2450,0x543a721d,0x543b2592,0x54428e82,0x5448e999,
  0x544bc9bd,0x545034df,0x5450c98b,0x5450d32a,0x5451fe4a,0x54550c9f,0x545698a9,0x5456dd2f,0x5459df72,0x545fb468,0x5460e89c,0x5461e7e0,
  0x5462187a,0x54622ea8,0x5464892d,0x54662a19,0x54668e62,0x5466ee41,0x5467a155,0x54689dd1,0x546b1533,0x546cf6ed,0x546f545b,0x546f5b52,
  0x546fc16d,0x54734be2,0x5474f9b6,0x5475d861,0x5477061c,0x54780694,0x547987f1,0x547a16c3,0x547c4aba,0x547d88cb,0x54804ce5,0x548097af,
  0x5484f245,0x548680c5,0x5488e35d,0x548996dc,0x54899a0b,0x548a06c2,0x548b3cc9,0x548bed2a,0x548d842c,0x548d87c6,0x548e1cf7,0x5490d015,
  0x5490d969,0x54937dd5,0x5494ee6a,0x549805f9,0x54996d57,0x549a5369,0x549c3854,0x549c55a5,0x549d1c0d,0x54a000e9,0x54a13706,0x54a1b8ac,
  0x54a3a8b6,0x54a498c5,0x54a4a40f,0x54a59104,0x54a7d5a3,0x54a913b7,0x54aa76f4,0x54ae77e8,0x54af3d13,0x54b0015c,0x54b1e04f,0x54b4c058,
  0x54b717ac,0x54b7b1f9,0x54b7e61b,0x54ba1cce,0x54be220a,0x54be55a5,0x54be72dc,0x54bec9b7,0x54bf9586,0x54c03cb8,0x54c0cacb,0x54c19ab8,
  0x54c3945d,0x54c3c4da,0x54c411a1,0x54c48efb,0x54c5ae9b,0x54c87d28,0x54cac018,0x54cb0264,0x54cb94a2,0x54cc36d4,0x54ce5a4c,0x54ce72c9,
  0x54cf2fe5,0x54cf6dcf,0x54d04c30,0x54d1b0d0,0x54d3254d,0x54d389eb,0x54d8118f,0x54d87419,0x54d8d00f,0x54e0919e,0x54e1fb70,0x54e379da,
  0x54e4e31a,0x54e59fa3,0x54e5e821,0x54e78567,0x54e8251a,0x54e86bda,0x54e88a12,0x54e89c9c,0x54ead2d3,0x54eb0bd7,0x54ebe727,0x54edbb9a,
  0x54efb301,0x54f196a4,0x54f514d7,0x54f5439e,0x54f5f662,0x54f7a287,0x54f86b1b,0x54f90125,0x54f90f0c,0x54f98901,0x54fa2b73,0x54fa4962,
  0x54fbf884,0x54fc2544,0x54fc8d75,0x54fe6fb4,0x55038c7e,0x550835a6,0x550a48af,0x55115a99,0x5511c8dc,0x551370fb,0x5513d09a,0x551645e3,
  0x55174f46,0x551b31ea,0x551bcff2,0x551c6768,0x551ef289,0x5521b4bf,0x5522b88a,0x552395d8,0x5524cad4,0x55267058,0x55275cad,0x5527b019,
  0x55296913,0x552b8157,0x552b8bac,0x552c0773,0x552c75a1,0x552df890,0x55305895,0x5531a995,0x553370ce,0x553390bf,0x553905e1,0x553b528c,
  0x553bd53e,0x553fb7cb,0x55429f6b,0x554582b3,0x55466bdd,0x5546e9c4,0x5547fe3e,0x5549cfc3,0x554b686c,0x554bbb73,0x554c98f3,0x554dc4e9,
  0x555093be,0x55514176,0x555236ba,0x55524ac0,0x55524b53,0x55566ea3,0x555686bd,0x55571746,0x5557d0b4,0x5558a1b3,0x555b8bf1,0x555b9189,
  0x555bb069,0x555c7248,0x556042ec,0x5562598a,0x55636813,0x556398fb,0x5566b895,0x556758c7,0x556808ae,0x55692d66,0x556a6520,0x556beb4a,
  0x556c8524,0x556d499d,0x556dbed0,0x556e2ed2,0x556e6139,0x5573a22a,0x55758717,0x55791fbe,0x5579998a,0x557afb3b,0x557b431c,0x557d97f0,
  0x557dd8f7,0x557f1648,0x558172dd,0x5581c4b9,0x5581cc1a,0x55852f43,0x5585f56a,0x55881551,0x558962f4,0x558c6f6f,0x558c9850,0x558f54d6,
  0x558fd047,0x55903a3d,0x559137e2,0x55919aff,0x5591dbca,0x55934e77,0x55936745,0x5593932e,0x5593a296,0x559475e8,0x55967cab,0x559e256f,
  0x559f3fd8,0x55a131cb,0x55a2cbd7,0x55a40a05,0x55a584ae,0x55a77c54,0x55aa9ab5,0x55aaffe3,0x55abe18b,0x55ada23a,0x55af0f83,0x55afbc55,
  0x55b263de,0x55b2e6b5,0x55b5751b,0x55b9c2f5,0x55ba7680,0x55bb4409,0x55bbb325,0x55bd518f,0x55c0c0c0,0x55c2da11,0x55c31a09,0x55c33d1a,
  0x55c35da3,0x55c3c5a3,0x55c4803a,0x55c7f320,0x55c901fd,0x55ccdf73,0x55cf59d7,0x55d0c1f0,0x55d21540,0x55d29600,0x55d29dee,0x55d2e265,
  0x55d3c8b6,0x55d56272,0x55d5c176,0x55d65653,0x55d73249,0x55d837e9,0x55d9d8e2,0x55db82a8,0x55dc97da,0x55dcbf93,0x55dde557,0x55e38e64,
  0x55e41d1a,0x55e5a85c,0x55e618d9,0x55eaf663,0x55ec20e8,0x55ed2ce3,0x55ee8365,0x55eeebc9,0x55f2a5d2,0x55f2ca5b,0x55f489d0,0x55f4a00f,
  0x55f607d1,0x55f6ce03,0x55f7d572,0x55f8f4ad,0x55faf900,0x55fcfde6,0x55fe420f,0x55ffc57c,0x56003ff8,0x5603e5dd,0x5604c971,0x5604e7da,
  0x560573f3,0x56079641,0x5609200c,0x56099965,0x560baf4b,0x560bbeb0,0x560c70bd,0x560d36b4,0x56114121,0x5614ffef,0x5615c1dc,0x56160721,
  0x5619964b,0x561a4ffa,0x561ac5de,0x561c1d8e,0x561c7603,0x56214c02,0x562213c0,0x5624fb0a,0x5625ad19,0x562803d3,0x5629b1f5,0x562d9015,
  0x5631dc37,0x563454e5,0x56352033,0x563638b9,0x5638d428,0x563a5879,0x563c064b,0x563e6b4a,0x563ee8b9,0x564042c7,0x56424714,0x56443273,
  0x5647a922,0x564a075b,0x564d3964,0x56504520,0x5651f001,0x56520595,0x5654f8e6,0x5658eb7e,0x565ac745,0x565b762f,0x565befaa,0x565ca340,
  0x565cbe4c,0x565e2809,0x565f0973,0x565f9696,0x56601fe3,0x5661f7c4,0x566280fd,0x56663713,0x56668b69,0x56672475,0x56675d64,0x56687a35,
  0x566ac639,0x566aeebe,0x566bacbf,0x566bd8f6,0x566e6f52,0x56700d5d,0x56749a95,0x5674b548,0x5674d168,0x56750034,0x567b9cff,0x567c2a38,
  0x567c656e,0x567e52a0,0x56829417,0x568386f8,0x56839670,0x56853d76,0x56858e28,0x56872934,0x5688e4d8,0x5689d30f,0x568b2b9c,0x568b8aaa,
  0x568beb71,0x568c8a2e,0x568d3cd5,0x568f58b8,0x56915d09,0x56935715,0x56937fc6,0x56957735,0x569732b3,0x569ba88c,0x569c3f79,0x569e9550,
  0x569fb2cf,0x569fbb7f,0x56a2eefb,0x56a48829,0x56a539c9,0x56aaa761,0x56aaba94,0x56ab95e0,0x56ace36a,0x56ae832c,0x56b2a1de,0x56b2bfb7,
  0x56b31076,0x56b42434,0x56b63a84,0x56b74ec2,0x56b81359,0x56b8c24a,0x56ba0646,0x56bacb16,0x56bafa57,0x56bb48df,0x56bd4e2f,0x56bebebc,
  0x56c01c4d,0x56c11b43,0x56c237cf,0x56c3f4d2,0x56c5235f,0x56c5a9da,0x56c6cabe,0x56c968e4,0x56c97339,0x56cfe2d8,0x56db165e,0x56dc9522,
  0x56dd1ba2,0x56ddb006,0x56df79b4,0x56e0df80,0x56e157ea,0x56e38218,0x56e5e67f,0x56e6a063,0x56e80559,0x56e82771,0x56e8b605,0x56e96ef1,
  0x56ec2189,0x56eca4f6,0x56ee27cd,0x56eed236,0x56f206a2,0x56f575a6,0x56f58ad6,0x56f7cc9c,0x56fd1d5f,0x56fd1f69,0x56ff45e7,0x57004b70,
  0x57006fb1,0x57036057,0x57041c38,0x570638ab,0x5707d10c,0x570851e1,0x57085ffc,0x570861fe,0x570a5121,0x570a71af,0x570b5389,0x570b8f98,
  0x570e8af5,0x57101114,0x57101dfc,0x5711a22e,0x5711d0d6,0x5713fb38,0x57189aa6,0x571a7de6,0x571c13c5,0x571c7e3d,0x571d981e,0x571e2d59,
  0x571e851c,0x571f37e0,0x571fd746,0x5720424f,0x5720913a,0x5724431b,0x57259e80,0x572dadd4,0x572f9259,0x572feded,0x5730089a,0x573075e5,
  0x573147dd,0x5731d180,0x57340a93,0x5734e7db,0x573544df,0x573594a5,0x57363905,0x573a404c,0x573aa523,0x573b8968,0x573d0463,0x573d651c,
  0x573dd3fd,0x573e07ed,0x57438429,0x574722a3,0x57485dff,0x57492864,0x574d4100,0x575589b4,0x5755cc81,0x5755f056,0x575ae067,0x575ca906,
  0x575ce14e,0x575e5973,0x57616fbb,0x576175df,0x5764ddc7,0x576680b6,0x57694864,0x576abe60,0x576adaf7,0x576b766e,0x576e3554,0x5772ac18,
  0x57742517,0x5775dd35,0x57768ab9,0x5777b005,0x57799048,0x577a462d,0x577b405b,0x577b5f4f,0x577c663d,0x577d280d,0x577d7902,0x577eaa20,
  0x577eedd2,0x57811460,0x57815ddc,0x5784d604,0x578b6fc5,0x578ba0dc,0x578cb20e,0x578e453f,0x5790b9d1,0x57932011,0x579322b3,0x579399a7,
  0x57952078,0x5796d404,0x5796fead,0x579d7a66,0x579f78da,0x579f7f0f,0x579f972f,0x57a24beb,0x57a942e0,0x57aa25e8,0x57aa84ba,0x57adb5a7,
  0x57aedf39,0x57af1e47,0x57b08983,0x57b2ba11,0x57b47198,0x57b8b548,0x57b98649,0x57bb2ccd,0x57bbff5f,0x57bf1df8,0x57c2b48e,0x57c613e9,
  0x57c96f5e,0x57c9b63f,0x57c9e5f2,0x57cadd13,0x57cbba82,0x57cd3107,0x57cda4d1,0x57d06f55,0x57d127a4,0x57d38bc3,0x57d6447d,0x57d66432,
  0x57d6c3c4,0x57d7b338,0x57d94b25,0x57d99799,0x57d9ed47,0x57de4f0b,0x57dedcaf,0x57e21b31,0x57e39455,0x57e52c13,0x57e7f9cc,0x57eb2a3b,
  0x57eb7127,0x57ed24cb,0x57eeacdf,0x57ef79ac,0x57f0e99e,0x57f23b90,0x57f363bf,0x57f3bc54,0x57f637f8,0x57f66511,0x57f665fe,0x57f8921d,
  0x57fb2031,0x57fb4e31,0x57fbe5fe,0x57fc2e60,0x57fc9a26,0x57fd9d36,0x57fe9200,0x57ff3990,0x57ff8cc8,0x58065e76,0x58079bd6,0x58085e82,
  0x580b7991,0x580c036f,0x581310c0,0x58150098,0x58151b46,0x58168217,0x5816de11,0x58170ac9,0x58174586,0x581893ba,0x58195a1c,0x58196184,
  0x58199b53,0x581a6221,0x582013db,0x58228f52,0x5822c555,0x5822f36e,0x5825e0a2,0x5828b9d8,0x582a86d1,0x582c7113,0x582eeea4,0x58319533,
  0x5831e427,0x5832ee9a,0x58346ada,0x58360772,0x5836fd50,0x5837f233,0x58380a50,0x58384ce1,0x583b1132,0x583c0ad5,0x583d4a7c,0x583ecaa3,
  0x583f3708,0x58401797,0x5840c525,0x58460235,0x5846657c,0x584b0453,0x584c2ea8,0x584db78c,0x584e5c75,0x584e8286,0x5851342d,0x5853a11b,
  0x585a6ddb,0x585a82f4,0x585b313d,0x585ba9cb,0x585ce184,0x585d9a02,0x585dbc0a,0x585f23c1,0x585f9ef7,0x586193b7,0x5863df13,0x58641b7e,
  0x586438a8,0x58646ae5,0x5864eac1,0x58666dab,0x58686eb2,0x5869a92d,0x586b4519,0x586cd69a,0x586d1632,0x586e8d72,0x5871b918,0x58726bf8,
  0x58729ee1,0x58749fb7,0x5876475e,0x587a971f,0x587bfc16,0x587cf86b,0x587e1de6,0x587ee1e1,0x5883e601,0x588798db,0x588abe66,0x588b1372,
  0x588b4c5b,0x588b998d,0x588d7db7,0x588dba46,0x588f6701,0x588f7f9d,0x58906d59,0x589249d6,0x5893f511,0x5895b04f,0x5895e5e0,0x58966057,
  0x589862d0,0x5898e5a3,0x58997e78,0x58999399,0x589a5aa4,0x589b9dca,0x589c542d,0x589cac78,0x589fe053,0x58a1970f,0x58a7d0d2,0x58a7f7c7,
  0x58a8bae4,0x58aa459e,0x58ac296a,0x58b0036e,0x58b0ec2a,0x58b11127,0x58b2c9f9,0x58b4b6a7,0x58bbbff9,0x58bdb042,0x58c4e7f6,0x58c51c45,
  0x58c790c9,0x58c9607e,0x58c9cf87,0x58c9ff18,0x58ca4ba0,0x58caae3b,0x58cb4644,0x58cb74d3,0x58cb7676,0x58cba6a1,0x58d15b67,0x58d2a97e,
  0x58d2c2be,0x58d2d958,0x58d43499,0x58d48f5e,0x58d7ba49,0x58da0e65,0x58db100a,0x58dd12dd,0x58dde8f6,0x58dee336,0x58e1d094,0x58e2c927,
  0x58e4e90d,0x58e56284,0x58e66b1c,0x58e73c5d,0x58ea1072,0x58ea57e7,0x58ecea61,0x58ef4663,0x58f02178,0x58f180b7,0x58f27a0f,0x58f592c1,
  0x58f5da95,0x58f907a2,0x58fb195f,0x58fb4580,0x58ffab24,0x59021e63,0x59047708,0x5906c741,0x59093e2f,0x590f067f,0x59109fe8,0x5910eaf3,
  0x5911c310,0x591519f8,0x5919829e,0x591ac049,0x591b0151,0x591b1bad,0x591bcca4,0x591c7913,0x591d6726,0x591ee60a,0x592086d1,0x5920fe78,
  0x59222406,0x5924f312,0x5925fcb5,0x592802da,0x5928d21c,0x592a5bd4,0x592d2fd5,0x592fae5b,0x59306575,0x5930b3e6,0x59318022,0x5933b92a,
  0x5935291b,0x5935670c,0x5935d797,0x593a91d9,0x593e26ca,0x59442b06,0x5944b3d3,0x5945cc8d,0x59467be9,0x5947b281,0x594b22ae,0x594cb7d0,
  0x5950498a,0x59540dad,0x595a0e1f,0x595bb2d5,0x595be1aa,0x595c88e9,0x595e15e2,0x5966f2a9,0x59670e41,0x596881fb,0x59699839,0x596b5b36,
  0x596d83fd,0x596f1e2d,0x5970a950,0x59710de4,0x5974785f,0x59761b9d,0x59773e4e,0x59795efb,0x597a1e73,0x597dd5cb,0x597fecd8,0x59816409,
  0x59825c97,0x5983e754,0x59886063,0x5989599a,0x5989f73c,0x598d4df4,0x598e748a,0x598f20a4,0x59905d0d,0x5994a3e8,0x5994e7c8,0x5994f2e5,
  0x599a525b,0x599a8bba,0x599cfac2,0x599dc4b7,0x599ef0e2,0x59a01e29,0x59a1040d,0x59a5871e,0x59a77b67,0x59a78db1,0x59abe128,0x59ae8ced,
  0x59b0403f,0x59b11d61,0x59b45fed,0x59b5896c,0x59b8158c,0x59b8a118,0x59bbfbe5,0x59c0d8d9,0x59c1c5c3,0x59c3b61d,0x59c5aa69,0x59c5f9d2,
  0x59c82fc2,0x59c9b215,0x59cd73f1,0x59d15dfa,0x59d192a9,0x59d1d041,0x59d7f3ff,0x59da8be4,0x59dbc20f,0x59dbf964,0x59dca705,0x59dfef08,
  0x59e37e2a,0x59e46c2b,0x59e58b06,0x59e61660,0x59e82f0e,0x59e98b0f,0x59ecc82a,0x59ecdc48,0x59ed72b9,0x59f117d1,0x59f1690e,0x59f186aa,
  0x59f24461,0x59f5a159,0x59f5ca51,0x59f611b9,0x59f832fb,0x59f85e10,0x59fd10ac,0x59fdc353,0x59fe6c06,0x5a00e1f6,0x5a06dcfc,0x5a07d5b1,
  0x5a091a79,0x5a0b5d31,0x5a0f83f2,0x5a102470,0x5a103a7d,0x5a106e84,0x5a123828,0x5a1333a8,0x5a150ed4,0x5a1919f5,0x5a1931c6,0x5a1963a8,
  0x5a198be5,0x5a1c5290,0x5a1c9261,0x5a1d32df,0x5a1d336b,0x5a1d4edd,0x5a1e00e3,0x5a1e6736,0x5a1e7e3a,0x5a2070bc,0x5a2233d0,0x5a24e607,
  0x5a26a918,0x5a27d40a,0x5a283569,0x5a284b5a,0x5a2ca81f,0x5a2cc223,0x5a2e5db1,0x5a2ead48,0x5a316c4e,0x5a31f5e4,0x5a325558,0x5a32f636,
  0x5a338d3e,0x5a33f662,0x5a34342a,0x5a34a7a7,0x5a34cd29,0x5a35cf3e,0x5a35e351,0x5a36f79f,0x5a372677,0x5a37d987,0x5a3818ac,0x5a3849e2,
  0x5a38f2ae,0x5a3d68c6,0x5a3d7589,0x5a4012ce,0x5a412b33,0x5a414344,0x5a41af60,0x5a428152,0x5a444bd5,0x5a482ca4,0x5a49c8b6,0x5a4c477c,
  0x5a4cc0d1,0x5a4daf28,0x5a4f99d0,0x5a4fad9c,0x5a4ff24f,0x5a5190a8,0x5a522aa9,0x5a52e8e0,0x5a53c4a2,0x5a57d9f9,0x5a581b0d,0x5a58ffb5,
  0x5a5cff97,0x5a5e2ed8,0x5a5eb4fd,0x5a5fa4dd,0x5a61e00e,0x5a61fee9,0x5a634641,0x5a6651d0,0x5a66de9b,0x5a676a48,0x5a6ac393,0x5a6b4bf3,
  0x5a6ba9ba,0x5a6c8772,0x5a6e0a81,0x5a739d9c,0x5a74ddbb,0x5a75a1a5,0x5a75b727,0x5a7836f5,0x5a7a48e9,0x5a7b7036,0x5a7dd193,0x5a7eb73a,
  0x5a82b13e,0x5a838af5,0x5a8474c4,0x5a8a1264,0x5a8a67ed,0x5a8a897d,0x5a8ab33a,0x5a8b8b31,0x5a8bec9c,0x5a8fa62a,0x5a8fe562,0x5a90c8cf,
  0x5a930233,0x5a938c93,0x5a972486,0x5a977a6b,0x5a996479,0x5a9b7aca,0x5a9d1d65,0x5aa00413,0x5aa27387,0x5aa491ae,0x5aa6681f,0x5aa7b61d,
  0x5aa88f8e,0x5aaa5336,0x5aaab637,0x5aac4cbf,0x5aace8cc,0x5aad6899,0x5aaf9344,0x5ab15dd6,0x5ab2ed55,0x5ab30cda,0x5ab4db23,0x5ab50662,
  0x5ab74589,0x5ab77312,0x5ab84d43,0x5ab8b60b,0x5ab97634,0x5abc3f9a,0x5abc7c4f,0x5abe62ae,0x5ac104da,0x5ac2d12b,0x5ac36231,0x5ac452ed,
  0x5ac80dbe,0x5ac8f759,0x5aca81e7,0x5acb446a,0x5acc100b,0x5acf6700,0x5ad11e64,0x5ad5ca87,0x5ad5dc3c,0x5ad9df1c,0x5adce38d,0x5add0d80,
  0x5ae185c0,0x5ae368de,0x5ae8411a,0x5ae8f506,0x5aeb029f,0x5aeba9d7,0x5aedb65d,0x5aee05ab,0x5aef7780,0x5af1e7a8,0x5af3ad43,0x5af5bbba,
  0x5af7740c,0x5af89a11,0x5afa18c9,0x5afa7568,0x5afbe460,0x5afc5ed2,0x5afd66bd,0x5afe17ec,0x5afec8ae,0x5aff80e2,0x5affbb8d,0x5b001cfe,
  0x5b00d26c,0x5b01ed13,0x5b02633d,0x5b03476f,0x5b04c470,0x5b065396,0x5b07d505,0x5b0936bf,0x5b0a7e7a,0x5b0aea50,0x5b0f1dd6,0x5b0f2e49,
  0x5b105a61,0x5b117ab5,0x5b1195af,0x5b13fd75,0x5b145057,0x5b15b4b1,0x5b15bb4f,0x5b17a501,0x5b1857ef,0x5b1b1311,0x5b1cd078,0x5b1e1539,
  0x5b200f44,0x5b2432c7,0x5b261da0,0x5b28ad8f,0x5b291a8a,0x5b2c5fd5,0x5b30af0d,0x5b315977,0x5b324f92,0x5b328895,0x5b337a5e,0x5b34cb3a,
  0x5b34d4b1,0x5b3626fa,0x5b375abe,0x5b40a834,0x5b42b237,0x5b48a80f,0x5b49e6c1,0x5b4a3ab5,0x5b4fd985,0x5b507ed2,0x5b522bde,0x5b525de4,
  0x5b52707b,0x5b53d18b,0x5b54b264,0x5b550378,0x5b574f5c,0x5b599143,0x5b59f776,0x5b5c1987,0x5b5dcae0,0x5b5ee8c4,0x5b5f3b72,0x5b5fdeb6,
  0x5b6293d9,0x5b644229,0x5b646015,0x5b671693,0x5b680f59,0x5b68143e,0x5b6b7d8e,0x5b6c2d09,0x5b6d59ea,0x5b703184,0x5b710608,0x5b78c10a,
  0x5b791619,0x5b7b95b5,0x5b7b9d05,0x5b81de8b,0x5b851f0d,0x5b8632f3,0x5b886a9f,0x5b8956e8,0x5b8a414e,0x5b8ca6e3,0x5b8deabf,0x5b8eb6b3,
  0x5b91eb57,0x5b93ae67,0x5b97210e,0x5b98ad96,0x5b996698,0x5b9b37d2,0x5b9c7017,0x5b9cc6b8,0x5ba18ef5,0x5ba1ed28,0x5ba30763,0x5ba737c0,
  0x5baa065c,0x5baaac7d,0x5bac0351,0x5baeba85,0x5bb11c11,0x5bb4c2d3,0x5bb72e9e,0x5bba4a45,0x5bbb1756,0x5bbbb6fe,0x5bbd44c1,0x5bbda985,
  0x5bbf5775,0x5bc079fb,0x5bc0f012,0x5bc266d8,0x5bc4397f,0x5bc70a0f,0x5bc7639d,0x5bc8b687,0x5bc8dcf2,0x5bcdd403,0x5bcfb44f,0x5bd4289e,
  0x5bd42e89,0x5bd8b4cc,0x5bd8c8e5,0x5bd8e93e,0x5bd93aac,0x5bdaf79f,0x5bde7131,0x5be1043c,0x5be1880d,0x5be30874,0x5be3e2e5,0x5be43372,
  0x5be763fb,0x5bea3643,0x5beb7524,0x5bed61c9,0x5beee547,0x5bf00fd4,0x5bf03959,0x5bf03f79,0x5bf0878f,0x5bfa8638,0x5bfc86a2,0x5bfcadae,
  0x5bfdd337,0x5bfe6b66,0x5bfeced0,0x5c00583f,0x5c00dcb1,0x5c02b457,0x5c032b4c,0x5c033c64,0x5c034102,0x5c03968c,0x5c08860d,0x5c089bdd,
  0x5c097809,0x5c0a1795,0x5c0b6e6d,0x5c0c31c4,0x5c0df31b,0x5c0e45a1,0x5c120ed2,0x5c141d26,0x5c1580b2,0x5c18167f,0x5c18769c,0x5c19edaa,
  0x5c1d5d05,0x5c1eb66f,0x5c2004ba,0x5c204e53,0x5c207814,0x5c20ffcf,0x5c216e1c,0x5c217be0,0x5c23127d,0x5c23679c,0x5c275cb4,0x5c286a4b,
  0x5c2c46eb,0x5c2d538f,0x5c31904f,0x5c3429f4,0x5c351ac8,0x5c36792e,0x5c3851be,0x5c3a70bf,0x5c3b3411,0x5c3e9f08,0x5c4096ae,0x5c40e6ce,
  0x5c412af5,0x5c4823f0,0x5c4a597c,0x5c4b1720,0x5c4d495e,0x5c4e4bb0,0x5c4e6bc3,0x5c4ea630,0x5c4f3d0d,0x5c53b662,0x5c589331,0x5c59bf46,
  0x5c5b5c83,0x5c5b78be,0x5c5d2150,0x5c5d7cd5,0x5c6113c5,0x5c65766e,0x5c681198,0x5c68642a,0x5c68e8c4,0x5c6b02ca,0x5c6b2dd9,0x5c6c16da,
  0x5c6e6aa4,0x5c6e93fa,0x5c70bcdb,0x5c710ea2,0x5c712e00,0x5c73bf4c,0x5c77eb05,0x5c7b9198,0x5c7c153c,0x5c7cce50,0x5c7cdd08,0x5c7d5463,
  0x5c7e2b1f,0x5c7e97a6,0x5c83592d,0x5c84521f,0x5c861dbe,0x5c8a79c2,0x5c8ef141,0x5c8f5d64,0x5c9123e6,0x5c925d66,0x5c95f587,0x5c979e02,
  0x5c9814f0,0x5c981c16,0x5c9829f1,0x5c9c4958,0x5c9e9ba2,0x5ca34260,0x5ca4f40e,0x5ca5fe5b,0x5ca7949f,0x5cab8f5d,0x5cad214e,0x5caeae0e,
  0x5caee759,0x5cafc735,0x5cb03a5e,0x5cb208b7,0x5cb23f3a,0x5cb3e373,0x5cb9863b,0x5cba6cd3,0x5cbb64f2,0x5cbc205c,0x5cc05f9a,0x5cc15270,
  0x5cc1d3e0,0x5cc1dc62,0x5cc465ce,0x5cc53f87,0x5cc580ff,0x5cc5d965,0x5cc69dd6,0x5cc72a74,0x5cc8b74b,0x5ccb9b6e,0x5cce9c7c,0x5cd184e3,
  0x5cd1cf1e,0x5cd2db02,0x5cd4b514,0x5cd4fa24,0x5cd64241,0x5cd73974,0x5cd8a89e,0x5cd8d901,0x5cdc3daf,0x5cdd9746,0x5cdf0d65,0x5ce0354e,
  0x5ce69e5b,0x5ce761ec,0x5ce935b3,0x5cea6f45,0x5ceae791,0x5ceaf33a,0x5cebfcee,0x5ced68a2,0x5cede9cd,0x5cedee99,0x5cf1392a,0x5cf3b65c,
  0x5cf4cea2,0x5cf686e9,0x5cf93a7d,0x5cf94875,0x5cfa6842,0x5cfb5437,0x5cfb72fa,0x5d001492,0x5d07e792,0x5d089e2e,0x5d0987e0,0x5d0abfed,
  0x5d0e800a,0x5d0f31f0,0x5d10d0f2,0x5d125d43,0x5d13e079,0x5d141065,0x5d1436f9,0x5d18024b,0x5d1835cd,0x5d1a2c0a,0x5d1abc89,0x5d1b3e72,
  0x5d1d7686,0x5d1d8000,0x5d1dfa5b,0x5d1e9808,0x5d20f6d5,0x5d216600,0x5d232e1f,0x5d24515b,0x5d26aa1f,0x5d26e4e4,0x5d279e11,0x5d294255,
  0x5d298aa9,0x5d2caa87,0x5d2dc4da,0x5d2e7636,0x5d3298a4,0x5d359795,0x5d36c6e7,0x5d39bc6f,0x5d3a05ac,0x5d3ab32d,0x5d421ba7,0x5d4288b2,
  0x5d42ca36,0x5d451a2d,0x5d453383,0x5d464aba,0x5d47a311,0x5d48d9cb,0x5d49c968,0x5d4c1f4e,0x5d4e1f76,0x5d4f3fd8,0x5d511ceb,0x5d51fa63,
  0x5d52aae2,0x5d52ad65,0x5d52bec3,0x5d554db9,0x5d5689bc,0x5d5ab200,0x5d5ab28b,0x5d5d3a3d,0x5d5ee8b7,0x5d6017c7,0x5d61cf94,0x5d66c1e8,
  0x5d6bff98,0x5d6d1e35,0x5d6e5fc4,0x5d6fc299,0x5d71c5e8,0x5d72544c,0x5d72ccb1,0x5d74b4c2,0x5d74d513,0x5d75463d,0x5d7c8974,0x5d7cd84a,
  0x5d7efd94,0x5d812c52,0x5d828a0f,0x5d82aa0e,0x5d830509,0x5d834696,0x5d854d8a,0x5d8940a6,0x5d894a5c,0x5d89d8f3,0x5d8b7d3e,0x5d8cf307,
  0x5d8eb500,0x5d8f3e61,0x5d8f47d2,0x5d908167,0x5d935e8d,0x5d96efe2,0x5d9838e1,0x5d99e851,0x5d9a46e2,0x5d9b0dba,0x5d9d8b13,0x5d9d966f,
  0x5d9f2be0,0x5da0ba6b,0x5da572ad,0x5da78db0,0x5da81c13,0x5da9f5a2,0x5dacced6,0x5dad10f9,0x5dad2ef2,0x5dadb1a6,0x5dae3d9d,0x5daebd3e,
  0x5daf5e6e,0x5db04112,0x5db0ccc1,0x5db2503d,0x5db313b6,0x5db777a3,0x5db95dd3,0x5dbc054d,0x5dbc0e9e,0x5dbcd61c,0x5dbda5de,0x5dc069dc,
  0x5dc12a0c,0x5dd47399,0x5dd5908a,0x5dd60a0f,0x5dd96b8b,0x5ddb3249,0x5dde2101,0x5ddf5eac,0x5de11d53,0x5de16456,0x5de1cbde,0x5de28da3,
  0x5de32bed,0x5de38381,0x5de42a5a,0x5dea4e76,0x5debe235,0x5ded90cb,0x5dedb4ae,0x5df39f41,0x5df690c6,0x5df8084a,0x5dfd79e8,0x5dfeb0e0,
  0x5dffbb1f,0x5e00eba8,0x5e035c2f,0x5e048b4c,0x5e05499f,0x5e0657df,0x5e06c5f5,0x5e082345,0x5e096ffb,0x5e0adccd,0x5e0c3bfa,0x5e104259,
  0x5e1172be,0x5e11a738,0x5e1202bf,0x5e169a74,0x5e17cf13,0x5e1be176,0x5e1d95a3,0x5e2355a4,0x5e23afe8,0x5e24b325,0x5e25d81c,0x5e260d04,
  0x5e260edd,0x5e29b251,0x5e2a556a,0x5e2d0085,0x5e33b52a,0x5e340bde,0x5e341b0f,0x5e34650c,0x5e34ddcc,0x5e35aacd,0x5e3b99ea,0x5e3be326,
  0x5e3ecb56,0x5e446bb7,0x5e4814aa,0x5e485d8d,0x5e48a32d,0x5e492b75,0x5e49e5a1,0x5e4c5670,0x5e4c98c8,0x5e4dc2b3,0x5e516f0f,0x5e51c021,
  0x5e5271ef,0x5e55422e,0x5e56e162,0x5e575ece,0x5e585e8f,0x5e5b92ab,0x5e5bff87,0x5e5cbb00,0x5e5d14cb,0x5e5daa23,0x5e5eeda7,0x5e5f8c37,
  0x5e61d946,0x5e629a1b,0x5e63b2ad,0x5e64d5f3,0x5e657a42,0x5e669723,0x5e6772c2,0x5e6b9fbe,0x5e6e6fc6,0x5e6e8e34,0x5e6f4ada,0x5e7129ea,
  0x5e712af0,0x5e718fdb,0x5e71e303,0x5e745747,0x5e745ba6,0x5e75eb38,0x5e7800d8,0x5e7c62eb,0x5e7de25c,0x5e81b7f1,0x5e8355cf,0x5e8736f7,
  0x5e8751f6,0x5e8a5832,0x5e8b757c,0x5e8bd6df,0x5e8bed4a,0x5e8c6881,0x5e8d5480,0x5e8d98f5,0x5e8fe0ba,0x5e911186,0x5e912be2,0x5e91eb2d,
  0x5e935180,0x5e9412dc,0x5e94f51f,0x5e95a671,0x5e95d149,0x5e97b0e1,0x5e981fe3,0x5e991809,0x5e99586a,0x5e996987,0x5e9b4d12,0x5e9c1a99,
  0x5e9d2f1a,0x5ea5451a,0x5ea71cbb,0x5ea78da5,0x5ea85327,0x5ea99330,0x5ea9f109,0x5eaa76c6,0x5eabc404,0x5eac2705,0x5eac4ba0,0x5ead4047,
  0x5eae2800,0x5eafd9d9,0x5eb05c03,0x5eb1f8f2,0x5eb2ca23,0x5eb31a9d,0x5eb328d6,0x5eb35c63,0x5eb381f2,0x5eb42b21,0x5eb5732b,0x5eb5da40,
  0x5eb9296f,0x5eba8e3c,0x5ebba4a5,0x5ebbb75e,0x5ebbd2ba,0x5ebd12dd,0x5ec174db,0x5ec4b1cc,0x5ec52372,0x5ecc3d01,0x5eccbfe3,0x5eccce95,
  0x5ece10f4,0x5ecf7c99,0x5ecf842e,0x5ed032a0,0x5ed56275,0x5ed6d0dd,0x5ed6f457,0x5ed7edf9,0x5ed8d169,0x5edbe9ce,0x5edc435e,0x5eddc60e,
  0x5ede1d68,0x5ede6e68,0x5edf4db8,0x5ee086c4,0x5ee35e2c,0x5ee38844,0x5ee38af9,0x5ee50e61,0x5ee5fa88,0x5ee60cda,0x5ee892c0,0x5ee91d3a,
  0x5ee98bc1,0x5ee9a3bc,0x5ee9a422,0x5eeb1d45,0x5eebfd09,0x5eed018e,0x5eef8268,0x5ef04894,0x5ef0aae3,0x5ef14859,0x5ef1ae7e,0x5ef801c4,
  0x5ef9744f,0x5efad4eb,0x5efd7b30,0x5f0046e4,0x5f013b1c,0x5f04de0f,0x5f0596b5,0x5f06937e,0x5f07a2d6,0x5f0c53f5,0x5f0c6120,0x5f113a96,
  0x5f11766b,0x5f128406,0x5f12d5d1,0x5f14444a,0x5f173cd5,0x5f19717a,0x5f1982f0,0x5f1b26d0,0x5f1cab42,0x5f1e70cf,0x5f1f05b0,0x5f1f4639,
  0x5f2060a5,0x5f23c08e,0x5f2835ec,0x5f283e47,0x5f298beb,0x5f2c1c8a,0x5f2d8ec1,0x5f34c325,0x5f36c804,0x5f37f112,0x5f3ab90f,0x5f3c01ae,
  0x5f40d91a,0x5f41c1ae,0x5f42dc5c,0x5f467458,0x5f491e73,0x5f4dd4ea,0x5f4e81a7,0x5f4eccec,0x5f4fb7be,0x5f503d26,0x5f5603ce,0x5f56c7f1,
  0x5f57345c,0x5f5efcb3,0x5f601c5c,0x5f629309,0x5f62ca9d,0x5f63110a,0x5f641c80,0x5f66cdec,0x5f6772e3,0x5f69c9b0,0x5f6c82a3,0x5f6cc3ac,
  0x5f6d0d82,0x5f70c47f,0x5f718b23,0x5f79d7b5,0x5f7c13df,0x5f7c7285,0x5f7cd810,0x5f7dce16,0x5f7efda7,0x5f818005,0x5f84e47f,0x5f8a03fa,
  0x5f8a7df3,0x5f8df02f,0x5f8f21b7,0x5f974e26,0x5f99da4e,0x5f9cecac,0x5f9d40ae,0x5fa5adec,0x5faa6358,0x5fac93e2,0x5faec2d7,0x5fb05562,
  0x5fb21beb,0x5fb34792,0x5fb5c38e,0x5fb7cc0b,0x5fbbc937,0x5fbd45ac,0x5fbe37b8,0x5fbe76d2,0x5fbef378,0x5fc1b3d5,0x5fc25291,0x5fc2e578,
  0x5fc304c7,0x5fc3099b,0x5fc63824,0x5fc7a14d,0x5fc8798b,0x5fcadf2c,0x5fcb6a59,0x5fcdef6c,0x5fcfcb9d,0x5fd3c1dc,0x5fd3e780,0x5fd7dd87,
  0x5fdd1a00,0x5fe2553c,0x5fe33b73,0x5fe5559b,0x5fe6c95d,0x5fe9aa81,0x5fea2775,0x5feb472f,0x5febdac1,0x5fec914c,0x5fed82f9,0x5fee1a1e,
  0x5feecfdd,0x5fef3569,0x5fef51ca,0x5fefe748,0x5ff01eca,0x5ff19b93,0x5ff1ae2e,0x5ff1f05d,0x5ff22a75,0x5ff23fc6,0x5ff26e6b,0x5ff2ce82,
  0x5ff3b4cf,0x5ff3d43d,0x5ff42925,0x5ff90118,0x5ff9347d,0x5ffa7d81,0x5ffd43c6,0x5ffff483,0x60003a03,0x6003f54d,0x60040c51,0x600638ff,
  0x6006470e,0x6006a8ea,0x60079056,0x60082e48,0x6008fdd3,0x60091dea,0x60097fff,0x600a9b07,0x600b3c60,0x600be1df,0x600c210c,0x600c8276,
  0x600ebd17,0x600eca8d,0x6012694a,0x6014bc43,0x60157f59,0x601808b5,0x601983af,0x6019d7d1,0x601b0ee3,0x601b18f2,0x601d88eb,0x601d8b55,
  0x60203663,0x60211362,0x60233f3f,0x60249d0e,0x60267de5,0x60273b73,0x602996fb,0x6029e620,0x602c4101,0x602fca86,0x6030985d,0x6038751f,
  0x6038ff55,0x603c0f51,0x603c3bcb,0x603cbc12,0x603f2f4c,0x6041532d,0x60428f28,0x60431f0e,0x6043810c,0x604a313b,0x604aa77b,0x604ae4fa,
  0x604ae9f2,0x604d93c8,0x605006f9,0x6053093c,0x6054eb54,0x60567179,0x605705af,0x6058376f,0x6058d872,0x605a6eb4,0x605a7aee,0x605abaed,
  0x605af8cb,0x605c6db5,0x605e88fa,0x606206f9,0x6063af49,0x6066ea0b,0x6067793e,0x6068c21c,0x6071ec3d,0x607414a1,0x607425b9,0x60749068,
  0x60789881,0x60791f4f,0x6079be9c,0x6079d89e,0x607b4c04,0x607b698e,0x607c4485,0x607c81e4,0x607fd4e3,0x6081fa57,0x6082fec7,0x6084941e,
  0x60854830,0x6086034b,0x60869a48,0x60880413,0x608931ab,0x608b9033,0x608bb5d2,0x608c7f69,0x60900eba,0x6091e40e,0x609322e0,0x6096dd70,
  0x60986e3b,0x60986f76,0x609a0fdd,0x609a5bd2,0x609de5b4,0x609e9e79,0x609edc08,0x60a1846c,0x60a18940,0x60a33add,0x60a3c234,0x60a538d8,
  0x60a8744c,0x60a8b332,0x60ac794b,0x60ac984d,0x60acc122,0x60ad5d17,0x60adbef1,0x60af223b,0x60af9942,0x60b154e9,0x60b1e188,0x60b368e0,
  0x60b41980,0x60b6ee7e,0x60b74c27,0x60b788aa,0x60b8d5e2,0x60b95013,0x60b970a3,0x60ba89d8,0x60bc3123,0x60bdf30f,0x60be8e87,0x60bf6a57,
  0x60c25ce3,0x60c288ee,0x60c3e7aa,0x60c3eae0,0x60c68027,0x60c82933,0x60ca1773,0x60ca4dbc,0x60d0ee03,0x60d10a61,0x60d1a417,0x60d40a0d,
  0x60d4f074,0x60d607cd,0x60d7b550,0x60d9b56a,0x60dbba0b,0x60dc1a3a,0x60dd856d,0x60dd9d3a,0x60dfe72c,0x60e02914,0x60e41f44,0x60e44fee,
  0x60e6740f,0x60e6fc40,0x60e72e91,0x60e9256d,0x60eb9588,0x60ebe23a,0x60ec5416,0x60ecfdab,0x60ee2963,0x60ef1450,0x60efaae2,0x60f0838e,
  0x60f16450,0x60f27905,0x60f34f23,0x60f5da05,0x60f7a1e4,0x60fcdf39,0x60fe2482,0x60fe2e1e,0x61000ab8,0x61012f50,0x6106d24e,0x6106fbbc,
  0x6107c67a,0x610a4c3e,0x610b5341,0x610d904e,0x6110e85e,0x61126452,0x61132ba0,0x6113a48d,0x6113fdc4,0x61146d1d,0x61198757,0x6119b90d,
  0x6119eec2,0x611d39c7,0x611d7929,0x61208622,0x61213d47,0x612444ad,0x6125893b,0x6126d283,0x61297150,0x612973e9,0x612d85d2,0x61309abc,
  0x61314df1,0x6131b298,0x613209f6,0x61329736,0x6133290e,0x613390c8,0x6136600f,0x6138553b,0x61398e66,0x61399af3,0x613a0a68,0x613b11b0,
  0x613c09b2,0x613c3f59,0x613e7cb5,0x613ecb75,0x61405870,0x6140a3cb,0x6141726f,0x6148e4cc,0x6148fd37,0x6148ff4d,0x614a148f,0x614abf07,
  0x614d0c41,0x614f55c4,0x614f5c51,0x614f63fd,0x614fa007,0x6153c43a,0x61541527,0x61546dc5,0x6154ffa0,0x61597eeb,0x615c104a,0x615cca5a,
  0x615e0ddc,0x615fa59a,0x615fac4b,0x61603ba2,0x61630cfb,0x6163495c,0x61639655,0x61689db1,0x616b800b,0x616e036d,0x616efcfc,0x61766499,
  0x61787ed2,0x617b2537,0x617d6fd4,0x617fb5f1,0x617ffa5c,0x6180712e,0x61818971,0x6184df68,0x61869149,0x61873b5c,0x6188b666,0x618ae14b,
  0x618b2e21,0x6190d396,0x61939b8a,0x6193b5ee,0x61943c49,0x61950209,0x619691a1,0x6196aa05,0x6196d684,0x6198892e,0x619b2f3c,0x619e6ea0,
  0x619ebcc1,0x61a02f4d,0x61a11b04,0x61a3d38f,0x61a4e0ae,0x61a90760,0x61ad19aa,0x61add3e4,0x61ae09dd,0x61af0cba,0x61b048e2,0x61b14635,
  0x61b56b38,0x61b70fcd,0x61b8dab1,0x61ba6af4,0x61bbd6f0,0x61bec552,0x61c01a3f,0x61c09515,0x61c58236,0x61c6fdd7,0x61c8195c,0x61ca57a0,
  0x61cbf287,0x61ccd70d,0x61d04e34,0x61d06a75,0x61d0f02e,0x61d13ede,0x61d2b4ea,0x61d44961,0x61d4f376,0x61d60454,0x61d791ad,0x61d8f5fe,
  0x61e00f18,0x61e16c95,0x61e3b567,0x61e5456e,0x61e8a6d7,0x61eaa826,0x61ec61ff,0x61ec8c08,0x61ee4a36,0x61eeb549,0x61f2276e,0x61f2d2ce,
  0x61f5109d,0x61f54ef3,0x61f650ee,0x61f9abc3,0x61f9ce5f,0x61faf23f,0x61fe4f46,0x62001bbd,0x62022501,0x6202adb8,0x620529af,0x6207e696,
  0x6208888d,0x620bc61f,0x620bfb95,0x620bfee1,0x620c89d5,0x620d4b5c,0x6210276a,0x62145635,0x6214c40a,0x6216aa5d,0x62186c89,0x62188fe6,
  0x6219c828,0x621a9a42,0x621b5bd1,0x621bb4c7,0x621c1a54,0x62200b6a,0x622198c5,0x6224287c,0x6224848b,0x6225016a,0x6225e791,0x6227290f,
  0x62273c8f,0x62275bf1,0x62286082,0x6228751a,0x6228f504,0x622b47df,0x62316d53,0x6232df14,0x62332ac7,0x62335d1e,0x6233b5ad,0x6234a14b,
  0x62367846,0x62377c69,0x6237e420,0x62393795,0x623b1b57,0x623c3491,0x623f0ea6,0x6242b427,0x62442062,0x62449b8f,0x624635a9,0x62497fdc,
  0x624ab19b,0x624e6a7a,0x624f1352,0x624f45b1,0x6252d13d,0x6253f522,0x6253f8d7,0x6255486c,0x625681b0,0x62588ce0,0x62589851,0x625b2337,
  0x625b25ae,0x625d34d7,0x625d9fda,0x625df739,0x6261a23d,0x6262287b,0x62623b1d,0x62648a77,0x6267fd4b,0x626921df,0x626a0e1d,0x626b2c74,
  0x6271e44a,0x6273d930,0x6275393c,0x6275b86f,0x6275b9a2,0x6275f8cf,0x627938fd,0x627994dd,0x6280966f,0x62818634,0x6282a1e8,0x6282e703,
  0x628367e3,0x6289924f,0x6289cfec,0x628ab0e2,0x628e96ac,0x6291d302,0x6297694f,0x6297d257,0x6298691a,0x6299dab7,0x629d48a9,0x629e8ad4,
  0x62a09d03,0x62a3651d,0x62a637f4,0x62a6710d,0x62a907f5,0x62aa801c,0x62acb83a,0x62adad92,0x62af7c99,0x62af88cb,0x62b611d2,0x62b62a69,
  0x62b80846,0x62b83ae2,0x62b85f18,0x62bd5c86,0x62c10e0a,0x62c10f20,0x62c146cd,0x62c1b07d,0x62c32783,0x62c45ed7,0x62c51aa6,0x62caf651,
  0x62cb6494,0x62cbd104,0x62cccd78,0x62ceea89,0x62cf69a0,0x62cff17b,0x62d1cf41,0x62d1e489,0x62d68da9,0x62d6ef6c,0x62d73643,0x62d7b3d4,
  0x62d8204d,0x62da335b,0x62dd3350,0x62de9aaa,0x62de9b80,0x62dfd1cc,0x62dff82c,0x62e11e40,0x62e3a57b,0x62e42356,0x62e5de46,0x62e7726e,
  0x62e85b1a,0x62e8ecb5,0x62e92f07,0x62ea2931,0x62ea4e83,0x62eaea89,0x62ec88f5,0x62ed6bbe,0x62eedbaf,0x62f375e0,0x62f40b99,0x62f5e236,
  0x62f6b8d4,0x62f6f0bd,0x62f83ed1,0x62f92ee3,0x62f93be3,0x62f9bab4,0x62fa061f,0x62fb89e3,0x62fc74fb,0x62fd1b05,0x62fe951c,0x62fea79f,
  0x62ffbc6d,0x63002ba7,0x6301ab46,0x630371e2,0x63040321,0x6306481b,0x63084c73,0x63086987,0x630a6a23,0x630a71d3,0x630aead8,0x630c3225,
  0x630e79a7,0x630f7b59,0x630fde90,0x631194db,0x63125c93,0x63135914,0x63139972,0x6314c9c4,0x6314f31e,0x6315787c,0x631746cd,0x6318fb49,
  0x631b1d02,0x631d0603,0x631da237,0x631dde0a,0x6320e43f,0x63220bac,0x6322310d,0x6322c63d,0x6323ae5d,0x63252415,0x632703da,0x6329e109,
  0x632aa3ad,0x632aa453,0x632b1f9f,0x632c3d8e,0x632d9e8a,0x632edfef,0x632f1dd0,0x632ff019,0x6331aaa3,0x63329e16,0x6332f753,0x6335b91c,
  0x6335ef45,0x63367c8c,0x6336d10d,0x6337ccba,0x6337e5c4,0x633aa882,0x6342c7c6,0x6342e323,0x634367fd,0x6344263c,0x6347a5eb,0x6348b7c2,
  0x634a3f73,0x634b518c,0x634dc3cd,0x63528b68,0x6356bfc0,0x63573075,0x6357fa93,0x635eeb5b,0x636085cf,0x6363e016,0x6366098e,0x636ab817,
  0x636b3ecf,0x636b7ccd,0x636d14b2,0x636ea866,0x63722e56,0x637257f1,0x6373ab57,0x6374db21,0x63786449,0x637b09f4,0x63819b3a,0x63834f8b,
  0x6385b91b,0x6385fec0,0x6387fd73,0x6389677c,0x6389b606,0x638a2775,0x638c6e36,0x638f7209,0x63911e4d,0x63923f10,0x63932cae,0x6393fd50,
  0x639418f4,0x63949a69,0x6399288f,0x639ac391,0x639af9f5,0x639b4da0,0x639d33da,0x63a07781,0x63a1355b,0x63a13a7c,0x63a28a8b,0x63a642d6,
  0x63a7d68d,0x63aad451,0x63ab2944,0x63b2d331,0x63b4c97c,0x63b9bf91,0x63bd8a78,0x63c04fd9,0x63c12956,0x63c33641,0x63c41473,0x63c5c2c6,
  0x63cc69b1,0x63cefc4a,0x63d5a9ee,0x63d7d765,0x63d9498a,0x63dfbfca,0x63e20c4d,0x63e31f9b,0x63e35831,0x63e3fb90,0x63e4d1ec,0x63e5baea,
  0x63e707d0,0x63e855d4,0x63e8cb9e,0x63ea44de,0x63ea76da,0x63ebb47f,0x63ed2545,0x63eda3be,0x63ee193b,0x63ee8e9f,0x63ee978d,0x63ef38d6,
  0x63f15b04,0x63f25005,0x63f3387b,0x63f5bce2,0x63f7001f,0x63f93e42,0x63fbcc98,0x63fc75bc,0x63fc85b7,0x63fc9400,0x63fcee91,0x64017cc0,
  0x640234fc,0x6402bb21,0x64034d1a,0x64070703,0x6408251a,0x6408385c,0x6409d51a,0x640b5419,0x640ce0a1,0x640e687b,0x640fbda1,0x640fea36,
  0x64106524,0x6412dac9,0x6418f6a2,0x641b16b0,0x641b23d3,0x641b5953,0x641d2949,0x641d5864,0x641d5aac,0x641df1b3,0x641e500b,0x642154b9,
  0x6422170c,0x64238bb2,0x64259b1a,0x6425ad85,0x64261836,0x6427bf6d,0x642a99a4,0x642c18a9,0x642cd1ca,0x642d83c5,0x642e28b8,0x642e3507,
  0x642f2ef1,0x6431587c,0x64329696,0x6433b946,0x64342ff2,0x6434e181,0x64372e6e,0x643739b7,0x643771e4,0x6437c9f0,0x64384b23,0x64386eb6,
  0x64390015,0x643ab666,0x643b3435,0x643e0f9a,0x643efd18,0x643f73db,0x644237fd,0x64466e62,0x6447c43c,0x64492828,0x644be270,0x644ccc5a,
  0x644d8fc0,0x644ec28d,0x6450c876,0x6451025a,0x6451ca4f,0x6452f3c8,0x6454519f,0x645a1392,0x645a1a4d,0x645bbb41,0x645c59b3,0x645d2f5a,
  0x645eca1f,0x645f9be6,0x645fa90d,0x6460b65a,0x646289d6,0x64640c3b,0x64641cbe,0x64658de3,0x6465f98d,0x64671085,0x64694dc9,0x6469f1b2,
  0x646a8124,0x646c6f3b,0x646c7439,0x646e0e7c,0x64737c1f,0x64745488,0x64753164,0x64766d0d,0x647d27d0,0x647e53e1,0x64844997,0x64878dd5,
  0x648d684d,0x648dae0f,0x6490e8e5,0x64942ed2,0x64968c99,0x64976c6a,0x6497de69,0x6498df8f,0x64990355,0x64995dbf,0x6499865f,0x6499cf77,
  0x649bcd93,0x649bcffd,0x649d8eab,0x649e9b75,0x64a489e4,0x64a5af22,0x64a7a1c1,0x64aa3bd9,0x64aa6b9e,0x64aade6f,0x64ae89d6,0x64af9df2,
  0x64b1c5cd,0x64b67250,0x64b74cf8,0x64b85c4b,0x64ba3c4f,0x64bd7584,0x64bf2517,0x64bf99d7,0x64c49dc1,0x64c5fe97,0x64c5febe,0x64cc5cec,
  0x64d1b8b1,0x64d66d4d,0x64d853ed,0x64db1466,0x64dee2da,0x64e02551,0x64e0365b,0x64e1de8f,0x64e29c93,0x64e34b20,0x64e3f58e,0x64e557e8,
  0x64e775db,0x64e86ee4,0x64ec8e71,0x64edb441,0x64ede902,0x64f01d75,0x64f0741d,0x64f17c26,0x64f42280,0x64f7aa31,0x64fb3871,0x64fd924d,
  0x64ff0c19,0x64ff4f52,0x6501b8ae,0x6501c477,0x65028d23,0x6502d463,0x650529d5,0x6506f9bc,0x650d1fe2,0x65100782,0x6510a4a1,0x6513d98d,
  0x6513e8e0,0x65141779,0x65159a67,0x6515a716,0x6515ec95,0x6517dbf1,0x6518a736,0x6518f5dc,0x651ad4d1,0x651b3033,0x651e60d4,0x651e87a3,
  0x65241f91,0x652732c9,0x652906d1,0x652ec0af,0x652efc4b,0x652f49ac,0x65334bfa,0x653391af,0x6534b0cb,0x6535fa97,0x6536da56,0x653c3b17,
  0x653d99d1,0x653fcc0f,0x654046a4,0x65421967,0x65429413,0x65431b42,0x65435170,0x6543bfc7,0x65442587,0x65474f27,0x6549a59e,0x654b4633,
  0x654bb4bc,0x654fa13c,0x65556950,0x6555f0d8,0x65593160,0x655ecacf,0x655f1f0d,0x6564bb0b,0x6564e91a,0x6565ebd4,0x656730fe,0x65683df2,
  0x65696576,0x65699e8f,0x656be9dc,0x656c7660,0x656cf297,0x656df2d4,0x656e656b,0x65703696,0x6573bb76,0x6576dcc4,0x65772a49,0x6579bf03,
  0x657b5abb,0x657bb25b,0x657deebf,0x657f410a,0x657f5816,0x65855198,0x65855c50,0x658bf10b,0x658c0b06,0x658dff78,0x658ff559,0x65907803,
  0x65910fba,0x65930fc4,0x65961654,0x65962bac,0x659780b2,0x65979c2f,0x659958b2,0x6599c917,0x659aea77,0x659b78d6,0x659be855,0x659dfd59,
  0x65a14ec9,0x65a2f773,0x65a4e9ed,0x65a54e3d,0x65a5979e,0x65a8e14b,0x65a985c5,0x65aa7501,0x65aac989,0x65aacb09,0x65ac2907,0x65ad0065,
  0x65ae29a8,0x65af70c8,0x65afb418,0x65b0e02b,0x65b3324d,0x65b41d04,0x65b588b9,0x65b78281,0x65bb640f,0x65bba459,0x65bbbdce,0x65bd17b4,
  0x65bd7d7e,0x65c454c6,0x65c5aa8c,0x65c6733c,0x65c6974b,0x65c8edeb,0x65cad997,0x65cdc5a0,0x65cf6f25,0x65d212be,0x65d2234c,0x65d261bf,
  0x65d2ce34,0x65d2da89,0x65d362be,0x65d41ea6,0x65d47c48,0x65d6be8f,0x65d6d249,0x65d93c6b,0x65d98ba0,0x65dab303,0x65dba62a,0x65dbeaba,
  0x65df9c67,0x65e12f88,0x65e163d1,0x65e1987e,0x65e1be39,0x65e31f23,0x65e438a8,0x65e52630,0x65e59400,0x65e7885b,0x65ecb075,0x65ed5231,
  0x65ed5dc9,0x65ef053d,0x65f001f4,0x65f0bced,0x65f77c22,0x65f9a40e,0x65fb98b2,0x65fc5a94,0x65fc6e21,0x65fcebf0,0x65fdd833,0x65fed8af,
  0x65fee6d8,0x65ff6089,0x66018e34,0x6601d3f2,0x66023b50,0x6605b78f,0x660617f2,0x66062c85,0x66082863,0x66097041,0x6609a4f7,0x660b3f60,
  0x660c3ddf,0x660dd7b9,0x660ebafa,0x660f3b4f,0x661074b5,0x6612ad49,0x6612b272,0x661432c7,0x66194992,0x661c8251,0x661c9710,0x661dfd72,
  0x661e71df,0x661fd58b,0x6621b1bf,0x6621d375,0x66222fc7,0x6622df15,0x66235052,0x6623eca4,0x662806a8,0x66287831,0x6629611c,0x662a81ba,
  0x662b561e,0x662cc752,0x663072ef,0x66308705,0x6631a425,0x663333ec,0x66334321,0x6633ac5c,0x6635960f,0x663638ac,0x663b90db,0x663d0256,
  0x663e0013,0x663ec75c,0x663ed2e5,0x664180c3,0x66437431,0x664488bc,0x66458294,0x6645d15c,0x66477149,0x66493c01,0x664ce486,0x664ef1c9,
  0x6651e863,0x6652f0b1,0x665397ea,0x66547358,0x66560ef7,0x665b9d5d,0x665c59a7,0x665c7aa1,0x665e50f9,0x665e53d3,0x6660c7d0,0x6662098a,
  0x66663aa6,0x6666a06d,0x6667a83a,0x66680ba2,0x6669fc9b,0x666f5ddf,0x667157a4,0x6678abba,0x66797710,0x66798dd8,0x667ca460,0x667ce792,
  0x667cf89e,0x667d0187,0x667e504a,0x667e623c,0x667f3f22,0x66806cb2,0x6680bda0,0x668346cb,0x6684178c,0x668776a4,0x668a8d73,0x668ec588,
  0x6691b8b9,0x66923618,0x6692d9a8,0x66950d9e,0x66966ef4,0x66974e8d,0x669cec09,0x669ec72d,0x66a0e9bc,0x66a20f76,0x66a281a7,0x66a2ada5,
  0x66a2eabe,0x66a77644,0x66a97671,0x66aad6db,0x66ac0bfd,0x66acdd30,0x66adcb8c,0x66af3632,0x66afc8b3,0x66b2e30a,0x66b70858,0x66b72cbd,
  0x66b75bb9,0x66b763fd,0x66b79c92,0x66b9051b,0x66b9e4cf,0x66bb70e7,0x66bc88f7,0x66bf7ca2,0x66bf8f1e,0x66c12279,0x66c39367,0x66c3c47c,
  0x66c752b5,0x66c797d2,0x66c8b56e,0x66cb371e,0x66d010cd,0x66d0e81e,0x66d3382a,0x66d39520,0x66d4b008,0x66d98121,0x66dab63f,0x66db243e,
  0x66dbce23,0x66dccd3d,0x66deeb4c,0x66e00a05,0x66e1ab6e,0x66e1f8c4,0x66e2413c,0x66e399c6,0x66e4b604,0x66e4f18e,0x66e53465,0x66e643a2,
  0x66e9ba86,0x66eb17b2,0x66ee82ee,0x66efdb02,0x66f0dcdf,0x66f31c8f,0x66f3d24a,0x66f606b6,0x66f6800f,0x66f7d940,0x66f9b13d,0x66faa088,
  0x66fbc0e8,0x66fe3beb,0x66fea9ec,0x66fee5c8,0x66ffe55d,0x6701adce,0x670422f5,0x67048e61,0x6707e586,0x670a2b4f,0x670e3407,0x6710c648,
  0x67159065,0x67185047,0x6718c069,0x67191144,0x6719861c,0x6719cba5,0x671a0166,0x671e4047,0x671ec7e2,0x6721d3a3,0x6722b0b4,0x6729c015,
  0x672a40a2,0x672a4148,0x672b883d,0x672c49c4,0x672cbdba,0x672de919,0x672ee106,0x672f1a87,0x67350765,0x6735ecaa,0x67367e4e,0x673a7b05,
  0x673a8541,0x673b1426,0x673c9c1a,0x673d3c60,0x673e8b9a,0x67401de3,0x6740842f,0x67415934,0x67422089,0x6743ad08,0x6743f211,0x6746e20b,
  0x6747f914,0x6747ffeb,0x674b2495,0x674c09a8,0x674efd50,0x674f9a02,0x674fa9cf,0x674fb8c5,0x67510647,0x6751b3af,0x6752d6cc,0x67546020,
  0x6754833c,0x675ac015,0x675badd8,0x675bda58,0x675bdf69,0x675ebb66,0x675ef5be,0x675fd147,0x6760e046,0x67633430,0x67657310,0x67660cfe,
  0x6766e5b5,0x676855e6,0x6768d3ff,0x676b437b,0x676bcf56,0x676c3458,0x676c621f,0x676d4352,0x676d834d,0x676f42d2,0x6773e345,0x677696ee,
  0x6777b25a,0x67782155,0x677822d2,0x67793685,0x677b7cd4,0x677caeb3,0x677e977a,0x677efffb,0x677f02b3,0x67800036,0x6786c968,0x6788fa25,
  0x678b7ecb,0x678e7452,0x678eb7e8,0x678f53b2,0x678fa437,0x6790a815,0x6795d07e,0x6798fe38,0x679910ae,0x67995387,0x679ce3b3,0x679e1e0a,
  0x67a0f191,0x67a1fb52,0x67a2c810,0x67a4ab05,0x67a8f346,0x67a9b5cc,0x67ad08b2,0x67ad6e96,0x67ad775f,0x67b21460,0x67b2747f,0x67b381dc,
  0x67ba81ae,0x67bb1c4a,0x67bb477d,0x67bdba84,0x67bf29cc,0x67c3e672,0x67c4a04d,0x67c6eacc,0x67c82f08,0x67c8b93e,0x67c8c049,0x67ca02d1,
  0x67ca11ea,0x67cb3c12,0x67cd0ff2,0x67cd6633,0x67d2621a,0x67d3a33e,0x67d421fe,0x67d45c75,0x67d5ed4e,0x67d90000,0x67dc7602,0x67dfc0ef,
  0x67e067a6,0x67e16a5d,0x67e19f36,0x67e2727f,0x67e282d7,0x67e5784e,0x67e5947a,0x67e7bdc6,0x67e7cf74,0x67eb8765,0x67ee6736,0x67eee772,
  0x67f04eda,0x67f23f55,0x67f557f5,0x67f5e08d,0x67f72987,0x67f7f9fa,0x67f8a1f6,0x67f9c175,0x67fa3ba7,0x67faa075,0x67fb3deb,0x67fcbbcc,
  0x67fe781f,0x6807f5e9,0x6809598f,0x680a4122,0x680c8457,0x680dedaa,0x6811541a,0x681381c1,0x68156b37,0x6816096f,0x6817f3cd,0x68192bf6,
  0x681cd58d,0x681d8850,0x681e5c51,0x681f358b,0x6820abff,0x6822d017,0x68233db4,0x6825a21b,0x68289540,0x68298326,0x6829f2f6,0x682a4540,
  0x682a4c19,0x682af40f,0x682c1fc9,0x682c3aed,0x682d8c1d,0x682f9fd1,0x6830909e,0x6832bfe4,0x68348ed0,0x683b1599,0x683c322f,0x683c6a40,
  0x683e8b99,0x68423e66,0x6843f721,0x68442872,0x68447cf3,0x6845f3c8,0x6846a9d9,0x684b255b,0x684b8024,0x684c5c06,0x684d96d5,0x684e1ad3,
  0x684ec7e3,0x6850fc78,0x6851771c,0x68552e56,0x685678bd,0x6859c280,0x6863d703,0x68644041,0x686460fe,0x686575c9,0x6866d57e,0x686931f6,
  0x686cbe39,0x686fd771,0x68730138,0x687551af,0x6875b0bb,0x68760fd4,0x6876dca0,0x6876ea64,0x6877369b,0x6877e41d,0x687e1fbe,0x687f4522,
  0x688184ba,0x68824261,0x6883d726,0x6886b87c,0x6887ddd1,0x688966f6,0x6889e518,0x688a903c,0x688c4a93,0x688ccb10,0x688d6973,0x688eef08,
  0x68920d20,0x6892f594,0x68936312,0x6894b145,0x6894dbfb,0x6897f503,0x689a5ae8,0x689b0702,0x689be8c7,0x689e0ad0,0x689f197b,0x68a0407a,
  0x68a1adcf,0x68a2c6eb,0x68a2f334,0x68a34808,0x68a88d1e,0x68aa1b37,0x68aadf92,0x68af18f8,0x68afa660,0x68b0f893,0x68b1aeb1,0x68b30bcf,
  0x68b32370,0x68b40d44,0x68b41c45,0x68b47f9d,0x68b519cb,0x68b79cdc,0x68b99b96,0x68baa6aa,0x68bac483,0x68bb6e95,0x68bb8027,0x68bba77a,
  0x68bd6b22,0x68bdbad3,0x68be8d1a,0x68c02d85,0x68c15c44,0x68c185d0,0x68c6ba65,0x68c7dabf,0x68c7f372,0x68c7fc87,0x68ca09a1,0x68cd1608,
  0x68ce04d0,0x68ce197d,0x68ce3cbe,0x68ceb9e9,0x68d04a2c,0x68d132a5,0x68d65cbf,0x68de56ee,0x68e0e7af,0x68e1ab7d,0x68e24e74,0x68e336f5,
  0x68ebbb6f,0x68ebce64,0x68f1bba0,0x68f25876,0x68f411a8,0x68f45b92,0x68f73dd3,0x68f827d9,0x68f82dc5,0x68f8c8f3,0x68fbfc8a,0x68fe4d7d,
  0x68fef2da,0x690054a0,0x690069ce,0x6902b33e,0x690938ee,0x690b805e,0x690dd0b9,0x690e3788,0x69131d7d,0x6913ebb8,0x6915bea6,0x691879db,
  0x69192e42,0x691b4b7a,0x691e2a0e,0x691ece3c,0x6920c1fb,0x6923a263,0x69246f87,0x69255462,0x6925f0d4,0x692811c2,0x69282806,0x692a6a04,
  0x692b9de6,0x692c970f,0x692dd935,0x692fbbb3,0x6934a051,0x6938b7ad,0x693a1148,0x693aa3c7,0x693b4f18,0x693b7849,0x693c72df,0x693c94d2,
  0x693ee842,0x693f197d,0x693fdc9d,0x693fe8c8,0x694033df,0x694122a2,0x6941f2ac,0x69439e6e,0x694607ba,0x694691ca,0x694b185a,0x694ff2b1,
  0x694ffbf1,0x6952ac9a,0x69536ca5,0x69553953,0x6955a94b,0x69563074,0x69569912,0x6956ee1f,0x6958f6f8,0x695a41c5,0x69601aa8,0x696032e3,
  0x69614d7c,0x69625070,0x69631877,0x6964b035,0x69658f5c,0x6966049f,0x6969da56,0x696a0a39,0x696d7dc1,0x696f7320,0x6970e3bd,0x697152d9,
  0x6971bd92,0x69722970,0x69732740,0x69760746,0x69763bc5,0x69784a26,0x697898d2,0x6979185b,0x6980b8de,0x6981b341,0x6981edeb,0x6984dad4,
  0x69864183,0x6986f277,0x69876394,0x6987a593,0x698e54e3,0x698e9812,0x698ef96c,0x698f2e61,0x698f4b5c,0x6993f9b0,0x69950c5f,0x699b7301,
  0x699cba7d,0x699d95d3,0x699dbb77,0x69a091cf,0x69a4668d,0x69a721a9,0x69aa9d0e,0x69ac6eae,0x69ad0f71,0x69af69c2,0x69b1aa4f,0x69b22f0d,
  0x69b2bbf1,0x69b37e92,0x69b3c316,0x69b4bbf6,0x69b7934c,0x69b7cc6e,0x69b962f5,0x69bcbe69,0x69bf8036,0x69c0c0dc,0x69c31cb6,0x69c67c3c,
  0x69c6a822,0x69c7a5f9,0x69ca1934,0x69cabb81,0x69cc8093,0x69ce6a68,0x69cf2bae,0x69d0410c,0x69d05279,0x69d4e403,0x69d801fe,0x69d8dcdf,
  0x69dbc082,0x69dcc7ab,0x69e24ac3,0x69e2917a,0x69e438da,0x69e48ff4,0x69e6a9c4,0x69e94324,0x69e94d29,0x69ec2457,0x69ec594c,0x69ecf914,
  0x69ed7122,0x69f0d3bc,0x69f1f566,0x69f29f85,0x69f6ae73,0x69f6fd48,0x69f88367,0x69fab384,0x69feb81c,0x69fec6e9,0x69ff6cdf,0x6a02bc41,
  0x6a02f8f7,0x6a043c52,0x6a053dd2,0x6a072139,0x6a095cb3,0x6a0af67e,0x6a0e6687,0x6a0f9dcb,0x6a124dda,0x6a12e8a3,0x6a1584e3,0x6a161ed6,
  0x6a1626bf,0x6a1636db,0x6a1857f7,0x6a19ac10,0x6a1aedfe,0x6a1e6c1c,0x6a201195,0x6a291a5c,0x6a2a5e92,0x6a2b71a8,0x6a2beb8f,0x6a2c2f9e,
  0x6a2d6a6c,0x6a2e3aa8,0x6a314478,0x6a315822,0x6a347491,0x6a35ec54,0x6a363a31,0x6a373d55,0x6a38ca55,0x6a3cb200,0x6a3e9b64,0x6a3eeccd,
  0x6a40da45,0x6a42a668,0x6a433eac,0x6a4397e2,0x6a45eb7b,0x6a47defa,0x6a48881f,0x6a4d3bf4,0x6a4e2024,0x6a4e8023,0x6a51b07f,0x6a52facb,
  0x6a563234,0x6a587057,0x6a58b25f,0x6a5948d9,0x6a5fa27f,0x6a6068d3,0x6a61255e,0x6a62ffdb,0x6a636fa7,0x6a637823,0x6a66040f,0x6a674916,
  0x6a677d4e,0x6a69d8ca,0x6a6ac0f0,0x6a6b2806,0x6a6b87bc,0x6a72518e,0x6a72f0a2,0x6a73a223,0x6a748a6d,0x6a74b1df,0x6a74bdf6,0x6a75a3df,
  0x6a779215,0x6a789a52,0x6a81ca0d,0x6a8276f7,0x6a83cc50,0x6a8919b0,0x6a8a765b,0x6a8ac676,0x6a8af664,0x6a8c0e93,0x6a8c9681,0x6a8cc08f,
  0x6a8d7818,0x6a8eb551,0x6a9066bd,0x6a914152,0x6a9510fe,0x6a96ccdb,0x6a970b76,0x6a97d1f6,0x6a9884cc,0x6a9a85ff,0x6a9acc9d,0x6a9b4ba1,
  0x6a9be592,0x6a9c8034,0x6a9dc8e8,0x6a9e1b4c,0x6a9e84fb,0x6a9ec06e,0x6a9f3f99,0x6a9f82f5,0x6aa2a336,0x6aa41849,0x6aa51fc5,0x6aa5a5c6,
  0x6aa5b8f5,0x6aa62e7c,0x6aa762d7,0x6aa8ae7c,0x6aac4d40,0x6aae478a,0x6ab10b26,0x6ab446f8,0x6ab4a3a9,0x6ab523f6,0x6ab761dd,0x6abcd28b,
  0x6abde606,0x6abedbdf,0x6ac09cb9,0x6ac42e07,0x6ac71e87,0x6ac7e6d6,0x6ac7eb66,0x6ac8e799,0x6acbc022,0x6acd57de,0x6acda6e3,0x6acdd17a,
  0x6acea1b8,0x6acf30bf,0x6acf81b5,0x6acfafb5,0x6ad185c1,0x6ad55691,0x6ad99420,0x6adabb24,0x6adacdf3,0x6adaec91,0x6addb435,0x6adefae1,
  0x6adf09e2,0x6ae05d5e,0x6ae17919,0x6ae2f346,0x6ae57548,0x6ae92342,0x6aebb804,0x6aef6cd3,0x6af0f3be,0x6af37828,0x6af6155f,0x6af72c88,
  0x6afa69cd,0x6afbf014,0x6afc245f,0x6afc6202,0x6afe90e3,0x6afeb955,0x6aff8637,0x6b01f909,0x6b06b67e,0x6b081afd,0x6b0a4fec,0x6b0be20a,
  0x6b0c5d2b,0x6b117b25,0x6b12220f,0x6b141017,0x6b14cb77,0x6b15043a,0x6b155efe,0x6b158ab7,0x6b164cb9,0x6b1752da,0x6b1e824d,0x6b1f380d,
  0x6b1f6961,0x6b248ff6,0x6b2bca17,0x6b2d1e73,0x6b2d803e,0x6b2dcdd4,0x6b2ed6b8,0x6b2fb723,0x6b2fda25,0x6b30c2b0,0x6b31fdf0,0x6b34a051,
  0x6b3ff806,0x6b4104c8,0x6b41bdfe,0x6b43fb7f,0x6b470aae,0x6b4d0b8d,0x6b52d839,0x6b56e448,0x6b5dcba5,0x6b5f9556,0x6b61aedc,0x6b61ecfe,
  0x6b634bbc,0x6b65bcdd,0x6b65c2b4,0x6b6630a0,0x6b6898d9,0x6b68e096,0x6b69d11f,0x6b6ab857,0x6b6b47be,0x6b6d4787,0x6b6e323d,0x6b6e610c,
  0x6b73248a,0x6b74557c,0x6b7576e4,0x6b75f2c1,0x6b79301a,0x6b7ad7b6,0x6b7bb20b,0x6b7d44ff,0x6b7f3928,0x6b80c7d9,0x6b81da0b,0x6b835646,
  0x6b835efe,0x6b8587ed,0x6b881c50,0x6b8880b5,0x6b88e738,0x6b88ed8b,0x6b8a71df,0x6b8bf3e2,0x6b8cb72f,0x6b8df0ab,0x6b8e40a8,0x6b96a973,
  0x6b96c233,0x6b96e569,0x6b993a65,0x6b9b93ed,0x6b9ec3b7,0x6b9ec740,0x6ba38e7a,0x6ba394d7,0x6ba41e4b,0x6ba98280,0x6bab8848,0x6bb0cbd3,
  0x6bb27aa3,0x6bb36744,0x6bb41c34,0x6bb5be94,0x6bb66e49,0x6bb9a194,0x6bbb0509,0x6bbc9347,0x6bbeaea1,0x6bc3321e,0x6bc3e170,0x6bc48c49,
  0x6bc49d8b,0x6bc649d7,0x6bc6d090,0x6bc9bf7b,0x6bc9f514,0x6bc9ffe6,0x6bccf1a9,0x6bcd1a65,0x6bce16b2,0x6bd0e687,0x6bd13613,0x6bd37bfa,
  0x6bd4580a,0x6bd53c31,0x6bd5bd21,0x6bd64048,0x6bd6c11f,0x6bd9e138,0x6bda0aaf,0x6bdaa78d,0x6bdc2caa,0x6bde2315,0x6bde4cb4,0x6bde58fa,
  0x6be076e3,0x6be0dc4b,0x6be2306c,0x6be46156,0x6be779f2,0x6bea7a6c,0x6bee4539,0x6befe557,0x6bf09d73,0x6bf302f4,0x6bf39c9e,0x6bf3d977,
  0x6bf452b3,0x6bf65d09,0x6bf6b3f4,0x6bf6db59,0x6bf7ab3e,0x6bf9140f,0x6bfbced5,0x6bfc3c01,0x6bfe8ee2,0x6c024a25,0x6c037f2d,0x6c0493bb,
  0x6c05d666,0x6c08ad71,0x6c08ede2,0x6c09fd16,0x6c0b4170,0x6c0d6a04,0x6c0f6fcc,0x6c105cbe,0x6c10a5a9,0x6c11cabd,0x6c14a4c5,0x6c18a795,
  0x6c18bf9e,0x6c1a3379,0x6c1aa88d,0x6c1bc7f6,0x6c1cfcd3,0x6c1d489c,0x6c20edff,0x6c2245b4,0x6c225aad,0x6c22878c,0x6c25ff5d,0x6c263e2d,
  0x6c28f082,0x6c2961b7,0x6c2da25c,0x6c2e80e7,0x6c2ee58a,0x6c317dfc,0x6c31bc90,0x6c3240bf,0x6c339b2e,0x6c3506d0,0x6c38b15d,0x6c38dfda,
  0x6c3a337a,0x6c3b9b54,0x6c3cfe3b,0x6c4097dc,0x6c41f673,0x6c428c6d,0x6c442a94,0x6c4cba1f,0x6c4ee8cd,0x6c4efaf7,0x6c4f5261,0x6c505327,
  0x6c5387c6,0x6c56c9b4,0x6c5781d5,0x6c58f5c3,0x6c5936ea,0x6c5bbfed,0x6c5efb3e,0x6c5fb7f5,0x6c632617,0x6c674d79,0x6c6c3420,0x6c6cb636,
  0x6c6e3007,0x6c6e4d44,0x6c6ec573,0x6c6efb1d,0x6c708f51,0x6c716055,0x6c7281cf,0x6c74423d,0x6c765271,0x6c7785f5,0x6c7ae382,0x6c7c5e92,
  0x6c7f39ee,0x6c8141ed,0x6c814a82,0x6c825a78,0x6c82ddfb,0x6c85479c,0x6c873ede,0x6c8b3a13,0x6c8c7866,0x6c8cdac9,0x6c8e5a96,0x6c8fade0,
  0x6c92f60a,0x6c9461a9,0x6c96430e,0x6c96893f,0x6c97d046,0x6c98c233,0x6c996dbe,0x6c99e461,0x6c9a36cf,0x6c9c0337,0x6c9dade4,0x6c9e4bba,
  0x6ca0a0eb,0x6ca19970,0x6ca1edd3,0x6ca2f22e,0x6ca4d357,0x6ca660cf,0x6ca664e9,0x6ca8fe0b,0x6ca9bd9a,0x6cad0858,0x6cadaf02,0x6cb053c3,
  0x6cb22b1b,0x6cb3725a,0x6cb48487,0x6cb48549,0x6cb653ac,0x6cb70a9b,0x6cba05f3,0x6cbccb94,0x6cbdcbc1,0x6cbeb238,0x6cbf0bc7,0x6cc0a2e2,
  0x6cc30a9d,0x6cc36f1e,0x6cc6554c,0x6cc84a1f,0x6cc92213,0x6ccd1a3d,0x6ccd3ad3,0x6cd03971,0x6cd15e19,0x6cd33287,0x6cd3440e,0x6cd34ad5,
  0x6cd5f29e,0x6cdd1641,0x6cdeed0f,0x6ce0624d,0x6ce18358,0x6ce3c41a,0x6ce4cb68,0x6ce76193,0x6ce91b56,0x6ce95060,0x6cea8b4a,0x6ceb71e9,
  0x6ceb8797,0x6cec44c7,0x6cee1f44,0x6ceeec69,0x6cef736b,0x6cf2415e,0x6cf8c112,0x6cfe7f6c,0x6d00728f,0x6d03ea8e,0x6d04ec91,0x6d065a86,
  0x6d07efd6,0x6d0a3905,0x6d0a74d5,0x6d0b1989,0x6d0b420c,0x6d0c31a3,0x6d0d5443,0x6d0d5510,0x6d0d679a,0x6d0d94a0,0x6d11caba,0x6d12383e,
  0x6d148021,0x6d157c35,0x6d183fc2,0x6d18e526,0x6d18e9da,0x6d1a8dff,0x6d1bf5b4,0x6d1cd40c,0x6d208c2f,0x6d20bd81,0x6d21f729,0x6d222c99,
  0x6d22f200,0x6d2a1afb,0x6d2c0a18,0x6d2ccca5,0x6d2db072,0x6d2f5e0d,0x6d307536,0x6d3091ab,0x6d30bb31,0x6d342433,0x6d348dc3,0x6d35d5e5,
  0x6d383017,0x6d392c30,0x6d399319,0x6d39e788,0x6d3aa0fa,0x6d3ab7b0,0x6d3b3a53,0x6d3b8c86,0x6d3c4795,0x6d3cdc3a,0x6d3eb07d,0x6d402f03,
  0x6d411fea,0x6d417b25,0x6d43d2a1,0x6d443c85,0x6d474b53,0x6d493d2a,0x6d4ce391,0x6d4f98c9,0x6d51251a,0x6d551250,0x6d5654cc,0x6d57df1d,
  0x6d5acf08,0x6d5c5a77,0x6d5d0852,0x6d5e42a6,0x6d5f9748,0x6d634498,0x6d651032,0x6d69e153,0x6d6cca70,0x6d70045b,0x6d70b892,0x6d71038d,
  0x6d721989,0x6d738c5b,0x6d7489af,0x6d76a914,0x6d796455,0x6d7ad079,0x6d7bd096,0x6d7bd0ab,0x6d7d32ab,0x6d7e2ff1,0x6d7f91b0,0x6d816b51,
  0x6d8449d3,0x6d85fc41,0x6d867eb0,0x6d8a2743,0x6d8bbc18,0x6d8cf4f3,0x6d8d12a8,0x6d8dfcee,0x6d8e31bb,0x6d8fa752,0x6d90a8b6,0x6d968467,
  0x6d970f55,0x6d9823b8,0x6d985a3f,0x6d987ce8,0x6d9a3ece,0x6d9d559b,0x6d9eca3d,0x6da0d183,0x6da33b40,0x6da4b255,0x6da4b894,0x6da4bcde,
  0x6da6524a,0x6da7d2d5,0x6da8811b,0x6da9f2df,0x6daa4926,0x6daa92c5,0x6dac6216,0x6db20e69,0x6db510cc,0x6db6c413,0x6db6f4e6,0x6dbc3f6f,
  0x6dbe3eb4,0x6dbf82c7,0x6dc1f878,0x6dc3fd7b,0x6dc5f19a,0x6dc8123d,0x6dcbe507,0x6dcce6db,0x6dce67dd,0x6dcedc41,0x6dcf675d,0x6dcffa39,
  0x6dd16c35,0x6dd684ac,0x6dd72b4d,0x6dd80a8b,0x6dda9d37,0x6ddb3687,0x6ddccc83,0x6ddcd6fe,0x6de0de06,0x6de15282,0x6de2d618,0x6de3e7db,
  0x6de40f7f,0x6de881be,0x6de8d8cb,0x6dea31e8,0x6dea5e43,0x6debba0f,0x6dec5525,0x6decdbe1,0x6ded3328,0x6df2c3b3,0x6df332dd,0x6df4e0c5,
  0x6df556dc,0x6df92b43,0x6dfcfa97,0x6e01c04e,0x6e01ed41,0x6e023eb6,0x6e05dd2f,0x6e07bc5f,0x6e0bc377,0x6e0bc78e,0x6e0c3215,0x6e0d9f00,
  0x6e0da872,0x6e0e2220,0x6e0ec94e,0x6e100261,0x6e1018e0,0x6e1093ef,0x6e1196f4,0x6e13bb2f,0x6e15312c,0x6e156bd8,0x6e15a8e8,0x6e161431,
  0x6e1765a9,0x6e17f167,0x6e190aa3,0x6e1a3e31,0x6e1adcf4,0x6e1af1df,0x6e1eac3a,0x6e1ef5fa,0x6e249b35,0x6e2a6f7f,0x6e2adbde,0x6e2b757a,
  0x6e2cf989,0x6e2dae0b,0x6e2dd777,0x6e3810ef,0x6e38e263,0x6e38f7da,0x6e39b9c5,0x6e39e202,0x6e3a8880,0x6e3ab941,0x6e3b696e,0x6e3bfd14,
  0x6e3c81bd,0x6e40a17b,0x6e40e140,0x6e420367,0x6e42dfe5,0x6e451aaa,0x6e477599,0x6e491f0a,0x6e4e9100,0x6e527947,0x6e544785,0x6e5491fb,
  0x6e56124d,0x6e5788b4,0x6e584917,0x6e5a5893,0x6e5c2478,0x6e5e8c99,0x6e5fda77,0x6e5ffafa,0x6e622c76,0x6e63cbef,0x6e657a4d,0x6e65c532,
  0x6e669d4e,0x6e67db9b,0x6e6aa0b9,0x6e6ca1b9,0x6e6e59c7,0x6e6ebf43,0x6e712d0d,0x6e72d1c9,0x6e745322,0x6e74fcbc,0x6e792eae,0x6e796655,
  0x6e79f8b5,0x6e7afb18,0x6e7b0c5f,0x6e81c060,0x6e84ca9d,0x6e850f55,0x6e863eee,0x6e88f476,0x6e89d785,0x6e8b9046,0x6e8c4648,0x6e8fe15c,
  0x6e9019f4,0x6e9121fc,0x6e935b9e,0x6e945745,0x6e945841,0x6e9609f0,0x6e97078e,0x6e9ab229,0x6e9bf7ca,0x6e9d87cb,0x6ea3d135,0x6ea4405c,
  0x6ea4c136,0x6ea58791,0x6ea7698c,0x6ea7e5a5,0x6ea96c74,0x6ea9ffae,0x6eac53b4,0x6eae499d,0x6eafc555,0x6eb2a4af,0x6eb2b841,0x6eb2c4cf,
  0x6eb2e28b,0x6eb4cad1,0x6eb58140,0x6eb66a45,0x6eb6998d,0x6eb72bf4,0x6eb96ebf,0x6eb9ceb6,0x6ebb990c,0x6ebbd785,0x6ebdfc3c,0x6ebe3cd4,
  0x6ebf2709,0x6ebf9be0,0x6ec14e41,0x6ec2c5c3,0x6ec3eac9,0x6ec4a645,0x6ec4ecc3,0x6ec87d5a,0x6eca1c4e,0x6ecf982b,0x6ed088a8,0x6ed3e41f,
  0x6ed56ee5,0x6ed7aad4,0x6eda1e51,0x6eda4bae,0x6edd8696,0x6edf2eee,0x6ee1ba1e,0x6ee1bc1c,0x6ee1fea8,0x6ee24498,0x6ee6bfcc,0x6ee7a68a,
  0x6ee7b08d,0x6eea825c,0x6eeba096,0x6eebde37,0x6ef05f5a,0x6ef3cc2b,0x6ef4796b,0x6ef502ac,0x6ef55ec7,0x6ef5da6f,0x6ef70de4,0x6ef83005,
  0x6efc52b2,0x6efe503d,0x6efead13,0x6f01d526,0x6f03462d,0x6f05ad6f,0x6f09357c,0x6f0974b3,0x6f0ef077,0x6f12191f,0x6f123cdd,0x6f14cf93,
  0x6f1725c5,0x6f17cc2f,0x6f17df27,0x6f1818b2,0x6f19d29a,0x6f1ac9b1,0x6f1ba445,0x6f1cda36,0x6f1d7692,0x6f20b9d8,0x6f20cfc2,0x6f215572,
  0x6f24598e,0x6f2edec8,0x6f30fbf9,0x6f323678,0x6f34f38c,0x6f356159,0x6f371a3d,0x6f3c99e3,0x6f42871e,0x6f42aab4,0x6f4304c7,0x6f442bc3,
  0x6f44f460,0x6f4595b1,0x6f493dc1,0x6f49c8ad,0x6f49d58f,0x6f4a7a63,0x6f4b053b,0x6f4c2f0c,0x6f4ce42d,0x6f4d7491,0x6f4da9a2,0x6f4e559f,
  0x6f4f8364,0x6f52392c,0x6f52c82c,0x6f5543ea,0x6f5593d4,0x6f57151b,0x6f57fa9e,0x6f5a6b87,0x6f5ca8ca,0x6f5d6d13,0x6f5e3c19,0x6f5ef3a0,
  0x6f5f37ec,0x6f61e041,0x6f63009a,0x6f64667e,0x6f64cee0,0x6f666518,0x6f677b3d,0x6f683983,0x6f6a4a49,0x6f6af7ed,0x6f6ba221,0x6f6bea13,
  0x6f6fd5ab,0x6f70334d,0x6f720f79,0x6f746e48,0x6f76c77f,0x6f777ccf,0x6f79bf1b,0x6f7a49eb,0x6f7ad51e,0x6f7ae7d6,0x6f8067c3,0x6f811ced,
  0x6f824c37,0x6f826104,0x6f857382,0x6f85f312,0x6f86f9d4,0x6f870a47,0x6f88a38f,0x6f8ba84e,0x6f8c8780,0x6f8cb9e7,0x6f907735,0x6f90a2d2,
  0x6f94f425,0x6f953dd1,0x6f957f4d,0x6f961f8b,0x6f962063,0x6f99d65d,0x6f9bb3d0,0x6f9c58d0,0x6f9ec75f,0x6fa204e0,0x6fa7c9cb,0x6fa8b6a5,
  0x6faa025e,0x6faa0804,0x6faa3f27,0x6fab030e,0x6fac1b04,0x6fafc6d3,0x6fb214a5,0x6fb55223,0x6fb73b55,0x6fb804ed,0x6fbbdfd5,0x6fbe71d6,
  0x6fc28340,0x6fc31c26,0x6fc3ff79,0x6fc60bca,0x6fc81356,0x6fc850fc,0x6fc942d9,0x6fcad293,0x6fcc5772,0x6fce8ea1,0x6fcf226a,0x6fd01fc9,
  0x6fd0d1b8,0x6fd16cb7,0x6fd1d014,0x6fd25747,0x6fd471ad,0x6fd4f180,0x6fd71e65,0x6fd817f8,0x6fd85bc2,0x6fda069b,0x6fdde847,0x6fde6d91,
  0x6fde8e00,0x6fe34e33,0x6fe397b8,0x6fe43f4b,0x6fe7c4d1,0x6fe7f54d,0x6fe8d671,0x6fe92100,0x6fe99d2e,0x6fee394e,0x6ff2377d,0x6ff4259a,
  0x6ff43f4e,0x6ff4f2c5,0x6ff6b2e0,0x6ff6f980,0x6ff7ac77,0x6ff7e221,0x6ff7ebd8,0x6ffd2581,0x6ffe402c,0x70004fd3,0x70008ca1,0x7002ce83,
  0x7003da70,0x700673a2,0x700874a8,0x700eb4a5,0x700f09e6,0x701042e0,0x701132a5,0x7011c9f0,0x7013b8ee,0x701606d1,0x701874b5,0x701a2363,
  0x701b73e7,0x701c1501,0x701c6ce7,0x701cc5c7,0x701d8eda,0x701e4430,0x701ea345,0x701f2718,0x701f49f2,0x701f6bf5,0x70205a2d,0x70209f40,
  0x702257fa,0x70231d11,0x70255638,0x7026c31a,0x70273c43,0x702741be,0x702895ff,0x702b63f0,0x702b95be,0x702c4566,0x70318df1,0x703513f7,
  0x7035817b,0x70370ac9,0x70390fee,0x7040df4a,0x704262ba,0x7042cb05,0x7043cca4,0x704479a2,0x70448fd5,0x7044ba25,0x7046bf27,0x70479a1c,
  0x70488c90,0x7049e673,0x704a2b06,0x704a4b52,0x704c5eb5,0x704cbd63,0x704d09f1,0x704d42c5,0x704e1809,0x7050570e,0x705370e5,0x7054ad5b,
  0x705534fd,0x7056ffd2,0x7059d6ea,0x705d2840,0x705d63d3,0x705df099,0x705f0886,0x70602f1e,0x7061d50e,0x7063a489,0x7068e76f,0x7069bf5d,
  0x706a197d,0x706a98d1,0x706b398c,0x706c9aa9,0x7070e0cf,0x7070ea41,0x7072f74f,0x7073dbf4,0x70748d91,0x70772d4a,0x70775a09,0x7078d24a,
  0x707e4345,0x70825d80,0x7084519f,0x70873779,0x7088d875,0x708a024c,0x708b0ffd,0x708def3c,0x708e8ab3,0x70907c65,0x7090a94c,0x709154d5,
  0x7091992a,0x7096b3d7,0x7096eba5,0x709bb512,0x709c3f29,0x709c702a,0x709cba5e,0x709f8e24,0x70a01556,0x70a116b0,0x70a21188,0x70a29684,
  0x70a438d9,0x70a54915,0x70a5ba43,0x70a62b7f,0x70a6cd6a,0x70a6e433,0x70aa1688,0x70abc019,0x70ac5df1,0x70ae62fc,0x70aef0cf,0x70afa6a1,
  0x70affbcd,0x70b03f3f,0x70b133e7,0x70b2104b,0x70b770df,0x70b8f9b3,0x70bb4a4d,0x70bbca4f,0x70bbe016,0x70bc29f0,0x70bcd068,0x70bd84fa,
  0x70be4dc7,0x70c1e52b,0x70c8e8bd,0x70c98b87,0x70ccd454,0x70ccefd4,0x70cff89d,0x70d02b10,0x70d0f6ac,0x70d17a41,0x70d1b71e,0x70d786ab,
  0x70d86ce9,0x70d938c9,0x70d98e7c,0x70da0492,0x70dab129,0x70dbf393,0x70dc8fa0,0x70de1007,0x70de4d64,0x70de7cfc,0x70e0051f,0x70e32069,
  0x70e3f167,0x70e5bc35,0x70e6859a,0x70e86008,0x70e9edfa,0x70eb4f60,0x70eb9c43,0x70eedc8f,0x70f06901,0x70f2d31c,0x70f5ecb5,0x70f66b73,
  0x70f7ef1a,0x70f82c59,0x70fa9369,0x70fdc5bb,0x71016289,0x710173a0,0x7103bc56,0x7103d1ee,0x7103f5ee,0x7104e47d,0x7104fdc4,0x710be51b,
  0x710d4da7,0x710de254,0x710e4a6c,0x710e76e6,0x710f10c3,0x711268e8,0x7114e8b6,0x7115620d,0x71177329,0x7117b483,0x7119ebc5,0x711ebdf4,
  0x711ef95a,0x711f4377,0x711f8600,0x711fc383,0x71214351,0x712179f4,0x7121d510,0x71230a55,0x71242bfe,0x7124ed04,0x7125ae28,0x7126a17f,
  0x7126c810,0x71272339,0x7128749b,0x71298e86,0x712d1760,0x712d36c7,0x712d4e02,0x712fd84a,0x71305989,0x71310123,0x7132ae5c,0x7135616f,
  0x7135f2de,0x713aa7f4,0x713b0395,0x713b6a8e,0x713ce9ab,0x7140761c,0x714151e0,0x7142f8fc,0x7143d631,0x71444e53,0x7144c09a,0x71476cb1,
  0x71498028,0x714a0a67,0x714a482f,0x714c1995,0x714cf730,0x714d7942,0x714e8921,0x71508bf8,0x7151c70d,0x7154dc52,0x7156d35e,0x7158cd3b,
  0x715d4cad,0x715def0e,0x715e85db,0x71608be6,0x7160931a,0x7162923e,0x7163654b,0x7166c689,0x7169628d,0x71699484,0x716af38e,0x716b2172,
  0x716ccb80,0x716ff821,0x7172166f,0x71748f42,0x7174f996,0x71751557,0x71754c38,0x7175ee94,0x7176e940,0x71791dfd,0x717bb369,0x717fd3e1,
  0x71814333,0x71859240,0x718be9ec,0x718c1fce,0x718d19aa,0x718f31ac,0x718fd4a4,0x71915221,0x71921025,0x7192ccd7,0x7193f136,0x7194f521,
  0x7197526a,0x71986a57,0x719f4436,0x719fd7c8,0x71a1b4f6,0x71a251ff,0x71a2da17,0x71a61489,0x71a69b7b,0x71a98c2f,0x71ab693c,0x71acf9e8,
  0x71b1cb21,0x71b26e47,0x71b57249,0x71b7df96,0x71c0fff7,0x71c46036,0x71c564ec,0x71c5f9ba,0x71c669f1,0x71c6d703,0x71c747d4,0x71c8f327,
  0x71c9e366,0x71cb85d9,0x71cbc8d8,0x71cbd288,0x71d106ed,0x71d39fdd,0x71d42cf3,0x71d69671,0x71d6b006,0x71d8168d,0x71d919ca,0x71db96db,
  0x71dbfcc2,0x71de100d,0x71df49c5,0x71df6816,0x71e01b81,0x71e2cc71,0x71e3475c,0x71e56877,0x71e59469,0x71e69fe7,0x71e9fd9a,0x71eab003,
  0x71eb8905,0x71ed73f9,0x71ee63de,0x71efdb62,0x71f158d1,0x71f1c471,0x71f47377,0x71f598cb,0x71f6c789,0x71f76989,0x71f8d9dc,0x71f98a78,
  0x71f98ded,0x71fa5ded,0x71fbcb29,0x71fda113,0x71fddcbd,0x71ffcbf1,0x72002b45,0x72034a7e,0x720443e3,0x7204e4a5,0x7204f338,0x72056001,
  0x7205e741,0x72061b30,0x7206a56b,0x7207e9af,0x720b7571,0x720d984c,0x720e2536,0x720f0f75,0x720feb54,0x72139245,0x7215af5b,0x72171ddb,
  0x72178c40,0x7217b7e1,0x721a2a70,0x721a3214,0x721b07c8,0x721b0c8e,0x721d792d,0x721f4339,0x7222ad37,0x7224d4d9,0x72266b4b,0x72285f5c,
  0x722954d3,0x722c887c,0x7239add7,0x723a901e,0x723bdcfd,0x723cac7e,0x723e4f99,0x7243372b,0x7245cf15,0x72460f7f,0x7246c725,0x7247b31b,
  0x72487fea,0x7248bb80,0x7249a7b5,0x724cec53,0x724d8aa1,0x724e8e16,0x724fe3bb,0x72512ff6,0x72519b6d,0x7255eccf,0x7256b0ac,0x72570814,
  0x72595447,0x725c1eb6,0x725d458a,0x725fb622,0x72605981,0x7260db47,0x7261fe72,0x7262c7f4,0x7263807c,0x726485a6,0x72693e5e,0x7269edb5,
  0x7270c928,0x7272044d,0x72728ba5,0x72731d08,0x72746a99,0x7274eed3,0x7275934f,0x7277e116,0x7279a8f0,0x727ca82a,0x727d941e,0x7285a8ae,
  0x72864fc6,0x72879a7b,0x728a7cfa,0x728b1d1e,0x728c1685,0x728cb8dc,0x728e970d,0x7290024f,0x72903bc5,0x72903df2,0x7292e73d,0x72959253,
  0x729b5c3b,0x729e8cd5,0x729f1e67,0x72a15185,0x72a581a8,0x72a71e77,0x72a99bb5,0x72aa83cb,0x72ad8b40,0x72af1573,0x72b05c70,0x72b2535b,
  0x72b4ceac,0x72b782e0,0x72ba6c3e,0x72c0a3cd,0x72c0ff3b,0x72c1a64d,0x72c1e001,0x72c4d624,0x72c62099,0x72c79d66,0x72c8104b,0x72c90401,
  0x72cb3941,0x72cc8970,0x72cd2396,0x72cd32a8,0x72ce770c,0x72cff018,0x72d06f08,0x72d10f47,0x72d1502c,0x72d404ec,0x72d73ee7,0x72d76321,
  0x72d82b03,0x72d8fb61,0x72db68dc,0x72dde183,0x72de0aa3,0x72de8800,0x72e1e3b2,0x72e2b49d,0x72e2da67,0x72e6afff,0x72e7304f,0x72e86219,
  0x72e9b236,0x72eac5a7,0x72f06fa4,0x72f30a79,0x72f40f24,0x72f57f57,0x72f67c77,0x72f695c4,0x72f724ca,0x72f93368,0x72fea921,0x72fefd36,
  0x73008017,0x73042eba,0x73051c5f,0x73059803,0x7309bcc9,0x730b38c9,0x730e2cb8,0x7312090a,0x7314b3ab,0x7315546b,0x7315ec41,0x73184b0e,
  0x73189cb0,0x731c5aea,0x731c98d1,0x731e6e36,0x7320de9c,0x73216820,0x7322713a,0x7322c58a,0x73237f48,0x732453e5,0x73258c3a,0x7326edd7,
  0x7328a90f,0x7330ca99,0x73325198,0x7335edf9,0x733639e2,0x7336d5d2,0x7336d76d,0x73398c99,0x733c9f6b,0x733ded25,0x733df16e,0x733f99cd,
  0x733fe261,0x733ff307,0x73433754,0x73461dd1,0x73469df6,0x73473b61,0x73474745,0x73487581,0x734b288e,0x734cdfab,0x734e1636,0x73515be6,
  0x735196ed,0x7353ba07,0x73542c54,0x73564e68,0x73568b8c,0x7359cef2,0x735ad8aa,0x735b9031,0x736004ac,0x73637b2a,0x7365dc49,0x736612c2,
  0x73673075,0x73680282,0x7368d18d,0x736ac5ea,0x736d16f6,0x736eea86,0x737386e7,0x7374b94f,0x73755139,0x7379147c,0x737a5aad,0x737b25e6,
  0x737b6707,0x737c28bb,0x737f2128,0x7380aa71,0x738463f5,0x7385a759,0x73886904,0x738e58f2,0x738f309d,0x739a1d74,0x739a97da,0x739aa06f,
  0x739fc22f,0x73a05c78,0x73a06835,0x73a1a23f,0x73a39ad8,0x73a49521,0x73a507f2,0x73a87bd4,0x73aa71de,0x73adda72,0x73aee9d7,0x73b072f9,
  0x73b20abb,0x73b374d2,0x73b41395,0x73b4724f,0x73b562e7,0x73b5bbd0,0x73b9a07d,0x73bb4f7b,0x73bc5d43,0x73bce75e,0x73bfe556,0x73c3aa6d,
  0x73c4675e,0x73c508d4,0x73c51620,0x73c5758f,0x73c69864,0x73c7f654,0x73c89a5f,0x73ca65a9,0x73cbacb8,0x73cbdada,0x73d25d61,0x73d66a7f,
  0x73d84651,0x73daa5a0,0x73dc7061,0x73ddf5bd,0x73ddfef8,0x73dfe17c,0x73e1d5b9,0x73e64276,0x73e91053,0x73ea51e8,0x73ea556c,0x73eba136,
  0x73ebd0a2,0x73ec51de,0x73ecea81,0x73f1cf3f,0x73f2025c,0x73f354de,0x73f40d77,0x73fa80e0,0x73fd5ecd,0x73fd7cd5,0x73fdb033,0x73fdd790,
  0x7401abd1,0x7401b06c,0x7404b634,0x74056775,0x740a41b6,0x740a61b6,0x740b785f,0x740c6b1e,0x740fcca5,0x7410baa3,0x7416e850,0x741bd86c,
  0x741df48b,0x74207b66,0x742093fd,0x7420fbc7,0x74212c15,0x7424b74a,0x7424bb2f,0x74254c76,0x74255e9c,0x742663f6,0x742e02e3,0x742f8160,
  0x7431eb4d,0x7432aee2,0x74351a90,0x7439c09d,0x743afbaa,0x743cc77e,0x743d8f2b,0x7441ef5d,0x7442e0cb,0x744540a5,0x74463719,0x7448b7c2,
  0x7449ca54,0x744a3ea2,0x74503a87,0x74505e9f,0x7452c4a6,0x7454c04a,0x7456eada,0x7457178c,0x7457e99a,0x74590574,0x74598fc9,0x745b1cbe,
  0x745bf774,0x745c90a1,0x745ef260,0x745f476f,0x745fad12,0x746239f1,0x74653a20,0x74661e11,0x7466304a,0x74663f4a,0x74674cad,0x74678be5,
  0x746a98cd,0x746befed,0x746cba15,0x746e01a3,0x746ef6e7,0x7474c75e,0x7476e0fe,0x747bb646,0x747c0873,0x747d16fd,0x747eb336,0x747f09e8,
  0x747fb555,0x74805685,0x7483a568,0x7485be3b,0x74880808,0x7489a5f9,0x748b06f4,0x748bfc5d,0x748c3708,0x748c3c7e,0x748c9251,0x748ddeb6,
  0x748eecfc,0x748efbcf,0x74906d21,0x74943455,0x749661c2,0x74992de9,0x749a3323,0x749a7146,0x749b4632,0x749dabb2,0x749df42d,0x749e83e8,
  0x749fe68a,0x74a1b36e,0x74a2259b,0x74a2a670,0x74a571ce,0x74a82387,0x74aa8575,0x74aa9a49,0x74aed636,0x74af58b9,0x74b1a05f,0x74b3b739,
  0x74b3eeae,0x74b51575,0x74b8d50f,0x74ba54af,0x74bab814,0x74bc8749,0x74bcc397,0x74be12e7,0x74be6ae4,0x74c11cf6,0x74c408b1,0x74c5612c,
  0x74c5f123,0x74c8ba43,0x74c91454,0x74ca2f23,0x74ccf2ed,0x74cd5549,0x74cd6cfc,0x74ce002c,0x74cf4d43,0x74d0279a,0x74d0f105,0x74d167cf,
  0x74d36719,0x74d6b977,0x74d6f24c,0x74d92883,0x74d9e402,0x74deeb8b,0x74df57c5,0x74e0b8c8,0x74e2b7cf,0x74e34746,0x74e36392,0x74e60069,
  0x74e71e41,0x74ec9842,0x74ede50e,0x74eed204,0x74f39649,0x74f3d0ee,0x74f47570,0x74f54336,0x74f58fee,0x74f86da6,0x74fba5c8,0x74fef0c9,
  0x74ffeaa9,0x74fffd42,0x75013ffa,0x7503152b,0x75068f2b,0x7507d1c0,0x750b1eec,0x750b5002,0x750b5f23,0x750b75c2,0x750c25c5,0x750e52d1,
  0x75119766,0x7511b09b,0x7515690e,0x751a574c,0x751ad3c0,0x751b6a6b,0x751cffcb,0x751de632,0x751e0718,0x751e685f,0x75213d4c,0x7522eebd,
  0x75235af6,0x752390b3,0x752a7545,0x752cb73a,0x752ccedd,0x752e0ace,0x7530db95,0x7530dc87,0x7533104c,0x7533e67b,0x75351ce8,0x75365a8b,
  0x7536aa78,0x753a0a0f,0x753d1a65,0x753d5057,0x753dca5c,0x753ee8de,0x754161d2,0x7544055c,0x7546b38b,0x754a8e08,0x754da789,0x754dac41,
  0x754e81ff,0x75533d57,0x7554518b,0x7554a55e,0x755a0f90,0x755c7346,0x755cb880,0x755ddaa8,0x755e30d6,0x755f8595,0x755fb07b,0x755fc027,
  0x756063fa,0x75615104,0x75623101,0x75638aaa,0x7564a75f,0x7564ac1a,0x7567cc3f,0x756800d3,0x7568d726,0x75695f2f,0x756a764c,0x756cbb6b,
  0x7570d123,0x7571243d,0x75713cb0,0x757227ea,0x757340b6,0x7575ff63,0x7576452b,0x75768e27,0x7576ebd9,0x7577012d,0x7579fade,0x757a5cee,
  0x757c24ba,0x75841265,0x75868c9e,0x7587751d,0x7588912d,0x75903f95,0x75933906,0x7594d5f9,0x75952bcb,0x75956c8f,0x7595be64,0x75972bfe,
  0x7598b185,0x7598ee81,0x759947b0,0x759a4ee6,0x759c08b0,0x759c3978,0x759ddf5b,0x759f6b38,0x759fcee0,0x75a146cc,0x75a40ed0,0x75a4226e,
  0x75a808f1,0x75a9a1d1,0x75aad3c7,0x75ab8f7e,0x75ad5b6c,0x75aea555,0x75aeb41b,0x75af8751,0x75b1ac41,0x75b1e6a1,0x75b2dddb,0x75b3b8c3,
  0x75ba4049,0x75bc1d32,0x75bc9494,0x75bcbb47,0x75be1e9b,0x75bf1e32,0x75c0d376,0x75c1d09b,0x75c3c2aa,0x75c48915,0x75c517ef,0x75c55c8c,
  0x75c6fb38,0x75c74680,0x75c85771,0x75c89af7,0x75cd6526,0x75ce3d82,0x75d2a616,0x75d6cb2a,0x75d7985f,0x75d85cfb,0x75d99e3e,0x75d9c470,
  0x75db8617,0x75dd3f8e,0x75dd77c5,0x75dd7ece,0x75de9851,0x75e1dbe3,0x75e36494,0x75e51df7,0x75e6813e,0x75e7ce16,0x75ece908,0x75ef95fa,
  0x75f36434,0x75f4ac23,0x75f63d0e,0x75f7a0ab,0x75fb9d12,0x75fc9c76,0x75fcf046,0x75fe644b,0x75ffb1db,0x7600afd0,0x760643cd,0x76091f0f,
  0x7609d938,0x760abbd6,0x760c7abc,0x760c95a7,0x760e657e,0x760fbbf4,0x761089e1,0x76113c53,0x7613fdea,0x7619ae40,0x7619b259,0x761de52c,
  0x76206439,0x76206eeb,0x762310df,0x7624fdd6,0x762874b8,0x7628b478,0x7629ee49,0x762a0ade,0x762b5e7b,0x762c085f,0x762c2e69,0x762ce192,
  0x762e4eb4,0x762ea321,0x762edc93,0x762f5246,0x762fc518,0x7635fcab,0x763678c8,0x763ba49a,0x7642d7d0,0x764347fa,0x76434fe2,0x76444276,
  0x764673b1,0x7646b389,0x76487286,0x764ae32e,0x764c1732,0x764cf3e4,0x764d3984,0x764dcdd8,0x764dd4f5,0x764e5b1c,0x764fcb73,0x7650cad1,
  0x76522938,0x7652cf77,0x765352bf,0x7653757c,0x765494bc,0x76560619,0x765749c6,0x7657cae3,0x76590aff,0x765972ab,0x765a6cd2,0x765b1c4c,
  0x765d2fa9,0x765d71ed,0x765e38a4,0x765eff60,0x766057d7,0x76611333,0x76619f73,0x76642580,0x7664aaa0,0x7664bf60,0x7665d883,0x7668ed68,
  0x766a14ce,0x766aed21,0x766cdb05,0x766fa691,0x76714abb,0x7674540d,0x7674e99a,0x767a81cd,0x767ac5fb,0x7681b80c,0x76824223,0x76843dc2,
  0x76855aaa,0x768b4fbe,0x768d0e6c,0x768d6e2a,0x768df3da,0x768ea571,0x76903588,0x7692782a,0x76928524,0x7692f5b8,0x7694c857,0x7694cd35,
  0x7695786a,0x76962648,0x76967f3a,0x7697dcb6,0x769a095a,0x769a4fd7,0x769a5ce9,0x769ab34c,0x769b0d8d,0x769bb0be,0x769da943,0x769e49d4,
  0x769f8252,0x76a17b26,0x76a1b074,0x76a3a718,0x76aeb369,0x76af3a8d,0x76af7133,0x76b08730,0x76b114d4,0x76b45f21,0x76b500a0,0x76b57e8f,
  0x76b7422d,0x76b98ee1,0x76baf8a7,0x76bd1437,0x76bd64cf,0x76bf54fe,0x76c032f6,0x76c1d79a,0x76c3356e,0x76c41940,0x76c5177a,0x76c60238,
  0x76c632d0,0x76cab324,0x76ce11ba,0x76d05432,0x76d0587d,0x76d83555,0x76d85460,0x76da7ec9,0x76db6735,0x76dd5f58,0x76de8468,0x76e0daf5,
  0x76e11b92,0x76e1cbaa,0x76e2a6fc,0x76e531e1,0x76ec62bf,0x76eca065,0x76ed3467,0x76edff0e,0x76f369b9,0x76f4721c,0x76f4727e,0x76f4b82e,
  0x76f5c81b,0x76f5e82c,0x76f8e3b2,0x76f90f95,0x76f935f5,0x76fbca41,0x76fc71f9,0x77012fe8,0x7704dae7,0x7707171d,0x7708437f,0x7708a490,
  0x7708ca4d,0x771173b3,0x7714a3b6,0x77170aaf,0x77173c7c,0x77174996,0x771c61b5,0x771d6f3c,0x771d8211,0x771fde8f,0x77247a60,0x77277902,
  0x772b5008,0x772e2f5e,0x772ee566,0x773177ba,0x7731c1e9,0x7731f7a1,0x7732137e,0x77337f95,0x7736f3f9,0x77381141,0x77397734,0x773b51a9,
  0x773c46e4,0x773ee632,0x773f8377,0x774105af,0x77416f82,0x7741ae2e,0x7742e8f3,0x7743033d,0x77448afc,0x77466e0c,0x7746bd08,0x7747fb07,
  0x774805bf,0x774d55b2,0x774f83a3,0x7751a6f5,0x7751e73d,0x775438be,0x7754feb7,0x775d5e4d,0x77622ca4,0x7762dc79,0x776572cb,0x7766e2a0,
  0x776974b6,0x776a13de,0x77710f85,0x7772d28c,0x777326e7,0x77749c46,0x7777f665,0x7778f5e5,0x777b0804,0x777ce8cd,0x777da26c,0x777dae7e,
  0x777ea0a7,0x7781c281,0x77844114,0x7788bb7a,0x778c1f6a,0x778d1d4b,0x7792e11f,0x77935e35,0x7793c7ab,0x779649b2,0x7797fe7b,0x7799c5d0,
  0x779b3331,0x779bcf62,0x779c0ee2,0x779d124b,0x779d8192,0x779dc2ce,0x779df252,0x779ea9b9,0x779f04af,0x77a202b6,0x77a9bfac,0x77ac809b,
  0x77ad7cc1,0x77ade562,0x77aff758,0x77b02606,0x77b053fd,0x77b2ac71,0x77b56be7,0x77b6a95e,0x77b6cbae,0x77b8c819,0x77b92300,0x77ba077d,
  0x77ba3ffe,0x77bd6432,0x77bf1653,0x77c0a95d,0x77c1bd89,0x77c29c7e,0x77c3322a,0x77c48d3a,0x77c523a7,0x77c5706e,0x77c6190d,0x77c6f611,
  0x77c87231,0x77c98346,0x77cec1b9,0x77d0e9c0,0x77d27f7f,0x77d40fa7,0x77d6bff4,0x77d8aa32,0x77d92c4e,0x77d971d9,0x77d9c46d,0x77db8281,
  0x77dba803,0x77dbd865,0x77dc8fe9,0x77de273d,0x77dfa401,0x77e0153d,0x77e02e41,0x77e16152,0x77e18e43,0x77e2bbe3,0x77e6277c,0x77e68ea6,
  0x77e88efa,0x77e9079b,0x77ecf681,0x77ee6559,0x77f01b25,0x77f0de5f,0x77f20e30,0x77f2480c,0x77f63316,0x77fb2304,0x77fc332b,0x77fd73d9,
  0x78034ec0,0x780730b3,0x78076450,0x780a6349,0x780be980,0x780d096e,0x780d1869,0x780def53,0x781057f1,0x78111dbe,0x7811aeda,0x78139781,
  0x7813b086,0x78146654,0x78159379,0x78160e47,0x7817a981,0x78182eb0,0x7818c49b,0x781aa513,0x781b029e,0x781bd22f,0x781bd92c,0x781d8aa0,
  0x781eb680,0x781ee8cf,0x781f75e9,0x78218d2e,0x782302c5,0x7824f7b8,0x78290cb0,0x782bf72c,0x782f2354,0x782f63d8,0x7830eafc,0x78349047,
  0x78387751,0x7838ad2e,0x78398e4c,0x783b8591,0x783c8a0f,0x784157c8,0x7842faa0,0x7843594c,0x78438619,0x78442724,0x78485048,0x784da6d1,
  0x784f4e33,0x785024ac,0x7850990d,0x7853f86a,0x7854262c,0x785804f2,0x78591a72,0x78593a02,0x785955aa,0x78597397,0x785a7aa4,0x785dd74a,
  0x785ea19a,0x785ee302,0x786089e5,0x78624fbb,0x78651dec,0x7865f5d6,0x786642a4,0x786af67b,0x786bd3ee,0x786c69fa,0x786e8bb4,0x78702eb2,
  0x787171b1,0x7871ff18,0x7875fcb1,0x7877ae61,0x787acb2b,0x787b1e0d,0x787bb661,0x787c6533,0x787f5116,0x78804c0c,0x788176d4,0x7881ad1a,
  0x7881b318,0x7881c682,0x7881d2a4,0x78846cfb,0x7885088b,0x7886d207,0x788776cc,0x7888e835,0x788a49ff,0x788c2eff,0x788d2629,0x788d2c98,
  0x788f39f9,0x78913684,0x7891b3e1,0x78937570,0x7894624a,0x789b25b4,0x789de3bc,0x78a0f02c,0x78a552ea,0x78a906d4,0x78aebd9e,0x78b03b37,
  0x78b16642,0x78b20b77,0x78b21432,0x78b2e35a,0x78b4d972,0x78b78313,0x78b7affa,0x78b8671d,0x78b8a505,0x78bc3918,0x78bdf69d,0x78be7ef7,
  0x78bf298a,0x78c2641b,0x78c2ead7,0x78c30567,0x78c3727d,0x78c3a052,0x78ca50a2,0x78caae92,0x78d063f4,0x78d2c7f0,0x78d2f2b8,0x78d9cbe7,
  0x78dc9a35,0x78de83f7,0x78df9a8a,0x78dfa3c3,0x78e0fde1,0x78e1c4e5,0x78e291df,0x78e3709f,0x78e48f81,0x78e72d81,0x78e7f231,0x78e88399,
  0x78e9161e,0x78ee83a0,0x78eeb21d,0x78ef1b17,0x78f39c14,0x78f40796,0x78f6485b,0x78f7f105,0x78f8f2b3,0x78fa0771,0x78fb4c26,0x78fb956f,
  0x78fd0afe,0x78fe0f32,0x79021b5f,0x79086b9e,0x790916dd,0x790a3bf4,0x790b99d0,0x790bebc8,0x790d5d7f,0x790dac48,0x7912b3b9,0x79139a29,
  0x7914a1a4,0x7914de6c,0x7916433b,0x79164598,0x79170862,0x791b8e9d,0x791c42e3,0x791cec81,0x791d736d,0x791ec54a,0x7920e3fe,0x792276f9,
  0x79228afa,0x792645b5,0x79281ac2,0x79283c2e,0x79284ba5,0x792b419d,0x792c6ac4,0x792d8a7b,0x792e9032,0x792f8323,0x7930d29d,0x793127cf,
  0x7931f066,0x7932dc6b,0x793318e0,0x793401e6,0x79357e1b,0x7935f20e,0x79362c51,0x793777c5,0x7939164b,0x793b4a1b,0x793b73ed,0x793ca98e,
  0x793cd7c7,0x793d7e9e,0x793fde39,0x7941d386,0x79420452,0x7945527a,0x7945d93e,0x79494dcf,0x79500004,0x795297ce,0x7952eef6,0x7954b89b,
  0x7955a220,0x7955b0f5,0x79586945,0x795bc1fa,0x795bda78,0x795e547b,0x7960ea93,0x79618e93,0x7962ff93,0x79633e9e,0x7964cf82,0x796668cb,
  0x7966858c,0x7966b577,0x7968635e,0x7969671b,0x796a4085,0x796d2baf,0x79738591,0x797427fb,0x79755cb8,0x7975c407,0x7976f984,0x79792426,
  0x797991da,0x797a4752,0x797c2b17,0x797de695,0x797f030c,0x7981f60f,0x79829c8d,0x7982cda1,0x7982f81a,0x79856cc6,0x79866d30,0x7987f20c,
  0x79891388,0x7989c777,0x798bbda6,0x798bce19,0x798c1107,0x798c227d,0x798d2410,0x798fe1e5,0x79935546,0x7994162b,0x7996af41,0x7997dbc4,
  0x7998751d,0x79988d04,0x7999b2ad,0x799a04a2,0x799b6296,0x799f7456,0x79a15a2f,0x79a4e04d,0x79ab1e29,0x79ab39d9,0x79ac9db2,0x79ae661a,
  0x79af4be1,0x79afcb23,0x79b07067,0x79b110d5,0x79b14091,0x79b23dea,0x79b27f24,0x79b778ff,0x79b9964f,0x79ba8e28,0x79ba9c77,0x79bc1675,
  0x79bc2313,0x79be43fa,0x79bebd2d,0x79c21097,0x79c3772a,0x79c3d766,0x79c51079,0x79c6bdce,0x79c70d1d,0x79c9ce23,0x79c9ff8d,0x79caac4e,
  0x79cacacc,0x79cd7f2b,0x79cdc209,0x79ce1560,0x79d0a3c5,0x79d1b0c5,0x79d2548c,0x79d35ac9,0x79d91028,0x79dd4366,0x79ddfb06,0x79de6edd,
  0x79dec7ff,0x79df5429,0x79e00fa3,0x79e1dc59,0x79e3bdf0,0x79e5cf8b,0x79e5ebf3,0x79e67715,0x79e760b1,0x79e7d01d,0x79ecb49c,0x79eda232,
  0x79f11ad8,0x79f1d809,0x79f23d8c,0x79f2acf1,0x79f34926,0x79f3feb8,0x79f4e7ea,0x79f54c6b,0x79f89ec0,0x79f97eed,0x79fa2f08,0x79fa9ce1,
  0x79faadeb,0x79fab7f1,0x79fe07df,0x79ffd644,0x7a00b5c1,0x7a01f3dc,0x7a022d87,0x7a050da7,0x7a0883bb,0x7a0cd7e7,0x7a0e411a,0x7a0e6a16,
  0x7a1138b2,0x7a11964d,0x7a136621,0x7a139fdf,0x7a145a6b,0x7a16b850,0x7a17b517,0x7a19cb23,0x7a1ac58f,0x7a1b02ce,0x7a1c3943,0x7a1f592d,
  0x7a22e92e,0x7a235cb3,0x7a242c74,0x7a2445d1,0x7a25e8c8,0x7a261f1e,0x7a2c909c,0x7a3232c3,0x7a33030a,0x7a354880,0x7a360ae6,0x7a380b73,
  0x7a3a1aa0,0x7a3a68e2,0x7a3b520f,0x7a3c0753,0x7a3ddfdd,0x7a3de0d1,0x7a3ea9f3,0x7a3ebb00,0x7a438907,0x7a43b02c,0x7a47a600,0x7a48525f,
  0x7a4878d3,0x7a4b5ff3,0x7a4c795b,0x7a4c978c,0x7a4df376,0x7a4e7e62,0x7a4f8542,0x7a50c290,0x7a50ff6f,0x7a5231c9,0x7a53e272,0x7a549e2c,
  0x7a54c7c1,0x7a5638f7,0x7a56a5e5,0x7a5740d0,0x7a57a665,0x7a5921be,0x7a5a6326,0x7a5c81ee,0x7a5d8473,0x7a5df697,0x7a5f22fe,0x7a6276ff,
  0x7a6337f2,0x7a6534a0,0x7a690b0f,0x7a6a34eb,0x7a6cb7b4,0x7a6e9473,0x7a7113f5,0x7a739b94,0x7a758b7e,0x7a7694f4,0x7a7a5974,0x7a7c9e10,
  0x7a7cdcd7,0x7a7d327c,0x7a7d73a0,0x7a81429a,0x7a819c57,0x7a842236,0x7a84c710,0x7a84e199,0x7a87a85a,0x7a87cf21,0x7a89e139,0x7a8d5a3f,
  0x7a8e891b,0x7a8f5849,0x7a8fd1bf,0x7a902fa2,0x7a947e7c,0x7a949ab5,0x7a96bc99,0x7a992099,0x7a993a72,0x7a9a43cc,0x7a9c61d4,0x7a9ecc5c,
  0x7a9f30e8,0x7aa09818,0x7aa55ae2,0x7aa55e0a,0x7aa5c112,0x7aa8ed94,0x7aa9a724,0x7aac2890,0x7aac6394,0x7aae008a,0x7aaec48a,0x7ab044bc,
  0x7ab14d1e,0x7ab18ef7,0x7ab41ae3,0x7ab466b2,0x7ab80ff1,0x7ab9b5a4,0x7abcaa33,0x7ac07803,0x7ac2073d,0x7ac26456,0x7ac75e47,0x7ac81b61,
  0x7ac87de6,0x7aca9a43,0x7acf129b,0x7acf5e21,0x7ad35fa6,0x7ad4c127,0x7ad5d513,0x7ad72c99,0x7adcd49f,0x7add021f,0x7add3f80,0x7adec6ab,
  0x7adee923,0x7adfba52,0x7ae06a54,0x7ae3783b,0x7ae48065,0x7ae66998,0x7ae6cd12,0x7aea3465,0x7aef13a0,0x7af0cfc2,0x7af35346,0x7af4f05e,
  0x7af51275,0x7af6e89d,0x7af95023,0x7afe17ff,0x7afe863b,0x7afed228,0x7affa713,0x7b00ff84,0x7b0204bd,0x7b031f0f,0x7b03bd56,0x7b07cea1,
  0x7b08cb69,0x7b0a6802,0x7b0ab4c1,0x7b0c8635,0x7b0d97db,0x7b0de534,0x7b132214,0x7b149763,0x7b165cf8,0x7b1a4a7f,0x7b1d56ab,0x7b1e282b,
  0x7b23c641,0x7b241738,0x7b276794,0x7b277c3c,0x7b2a29a2,0x7b2bc640,0x7b3086ec,0x7b317627,0x7b337f27,0x7b3781d4,0x7b379236,0x7b38aaf9,
  0x7b3a2bae,0x7b3a58da,0x7b3a7400,0x7b3be88a,0x7b3c890d,0x7b3ffae6,0x7b40dfee,0x7b4243ae,0x7b452fa6,0x7b46f100,0x7b48ef13,0x7b4bb3b8,
  0x7b4d48c0,0x7b4fb8e3,0x7b5004eb,0x7b502adf,0x7b565cf7,0x7b5727fb,0x7b580933,0x7b5847e6,0x7b590a78,0x7b5ac218,0x7b5c5326,0x7b5dd945,
  0x7b5f98c7,0x7b627b3c,0x7b63ae3a,0x7b63e95c,0x7b644f77,0x7b656672,0x7b66251c,0x7b67134d,0x7b679147,0x7b6bd18b,0x7b6d68fc,0x7b6fa00e,
  0x7b722911,0x7b7498a1,0x7b74b665,0x7b7544bc,0x7b7739b7,0x7b7860ff,0x7b826a08,0x7b8420c4,0x7b848522,0x7b85e24d,0x7b88f4d9,0x7b899850,
  0x7b899dce,0x7b89bee0,0x7b8a04c7,0x7b8a449a,0x7b8dd859,0x7b9004dd,0x7b9510c3,0x7b96f743,0x7b970d82,0x7b9793c1,0x7b99c65e,0x7b9a4eab,
  0x7b9cde72,0x7b9f0f5c,0x7ba0a2eb,0x7ba114c3,0x7ba15c0a,0x7ba16694,0x7ba182db,0x7ba4ab37,0x7ba7aeab,0x7ba9d5dc,0x7bac1a33,0x7bae37e0,
  0x7bae97ed,0x7bafa37e,0x7bb18cfc,0x7bb3c87d,0x7bb4638d,0x7bb726e0,0x7bbcf085,0x7bc46dd9,0x7bc836ed,0x7bcb759b,0x7bcc01d9,0x7bccbbbd,
  0x7bcd3ee2,0x7bcdf564,0x7bcfa90b,0x7bd04c9d,0x7bd0c86c,0x7bd1bb14,0x7bd3c067,0x7bd3db53,0x7bd6958e,0x7bd828ca,0x7bd860bd,0x7bd8b7b7,
  0x7bd9cb63,0x7bdc501e,0x7bdc56cf,0x7be0fbe1,0x7be7076a,0x7be840ae,0x7be8c1b6,0x7be95024,0x7be959f3,0x7beb91f4,0x7beea658,0x7bf143cc,
  0x7bf53894,0x7bf552ff,0x7bf5ead2,0x7bf92943,0x7bf9e321,0x7bfc69d4,0x7bfcbc73,0x7c002edd,0x7c01ad4e,0x7c042ed5,0x7c043334,0x7c04b0d8,
  0x7c05f226,0x7c07c76e,0x7c09137f,0x7c091b97,0x7c0b177e,0x7c0ba44e,0x7c0c022c,0x7c101e0a,0x7c1150ff,0x7c12978d,0x7c13b6a2,0x7c13fc6c,
  0x7c15e668,0x7c1660ba,0x7c17e8d6,0x7c193485,0x7c1a88a1,0x7c1b58f3,0x7c1c0727,0x7c1d8b6c,0x7c1f6573,0x7c218f24,0x7c2586fb,0x7c25f3ae,
  0x7c269126,0x7c284e5d,0x7c29c98c,0x7c29f9bb,0x7c2a2637,0x7c2d102b,0x7c300afe,0x7c30f185,0x7c3182fe,0x7c3237bb,0x7c343eb4,0x7c355ae3,
  0x7c3745aa,0x7c37fbfa,0x7c39c03a,0x7c3b90cd,0x7c3bdb3f,0x7c3ccc20,0x7c3e4282,0x7c3e50d4,0x7c3fddae,0x7c407995,0x7c439a8d,0x7c44afab,
  0x7c474156,0x7c47ee6d,0x7c484d56,0x7c4afade,0x7c4cf505,0x7c4f0e50,0x7c4f176e,0x7c51a0da,0x7c51ad6b,0x7c536423,0x7c5537b0,0x7c562c1b,
  0x7c56c39e,0x7c58124e,0x7c590d04,0x7c59f62b,0x7c59f8b1,0x7c5ae129,0x7c5d49bb,0x7c5e11d0,0x7c5e7841,0x7c5f241d,0x7c61899c,0x7c61a753,
  0x7c625b89,0x7c652c39,0x7c690096,0x7c6916fa,0x7c6a07e1,0x7c6c6165,0x7c6c9a0b,0x7c6ca235,0x7c6da416,0x7c6e4b47,0x7c6ea25c,0x7c70623e,
  0x7c7641c4,0x7c795f19,0x7c7b350b,0x7c7b412e,0x7c7ea767,0x7c7f4353,0x7c833949,0x7c84104f,0x7c84ac8d,0x7c84d77a,0x7c853700,0x7c898985,
  0x7c89e595,0x7c8b3819,0x7c8bdd3f,0x7c8cb440,0x7c8cd188,0x7c8d3889,0x7c8d3a36,0x7c8e38b7,0x7c8f2b2a,0x7c913e92,0x7c922ed4,0x7c94c2d5,
  0x7c95f4a6,0x7c965911,0x7c9659f5,0x7c96f6be,0x7c9710d4,0x7c989c74,0x7c98af3f,0x7c995938,0x7c9b5e1d,0x7c9c5a58,0x7c9c8b3a,0x7c9d4a90,
  0x7c9e9970,0x7ca0e9b0,0x7ca3d34c,0x7ca45e69,0x7ca63a2e,0x7ca85bd8,0x7caad5bb,0x7cab82bc,0x7cac1f60,0x7cadd285,0x7cafca38,0x7cb1b635,
  0x7cb2afd5,0x7cb4bfa3,0x7cb68c49,0x7cb76383,0x7cb8b35f,0x7cba9197,0x7cbb54f8,0x7cbc45e8,0x7cbfff24,0x7cc05481,0x7cc1b56b,0x7cc22272,
  0x7cc2742d,0x7cc43d97,0x7cc763db,0x7cc77358,0x7cc953ae,0x7ccbaa55,0x7cce35ee,0x7cce5457,0x7cce575b,0x7ccf9825,0x7cd048bf,0x7cd13f5c,
  0x7cd17701,0x7cd28071,0x7cd36823,0x7cd43f9e,0x7cd8c2d9,0x7cd9a2f0,0x7cdae80b,0x7cdb46de,0x7cdb76ca,0x7cdc9cbf,0x7ce020fb,0x7ce09a9c,
  0x7ce43ce4,0x7ce484d4,0x7ce6bc9d,0x7ce81a8c,0x7ce907b5,0x7ce95f5b,0x7cebd254,0x7ceeb46e,0x7cef2449,0x7cef38ca,0x7cef79b2,0x7cf7a4a6,
  0x7cf8466c,0x7cf9a59f,0x7cfb580e,0x7cfbc09a,0x7cfd4864,0x7d02316c,0x7d029aa4,0x7d04acc6,0x7d050930,0x7d055504,0x7d055d29,0x7d059458,
  0x7d07e8ec,0x7d087223,0x7d09ec0a,0x7d0b7350,0x7d0caeee,0x7d0eca97,0x7d1052fc,0x7d1131c9,0x7d122674,0x7d1395fc,0x7d13db5e,0x7d140d0b,
  0x7d1a1b41,0x7d1cd3fe,0x7d1dcc43,0x7d1ef5a9,0x7d20a407,0x7d251157,0x7d26bb61,0x7d28e9c8,0x7d2dbd9e,0x7d2e0ca1,0x7d2eadb5,0x7d2f4f11,
  0x7d37936e,0x7d392600,0x7d3c9922,0x7d3fbe91,0x7d416863,0x7d417ec1,0x7d422074,0x7d42243b,0x7d444c73,0x7d460c7e,0x7d462b41,0x7d468043,
  0x7d476e75,0x7d477c8d,0x7d48740a,0x7d49873e,0x7d4a1dcd,0x7d4a7d9e,0x7d4ba8a0,0x7d4cd828,0x7d4dab9d,0x7d4eefbe,0x7d51585c,0x7d52abdd,
  0x7d531ffa,0x7d53320b,0x7d552c9e,0x7d560a2b,0x7d56a762,0x7d576e39,0x7d57e7d3,0x7d5a4749,0x7d5aaf62,0x7d5c4d8b,0x7d5c5a46,0x7d5cf46a,
  0x7d5f33d0,0x7d6076aa,0x7d60ee0a,0x7d62df04,0x7d633bb9,0x7d633e13,0x7d64da83,0x7d689e14,0x7d6d0800,0x7d6ea1f2,0x7d6f5f30,0x7d713f92,
  0x7d7236cb,0x7d7a23f6,0x7d7ace8a,0x7d8148f0,0x7d81a0c6,0x7d82e3e2,0x7d834242,0x7d841af1,0x7d842a4e,0x7d84fe8a,0x7d858b32,0x7d8974c4,
  0x7d8a8db6,0x7d8b6bcc,0x7d8c5b35,0x7d8ebc51,0x7d915e23,0x7d92bc19,0x7d93a825,0x7d959248,0x7d95b722,0x7d97fb39,0x7d99e502,0x7d9ace55,
  0x7d9bfc1d,0x7d9d36d7,0x7d9e087f,0x7da3b1c5,0x7da4791c,0x7da811e9,0x7da87473,0x7dab5a8e,0x7dabb217,0x7dac69b4,0x7db1f111,0x7db2ce48,
  0x7db3c76b,0x7db46009,0x7db46b18,0x7db53e9b,0x7db58841,0x7db64c32,0x7db8bdb1,0x7db9ac9c,0x7dba2fd6,0x7dbb0e12,0x7dbb40d7,0x7dbc3ca9,
  0x7dbdad13,0x7dbe275c,0x7dbec862,0x7dbec91a,0x7dc01762,0x7dc1f839,0x7dc2e594,0x7dc394e5,0x7dc39b72,0x7dc560ea,0x7dc56d0f,0x7dc57922,
  0x7dc9bce1,0x7dcc1d85,0x7dcdb00c,0x7dce07c1,0x7dcfd2f6,0x7dd02871,0x7dd1132d,0x7dd14c2d,0x7dd33ae8,0x7dd43599,0x7dd45ed3,0x7dd7186c,
  0x7ddb7ffb,0x7ddc1fa9,0x7ddd59c9,0x7dddaa0f,0x7de074b7,0x7de0969e,0x7de1b16a,0x7de4eb57,0x7de5438e,0x7de7598b,0x7de7d60d,0x7de8183b,
  0x7dec717e,0x7ded9057,0x7df00944,0x7df06be0,0x7df08b09,0x7df26975,0x7df27258,0x7df39f1c,0x7df48ff8,0x7df4b15c,0x7df4b8f0,0x7df698b2,
  0x7df6b9e4,0x7df7dc02,0x7df87fe1,0x7dfa2672,0x7dfa32d4,0x7dfccb76,0x7dfd50db,0x7dfe1c1d,0x7dff8fd8,0x7e006c22,0x7e0392b8,0x7e0876bf,
  0x7e0a15ec,0x7e0a7b08,0x7e0aadbf,0x7e0e3f3b,0x7e0e51b6,0x7e126075,0x7e139f45,0x7e13b031,0x7e170a63,0x7e177549,0x7e1f5fd0,0x7e1ff72b,
  0x7e20c851,0x7e221e84,0x7e22ddf9,0x7e29a963,0x7e2d4b5d,0x7e2d7aa7,0x7e2ef4e4,0x7e2fa274,0x7e308160,0x7e3127e5,0x7e329cbd,0x7e344584,
  0x7e36c224,0x7e388779,0x7e388f41,0x7e38ac87,0x7e398a95,0x7e3af966,0x7e3c9081,0x7e3d288b,0x7e3e03f8,0x7e426096,0x7e438686,0x7e479958,
  0x7e47d2dc,0x7e48ceb4,0x7e48e4e8,0x7e49248a,0x7e4ba465,0x7e4d845c,0x7e4e94be,0x7e511051,0x7e55e11a,0x7e568edb,0x7e5c1a69,0x7e5ce521,
  0x7e5e459b,0x7e5f0e81,0x7e5fa06d,0x7e6178b6,0x7e62aedb,0x7e63b580,0x7e64e8b6,0x7e657799,0x7e6cfa86,0x7e75c476,0x7e7774df,0x7e793b9f,
  0x7e7a6675,0x7e7e5b6a,0x7e7ea029,0x7e7efc52,0x7e7efe34,0x7e7fb4f7,0x7e838e99,0x7e83edfe,0x7e848ede,0x7e84c6a9,0x7e882755,0x7e88a331,
  0x7e89aa82,0x7e89e13f,0x7e8b9f39,0x7e8c2f09,0x7e8c355c,0x7e9022e5,0x7e917e9d,0x7e92c403,0x7e95973e,0x7e98af1e,0x7e9e4ea9,0x7e9eb83d,
  0x7ea016bc,0x7ea427a8,0x7ea43a18,0x7ea6b30b,0x7ea6df17,0x7ea8dc0d,0x7eaef148,0x7eafc6b5,0x7eb38d82,0x7eb49241,0x7eb49435,0x7eba179a,
  0x7ebfbff4,0x7ebfe6cd,0x7ec1b1bc,0x7ec6b47e,0x7ec6d571,0x7ec73492,0x7ec86b84,0x7ecce65f,0x7ecce6fc,0x7ecd38d7,0x7ececf79,0x7ecfdd8d,
  0x7ed105c0,0x7ed3f70a,0x7ed4e47d,0x7ed7b616,0x7ed8cac5,0x7ed8f706,0x7ed95904,0x7ed997d9,0x7eda3357,0x7eda622f,0x7eda63ba,0x7edb8632,
  0x7edd6389,0x7edea99a,0x7ee02167,0x7ee0dc35,0x7ee19a34,0x7ee31345,0x7ee67a02,0x7eeb054e,0x7eee2567,0x7eee44fa,0x7eee887e,0x7eef2365,
  0x7ef26e45,0x7ef4c809,0x7ef7f100,0x7ef80c26,0x7ef89a72,0x7ef8d66a,0x7efddd8e,0x7efef4f1,0x7f00c0a7,0x7f0325b5,0x7f04d9d9,0x7f06d4a0,
  0x7f0890ec,0x7f09bd05,0x7f0ab6c9,0x7f0abaa3,0x7f0afa22,0x7f0e3c9d,0x7f0f5395,0x7f10014e,0x7f1188c3,0x7f11d339,0x7f12b463,0x7f14d93a,
  0x7f15d071,0x7f172895,0x7f1794d5,0x7f18c3f1,0x7f1b602e,0x7f1e0822,0x7f227d4f,0x7f258628,0x7f26dc33,0x7f280262,0x7f28988a,0x7f2ca298,
  0x7f2f2168,0x7f337d90,0x7f344716,0x7f3f94b7,0x7f401e72,0x7f458b88,0x7f459fdd,0x7f47b6a4,0x7f487cf7,0x7f499047,0x7f49d719,0x7f4bc7a8,
  0x7f4f5b4e,0x7f5352f8,0x7f53ac69,0x7f53b0c0,0x7f540112,0x7f5485a6,0x7f555218,0x7f5a8d65,0x7f5aa502,0x7f5ab458,0x7f5abcc7,0x7f5bb42f,
  0x7f5d6663,0x7f5d8e5e,0x7f5e97a5,0x7f5f1e99,0x7f5f9bc1,0x7f62392c,0x7f648662,0x7f653ed1,0x7f6632db,0x7f69352d,0x7f6b0be2,0x7f6d5352,
  0x7f6e72db,0x7f6fe288,0x7f7462d5,0x7f74faaa,0x7f7805d1,0x7f78aac9,0x7f7b0bcc,0x7f7b11b1,0x7f7c29d0,0x7f7f5db5,0x7f821efc,0x7f855043,
  0x7f86aadf,0x7f88f359,0x7f892250,0x7f89bb6d,0x7f89d691,0x7f8a17d0,0x7f8a6efc,0x7f8a79db,0x7f8ad980,0x7f8c1f9d,0x7f9044b8,0x7f90fd02,
  0x7f91bf9b,0x7f955b69,0x7f9594b2,0x7f959d92,0x7f972425,0x7f97e1d8,0x7f99f60b,0x7f9b12c6,0x7f9b233a,0x7f9bf959,0x7f9d584f,0x7f9db099,
  0x7f9f3b9e,0x7fa05a37,0x7fa0e39c,0x7fa1f3ae,0x7fa2ba79,0x7fa44887,0x7fa55b1f,0x7fa56a34,0x7fa77395,0x7fa9cf8a,0x7fab6e71,0x7fad0f82,
  0x7fad8252,0x7fade34a,0x7fb1e1c2,0x7fb24dfb,0x7fb2aac9,0x7fb2f8ad,0x7fb732fd,0x7fb8d982,0x7fb8fdcd,0x7fba2daa,0x7fbc4d2c,0x7fbca11f,
  0x7fbd09cc,0x7fbff9d4,0x7fc073c1,0x7fc0c893,0x7fc4a82e,0x7fc4bd12,0x7fc8054d,0x7fc80e8f,0x7fca4aa9,0x7fcbb28b,0x7fcbf17a,0x7fcca45e,
  0x7fcd7e48,0x7fcde95d,0x7fd03dd2,0x7fd1331b,0x7fd2caa3,0x7fd44668,0x7fd61166,0x7fd88a32,0x7fdc6551,0x7fdd7e58,0x7fdf79d9,0x7fe1b43b,
  0x7fe3d4c1,0x7fe60a9d,0x7fe62648,0x7fe7fe09,0x7fe84ab6,0x7fe9b7a5,0x7fec319f,0x7fecac18,0x7fee9920,0x7fef2e8d,0x7fefb8f2,0x7ff0b798,
  0x7ff33e60,0x7ff42291,0x7ff53df4,0x7ff5cff5,0x7ff62291,0x7ff86049,0x7ff8b308,0x7ffaf334,0x7ffb90d9,0x7ffcb992,0x7ffd7fdc,0x7ffe4735,
  0x7ffed61d,0x7fffc488,0x8002689a,0x8003ebe9,0x80045478,0x800540b2,0x80085de2,0x800aab12,0x800aeab3,0x800c3e41,0x800c40d9,0x800d8493,
  0x800fd00c,0x8011c17b,0x80134aa0,0x80135dfa,0x8013b169,0x8014766f,0x8014b03c,0x801730a9,0x801760f3,0x801c8297,0x801d7909,0x801df6b4,
  0x801ee8a2,0x80200f5c,0x8021291a,0x8021e160,0x8022ce15,0x80230874,0x802474c0,0x8024b410,0x8024f02c,0x80285e2a,0x80286ebb,0x80290fbd,
  0x802a5e6e,0x8030c3e5,0x803159f1,0x8031a1f3,0x803524d8,0x803939b8,0x803a1252,0x803a7e78,0x803b4ee5,0x803c5109,0x803eabb3,0x803f5537,
  0x80403e20,0x804457f5,0x80457cac,0x80457dd3,0x8045f1c2,0x804a6540,0x804b7c0a,0x804d2cb9,0x804d3743,0x804d679f,0x804e1eeb,0x8053da08,
  0x8054208d,0x80579fbf,0x8057b9be,0x80582584,0x805a104f,0x805b0289,0x805ee325,0x805ee805,0x805f57d6,0x805f7909,0x805fdef1,0x805feaaf,
  0x8064a28e,0x8065117d,0x806613fd,0x8067efc2,0x80684935,0x8068b357,0x806bb7d7,0x806d4dff,0x806dd96c,0x806dfe73,0x806e9235,0x806ea072,
  0x80701e5a,0x8071fb4d,0x807288ac,0x8073061d,0x80744a06,0x80749695,0x8074da33,0x8076f5ef,0x8077e63a,0x807a4ed6,0x807cd202,0x807d50f1,
  0x80824920,0x80835152,0x80897c64,0x80899d8a,0x808ae59b,0x808c1167,0x808d56d5,0x808e37a7,0x808f2c64,0x808f3459,0x80912dfb,0x8091df40,
  0x809264c0,0x80928c27,0x8092b735,0x8094c57e,0x8098f963,0x80993d90,0x80996a96,0x809b161c,0x809c4c49,0x809c985e,0x809ccd0f,0x809e0896,
  0x809eebf9,0x809f2e21,0x80a033b0,0x80a1f406,0x80a3a574,0x80a619d1,0x80a85843,0x80aa4a6c,0x80abfd8a,0x80acff06,0x80ad190b,0x80ad74b6,
  0x80ad94c1,0x80af59b7,0x80b15244,0x80b27868,0x80b504c7,0x80b56171,0x80b66399,0x80b8b9d2,0x80b9f4e6,0x80bad016,0x80bcaccb,0x80bd1dc2,
  0x80bd684f,0x80bd6f07,0x80bdcb6c,0x80be062c,0x80beabed,0x80c46ae8,0x80c49071,0x80c8269f,0x80c864d4,0x80c886e1,0x80c93ce4,0x80ca8bf9,
  0x80cee85f,0x80cefcbe,0x80d17a64,0x80d22aba,0x80d48084,0x80d49803,0x80d60765,0x80d70709,0x80d7fab7,0x80d831d8,0x80d975e2,0x80dc674e,
  0x80e0eb4f,0x80e1b1bb,0x80e4e718,0x80e6d946,0x80ea0146,0x80ea1179,0x80ec32ae,0x80ed6ecd,0x80ef8138,0x80f06a7d,0x80f129db,0x80f17228,
  0x80f3a23d,0x80f97940,0x80fc0d60,0x80fd7c69,0x810117bc,0x810175cc,0x81039a59,0x8105f114,0x8106f056,0x810a318c,0x810b187a,0x810b1d1c,
  0x810b8224,0x810bea5a,0x810c5d89,0x810cd0e6,0x810e6073,0x810eb6e6,0x81111fcf,0x81144d3f,0x81148bc6,0x8115e7c7,0x8117be76,0x811ab024,
  0x811c7f2e,0x811cb3f5,0x811df255,0x81212833,0x812529cd,0x812762e8,0x8128d9be,0x8129a949,0x812df9e7,0x812e630d,0x81338402,0x8133b08c,
  0x8134205b,0x81345b18,0x81348c3c,0x8135226e,0x813553d5,0x8136740a,0x81373fdc,0x813860f8,0x8138a731,0x813bacb0,0x813e1e58,0x813ff234,
  0x813ff611,0x813ff62b,0x81421db8,0x8142e99e,0x8142fdaf,0x81430276,0x81430d45,0x81474071,0x814898b1,0x81491a03,0x814c47a9,0x814e852e,
  0x814ebea7,0x81500878,0x81500f90,0x81516711,0x8154142b,0x81556ca3,0x81567dcb,0x8157d7eb,0x8157efb9,0x8157fef8,0x815976cc,0x815b505d,
  0x815b53c2,0x815cb37d,0x815e0409,0x8160214e,0x81623fbc,0x8162b4c4,0x8165aa1e,0x816af6ac,0x816be5e4,0x816c194b,0x816e39fa,0x816f40d4,
  0x8173098c,0x81733a5a,0x8176564c,0x817975b0,0x817bd387,0x817eb586,0x817f1378,0x817fe525,0x8182055f,0x8184bb31,0x8184ddc5,0x81855311,
  0x8186f849,0x8188822e,0x818b59bf,0x818b8c7f,0x818b8f67,0x818bd107,0x818d46e4,0x819092bf,0x8193efe8,0x8196710c,0x819b8d16,0x819c9f93,
  0x819eec9a,0x81a2d4cc,0x81a3adb8,0x81a4e80d,0x81a60e54,0x81a71a2b,0x81a7623b,0x81a8f636,0x81a91245,0x81a91f37,0x81aa1ff3,0x81ab1546,
  0x81ab645b,0x81ac6cb0,0x81ade56b,0x81b06ba0,0x81b076bb,0x81b09f93,0x81b13ba6,0x81b3a42c,0x81b583cb,0x81b86df4,0x81b871e1,0x81c5966e,
  0x81c917cb,0x81caa7d6,0x81cad521,0x81cf9c22,0x81d08f8e,0x81d0fbc8,0x81d3a7a3,0x81d3bc5a,0x81d4fcea,0x81d7c494,0x81dbba71,0x81dcb88b,
  0x81e047bc,0x81e139fe,0x81e1539f,0x81e39bde,0x81e47d61,0x81eba73d,0x81ebcbcb,0x81ee69ca,0x81f0bd3b,0x81f12b91,0x81f34efd,0x81f5d8a4,
  0x81f9df7a,0x81fea2aa,0x81ffd1d9,0x8201b708,0x82021243,0x8202ccbd,0x82055e93,0x82062af0,0x8209cc0c,0x820a00e9,0x820af018,0x820bbc13,
  0x820ffd57,0x8211bcf1,0x82120884,0x8213721b,0x82139eec,0x821592d6,0x8217a48b,0x821ca653,0x82236cc9,0x8223fd3e,0x82243cb8,0x82252218,
  0x822c2d1f,0x82303d43,0x82330c32,0x8235a87e,0x8235aacc,0x8237ed55,0x8237ee26,0x82396f4c,0x823acb88,0x82408700,0x824398f7,0x8244a02a,
  0x82455db6,0x82456fa3,0x824731dc,0x82499c05,0x824ce26e,0x824cfbb4,0x824da574,0x8252082c,0x8252d1f7,0x82554294,0x82572d70,0x82586e9c,
  0x8258c439,0x825c626a,0x825daee6,0x825ff2aa,0x82603b96,0x826086b0,0x82624653,0x8263aca7,0x8266e4a6,0x826775ce,0x82680432,0x82699b05,
  0x8269b69e,0x826a57d5,0x826ad8cb,0x826c3c56,0x826fa9ec,0x826fb1e5,0x82711e4d,0x82743e9f,0x8274653a,0x82771821,0x82778b80,0x827d4de2,
  0x827e5a39,0x82804853,0x828279ab,0x82840f03,0x8284617d,0x82854c8c,0x828d0ea1,0x828e62ba,0x828fd3d7,0x8290f553,0x8293e930,0x82945859,
  0x82966653,0x8296eb81,0x8296fa90,0x829710fa,0x829751b8,0x8298f02e,0x829ad638,0x829baa44,0x829c6732,0x829d2013,0x829e01ad,0x829e8677,
  0x82a0c0b8,0x82a16bec,0x82a3cc0b,0x82a481b4,0x82a4fe55,0x82a8ba5b,0x82a8dba5,0x82a8f4ba,0x82a9b8c4,0x82aa1c00,0x82abc500,0x82ac019e,
  0x82ad010f,0x82b30a3e,0x82b4ad57,0x82b549e2,0x82b5df3b,0x82b6361b,0x82bc26ab,0x82bc4919,0x82bdc8dd,0x82be297f,0x82bf43cf,0x82c1b06f,
  0x82c2ff4e,0x82c36cf4,0x82c509dd,0x82c8eb8f,0x82c8fc22,0x82ca6e6c,0x82cd2764,0x82cd2964,0x82cf2cd4,0x82d071f4,0x82d0e3de,0x82d2328a,
  0x82d26b47,0x82d27a4a,0x82d374cf,0x82d40400,0x82d506de,0x82d6a5d8,0x82db8baa,0x82dc6ff7,0x82e1353f,0x82e2eb50,0x82e65ea8,0x82eae559,
  0x82ebee2c,0x82f101f9,0x82f21875,0x82f699eb,0x82f89f83,0x82fadab3,0x82fb5e0a,0x82fcb2c4,0x82fdbef9,0x82ff495b,0x8300b834,0x8301307a,
  0x8301ffd5,0x83023d72,0x83049bd3,0x83055b91,0x83079811,0x83082f4f,0x830848d7,0x830851a9,0x830a96be,0x830bc0bc,0x830deba1,0x83135800,
  0x8315bbaa,0x8315ed2d,0x83164166,0x83165f15,0x8316e5bb,0x83184140,0x831b318c,0x831c5b05,0x831cd5c8,0x832062cd,0x8321b58d,0x8321d546,
  0x8322e537,0x83230fcf,0x8323ead1,0x832684a1,0x8327d7c4,0x8328b8d7,0x832ad16d,0x832afdd4,0x832c6100,0x832d0dbb,0x832fd1c0,0x833051e5,
  0x8331cda5,0x83330552,0x83342416,0x833514a4,0x83354fc0,0x8336b181,0x833893b1,0x833a753d,0x833ca58f,0x833cecba,0x833e6072,0x833ee847,
  0x833f94e3,0x8340faf2,0x8342df93,0x83430e91,0x83435af9,0x83464d14,0x8348725c,0x83495014,0x834d41bb,0x834de5fd,0x83552fe7,0x83571ee9,
  0x835bfec5,0x835c4486,0x835c7591,0x835fa2eb,0x83602735,0x83615c86,0x8361f805,0x8362e123,0x8363704d,0x8363c635,0x8363d85e,0x836577d8,
  0x836745ef,0x83687583,0x836953d5,0x836a79e4,0x836aa968,0x836ac60b,0x836b3bc3,0x836e9802,0x836ee799,0x836f38ef,0x836f8784,0x836ffa39,
  0x8372bee2,0x837702f4,0x83772c2d,0x83777a49,0x837920ae,0x837a560d,0x837a6da9,0x837a940c,0x837aa3d6,0x837c441a,0x837d3fdc,0x837dc96d,
  0x837eabde,0x8380e92a,0x8383a4d6,0x8383c52b,0x83856a11,0x838a3555,0x838c473b,0x838eb3f2,0x83909ce6,0x8394b18a,0x8395ecd8,0x839b6f3f,
  0x839c054c,0x839ea8d4,0x839ebb47,0x83a02138,0x83a4c14d,0x83a68e80,0x83a6a90d,0x83a6eb1a,0x83a76ff5,0x83a7d37e,0x83aab58b,0x83af78a5,
  0x83affb77,0x83b16b90,0x83b2d3c6,0x83b5c9b1,0x83b5d8bb,0x83b801ca,0x83b8fb23,0x83b91c05,0x83b93100,0x83b9ef91,0x83babe8b,0x83bb39b4,
  0x83bbf572,0x83bc6348,0x83bd1fb2,0x83bfcc0d,0x83c1677d,0x83c1c250,0x83c329a7,0x83c3cf51,0x83c6ea95,0x83c77e63,0x83ca0180,0x83cbd56e,
  0x83cc6fde,0x83cce96d,0x83cedd8c,0x83cfa264,0x83d0abda,0x83d0bd6a,0x83d11197,0x83d1121e,0x83d1b5c1,0x83d36f75,0x83d41341,0x83d4cfe8,
  0x83d56773,0x83d65fa4,0x83d85d3b,0x83d87319,0x83d87b21,0x83d941c5,0x83dbccf1,0x83dc247a,0x83e1618f,0x83e52497,0x83e58be4,0x83e756b6,
  0x83e86f68,0x83ed3b89,0x83ef0c3a,0x83ef22fd,0x83ef509a,0x83f2942f,0x83f54a9e,0x83f5a304,0x83f5dcf8,0x83f6565e,0x83f7c94a,0x83fc56da,
  0x84087244,0x8408a362,0x84094f79,0x8409fccc,0x840e190a,0x8412424e,0x8415c355,0x8417d909,0x8418df0d,0x841df68e,0x841ea18a,0x841ea725,
  0x841fb72c,0x84224c34,0x84294ff4,0x84296175,0x842afe84,0x842b29a2,0x842fafc6,0x8430ace3,0x843257d7,0x8432e762,0x8434edd1,0x843598ce,
  0x8436712d,0x8436afd0,0x84385f30,0x84398d77,0x8439dfc8,0x843aaeab,0x843d9436,0x843fec3a,0x8440ee13,0x84422677,0x8448ef1c,0x844ab1ab,
  0x844bdf84,0x845173b1,0x8452c955,0x8453930f,0x84540108,0x84546c97,0x8455441b,0x84559b56,0x845652d0,0x8458d056,0x845c43dd,0x845df1ba,
  0x84618ddc,0x84620725,0x8463d751,0x846b1266,0x846b2893,0x846c92cf,0x846eb950,0x84704fa9,0x847130c6,0x8471d783,0x847231ee,0x8472dd8f,
  0x8473d3c8,0x84747aab,0x8475e1db,0x8476123f,0x8479a4d9,0x847e3337,0x847e7548,0x847fe583,0x8481e14e,0x8484dbb1,0x8485f3b5,0x848830b8,
  0x8488dfc7,0x848a65e1,0x848aae24,0x848df979,0x848f68f8,0x848f9f98,0x84916308,0x84927aba,0x8496eadf,0x8499758a,0x8499edd6,0x849ee6a8,
  0x849eee53,0x84a02907,0x84a05b58,0x84a26e68,0x84a2ec0c,0x84a64956,0x84a89d32,0x84a8eae2,0x84aa76a7,0x84aab755,0x84ac3d0c,0x84ad888c,
  0x84b10c17,0x84b7eff1,0x84b85d4f,0x84b8cf4b,0x84b8f5f8,0x84bb1b3d,0x84bffa8d,0x84c2cf79,0x84c59b7f,0x84c6b908,0x84c8a629,0x84c9b009,
  0x84cb136f,0x84cb7dff,0x84cc6644,0x84cde1ce,0x84d0a78e,0x84d2b224,0x84d59e4b,0x84d61f72,0x84d901c8,0x84d9356c,0x84dbce1e,0x84dc02c0,
  0x84dc45b8,0x84dfc8d6,0x84e003fb,0x84e025a9,0x84e0ab74,0x84e17513,0x84e1f9a0,0x84e561ec,0x84e688b2,0x84e843a0,0x84ee5810,0x84ee9d99,
  0x84ef8454,0x84efa8af,0x84f13b15,0x84f2ef3c,0x84f4a8d5,0x84f731b9,0x84f81e0c,0x84f9bf8d,0x84fa3a9c,0x84fc8d2a,0x8500a091,0x8501b045,
  0x8502adc7,0x85037ace,0x850705d9,0x850711ce,0x85071c41,0x8507c3ac,0x8507f927,0x850a460b,0x850a5857,0x850addb4,0x850d205b,0x851038e2,
  0x85167370,0x851778ef,0x851dd794,0x8520c506,0x85210951,0x85224109,0x85255cfc,0x852a8abe,0x852cb284,0x852d5a31,0x852d8b27,0x852e00ad,
  0x8535befb,0x85388a7c,0x853e786b,0x8540c04b,0x85427074,0x8543ec5a,0x85451560,0x854598f9,0x8548ee7b,0x854946d8,0x854a76aa,0x854b8bb1,
  0x854c7eb4,0x854d2aa7,0x854f1251,0x854f176d,0x854f3efa,0x854f6464,0x855262c1,0x85527a5f,0x8553dc0a,0x85543bed,0x85546c68,0x8554cef5,
  0x8554d76c,0x85589b3c,0x8558facc,0x8559234e,0x855b7298,0x855ce66a,0x855d5ed7,0x855deb22,0x855f3740,0x85604293,0x85637ced,0x85649284,
  0x856686b3,0x856696d0,0x85686c83,0x856a8251,0x856c2334,0x856fc3db,0x8573537d,0x857431a4,0x8574ab2e,0x8576b9fc,0x85780e91,0x85788d53,
  0x8578d0fc,0x85792c56,0x8579e02c,0x857b542a,0x858055ed,0x8583e5e4,0x85852e27,0x8585c1fa,0x85876db1,0x8587862e,0x858904c6,0x8589b53e,
  0x8589d0ef,0x858b64ae,0x858bca80,0x858cd629,0x858cf1c3,0x858d2dad,0x858d2f8e,0x858f3c46,0x858f67dd,0x8591afd0,0x8595fdda,0x8598063f,
  0x859c0d8d,0x859dd33c,0x85a02f36,0x85a13241,0x85a38944,0x85a4777e,0x85a6fe30,0x85a790b2,0x85a8e25b,0x85a9eb1b,0x85ad9cdf,0x85b0c5b6,
  0x85b20862,0x85b79cb2,0x85b814a9,0x85b818b0,0x85b82d66,0x85b935a6,0x85ba9788,0x85bbfb2b,0x85be7746,0x85c07944,0x85c08789,0x85c1f7d0,
  0x85c416f0,0x85c74c06,0x85c7b938,0x85c83b10,0x85c8be5e,0x85ca0c15,0x85cdc62e,0x85ce7f74,0x85ce804a,0x85cf7faa,0x85d04504,0x85d0916b,
  0x85d0928e,0x85d22c00,0x85d256e3,0x85d4e2e5,0x85d50297,0x85d63aef,0x85d879f0,0x85d94187,0x85d9d099,0x85da4a9f,0x85daa473,0x85daf859,
  0x85dbcec5,0x85dcf5bf,0x85ddb23b,0x85dfdf0c,0x85e4ba2e,0x85e56ee6,0x85e6e5b4,0x85e6ffa3,0x85e8ed9a,0x85e90eeb,0x85e9195e,0x85eaa786,
  0x85ed09c5,0x85ee0d37,0x85ee7e2c,0x85eef25f,0x85f05bea,0x85f0db0b,0x85f2ec6b,0x85f650d1,0x85f6b2d8,0x860196cd,0x86032543,0x8603f174,
  0x86057081,0x860790ac,0x86094527,0x860b365d,0x860b769b,0x860c2674,0x860d57c2,0x860dc440,0x8613f573,0x8613feb4,0x86196722,0x861b6f98,
  0x861eaa29,0x8620a18a,0x86212ed2,0x8623e650,0x862982f4,0x862a534e,0x862b6a32,0x862bb065,0x862cd522,0x862e9489,0x862ff5d6,0x86301dcc,
  0x8632647a,0x863564fd,0x8635ac03,0x86360417,0x8637551b,0x8637a87a,0x8638ea5e,0x86399fb5,0x8639b71a,0x863bfd69,0x863c6e05,0x863fa0c6,
  0x8643194e,0x8643b320,0x86440eec,0x864dccac,0x864fc114,0x86542eb0,0x865469ea,0x865533b0,0x865549ac,0x86590727,0x865b2e0c,0x865b4644,
  0x865cb938,0x865e9cd4,0x865f15f4,0x865f4c91,0x865fdaeb,0x86600421,0x866282d7,0x8663469f,0x8664528f,0x86660e6a,0x8666793a,0x8666b51e,
  0x8669fe04,0x866a1b6d,0x866a7862,0x866de89c,0x866e1f29,0x86735e03,0x86741afd,0x86778ef5,0x867807d3,0x8678f879,0x867a6f09,0x867b4c1d,
  0x867cebf5,0x8683a342,0x86842806,0x868444d2,0x8686810e,0x8686c2bc,0x8687ec78,0x868b12d7,0x868c61f3,0x868cfe60,0x868da361,0x868f192a,
  0x868f6bd8,0x868fd963,0x86903151,0x8690e339,0x8692c282,0x8696a983,0x869b21f2,0x869dcd10,0x86a1d605,0x86a2cc81,0x86a47396,0x86a6cef7,
  0x86a89e50,0x86a95170,0x86ab1a17,0x86ad8442,0x86ade02f,0x86aea1a0,0x86b0543e,0x86b0b493,0x86b11a58,0x86b1affe,0x86b291ca,0x86b2b6c3,
  0x86b68add,0x86bb1441,0x86bb3004,0x86bb92cb,0x86bb930f,0x86bc312c,0x86bd71f1,0x86bfa144,0x86c05488,0x86c1355e,0x86c1b1f4,0x86c2e2ea,
  0x86c5349f,0x86c6fb5e,0x86c91d64,0x86ca9447,0x86cbcb0c,0x86cd4966,0x86cdc01f,0x86cf2488,0x86cf6bbb,0x86d06a0e,0x86d08730,0x86d12069,
  0x86d38858,0x86da7b3d,0x86de589c,0x86dea3db,0x86e3d145,0x86e40de2,0x86e445d1,0x86e547ec,0x86e8b01d,0x86eb13bd,0x86ec19e1,0x86ec3a8a,
  0x86ed66a4,0x86f1d7e1,0x86f285ec,0x86f46e7f,0x86f72ac2,0x86fb5350,0x86fc26d2,0x86ff5010,0x8700249b,0x87039d5e,0x870fa5ab,0x87106ff8,
  0x87123693,0x87145cd0,0x8715d5b6,0x871767cc,0x871a9cd8,0x871c06cd,0x871ca6ba,0x871d77f1,0x871d9b51,0x871dd869,0x871e0507,0x871e18b9,
  0x871ec6ab,0x871fafee,0x871fedc5,0x87231fe0,0x8724a746,0x87279006,0x87280350,0x8728ed27,0x8729690f,0x872abb22,0x872b2397,0x872c0528,
  0x872d2c16,0x872e5948,0x873039fa,0x8733d266,0x8736842b,0x873938c1,0x873ac34e,0x873cc975,0x873da8e0,0x873ff7ab,0x8743bd54,0x8743d76c,
  0x87465e97,0x8746a145,0x8746a456,0x874997f5,0x874b41bf,0x874c5c22,0x874de03e,0x874e25dc,0x8750f9ab,0x8752ef4a,0x8753ad43,0x8753fe8d,
  0x875b3501,0x875c3d2f,0x875cc4c3,0x876191df,0x87627320,0x87646ae3,0x876572bd,0x8767873b,0x87686a74,0x876aa31b,0x876cfac0,0x876d0e77,
  0x876da5a3,0x876e05d5,0x876f09ae,0x8773f11f,0x87745314,0x8776f392,0x877cdbb5,0x877d88ea,0x877e636e,0x87814288,0x8782611e,0x87878aac,
  0x878aa98c,0x878b7fe9,0x878e1794,0x878e214b,0x878f10ae,0x8792e0c0,0x8794570d,0x87988ab9,0x8798af98,0x87998d4f,0x879d09eb,0x879d147f,
  0x879eb5eb,0x87a05ab3,0x87a0d0c1,0x87a1f60d,0x87a21e46,0x87a2c29c,0x87a3de2d,0x87a4767d,0x87a7bd7a,0x87a92e48,0x87aa1048,0x87aadf47,
  0x87ab042b,0x87abaa8e,0x87ac5f4d,0x87ad45a9,0x87adc84f,0x87af51cf,0x87b159cb,0x87b31469,0x87b3f3c3,0x87b469d6,0x87b9c0d7,0x87bb595b,
  0x87bf4054,0x87bf4afd,0x87bf8bba,0x87c2bc4e,0x87c2e42f,0x87c2f3e4,0x87c35106,0x87c35c82,0x87c47039,0x87c496a5,0x87c87dd5,0x87c93c40,
  0x87cb19a3,0x87cb6dc4,0x87cddab2,0x87cf6b4a,0x87d15084,0x87d54e6e,0x87da2e83,0x87dbff54,0x87dda4d4,0x87de093d,0x87dede41,0x87df6078,
  0x87e0c2fe,0x87e10fdc,0x87e5a298,0x87e5f850,0x87e7f087,0x87e96dd1,0x87ea02b2,0x87eac36f,0x87eb1330,0x87ebe365,0x87ed8d17,0x87eda1fe,
  0x87ee35e7,0x87f291f6,0x87f42508,0x87f5e781,0x87f63b7a,0x87f68918,0x87f86c4a,0x87fa249f,0x87faceb7,0x87fbd01e,0x88003438,0x880083b6,
  0x8800f6f1,0x880a3821,0x880a4873,0x880a8523,0x880bc583,0x880e7385,0x880e8e61,0x880ee7be,0x8811eeb3,0x8813ea3f,0x88159a1a,0x88167b79,
  0x881681f4,0x881745f6,0x8818b846,0x88198d30,0x881afae1,0x881c7a31,0x881d5ffc,0x881e65d4,0x8824372c,0x8825f76c,0x8829d1d9,0x882a2df3,
  0x882d9298,0x882ddfc0,0x8832bc12,0x8832cd1c,0x883362f2,0x8833c385,0x8837704a,0x8839086a,0x883a490b,0x883b2fd0,0x883b7295,0x883d4074,
  0x883dd9a2,0x883e553b,0x883fe56c,0x8843293a,0x88433c29,0x8845be6c,0x88462492,0x8846cc33,0x8849177e,0x884c0470,0x884cfa7a,0x884f06ac,
  0x884f5bff,0x8850b4c3,0x88513162,0x88524abf,0x88539102,0x8853b5cf,0x88544a09,0x8855cd9b,0x885843a6,0x885d6c93,0x885d7a8c,0x885f27c5,
  0x8861ed05,0x88642a51,0x8866449c,0x886686de,0x886892ba,0x886b8171,0x886cf7d9,0x886e0016,0x886e4da1,0x886ea075,0x8870e956,0x8871c5c9,
  0x8871e023,0x88729583,0x8874a44f,0x8874a9e0,0x88756628,0x8878aa72,0x887ae340,0x887be71f,0x887c688e,0x887cb705,0x887d255b,0x887d3eb0,
  0x887d4750,0x887ebf64,0x887f6212,0x888304b7,0x88833398,0x88847c9b,0x8884b8b4,0x8887391c,0x88873e18,0x8887b892,0x8887ce73,0x8889d3fb,
  0x8889f3d1,0x888d6b7c,0x888d948a,0x888ddab7,0x888f9473,0x88902dea,0x88922a0b,0x88931971,0x88944d52,0x8896710f,0x8896732c,0x8897ffbc,
  0x88985c20,0x889d522b,0x889e48d2,0x889feca7,0x88a17dab,0x88a5acf9,0x88a7d5aa,0x88a87eef,0x88ae89a6,0x88aecb6e,0x88af5bb6,0x88b380a0,
  0x88b44c8c,0x88bc4bde,0x88bd4440,0x88bd87b8,0x88be0a5a,0x88beb09a,0x88c0e1af,0x88c13147,0x88c23744,0x88c4fcfb,0x88c7ad5b,0x88ca0c7d,
  0x88cb651e,0x88cc5014,0x88cc59b2,0x88cca59a,0x88ce7e22,0x88cf02c2,0x88d22a8d,0x88d3949a,0x88d3df67,0x88d42e28,0x88d76863,0x88d889d2,
  0x88dc8673,0x88debfe0,0x88e243ce,0x88e3c268,0x88e46fbe,0x88e6a7ac,0x88e8765f,0x88e8f09a,0x88ea827b,0x88ead2d6,0x88eb7403,0x88ebe76f,
  0x88ec1ded,0x88f0fe1e,0x88f1e1a7,0x88f2b7ab,0x88f3afc5,0x88f8284f,0x88f8bafe,0x88f8e7b6,0x88f90279,0x88fb6392,0x88fd52d8,0x89013c92,
  0x89067e2f,0x890a9529,0x890aeee4,0x890c6aea,0x891013cf,0x89101a42,0x89104cf5,0x89126869,0x891374b0,0x891455b1,0x89152cf1,0x89159bda,
  0x891784b3,0x8919c996,0x891ab2b9,0x891b2d51,0x891c4fc1,0x891e5739,0x891ec281,0x89226395,0x89227498,0x8923b3ef,0x892408dc,0x89241a13,
  0x8926acba,0x89285a58,0x8928df90,0x8929ee25,0x892b7c5e,0x892fea9f,0x893006f5,0x8933c40c,0x89355c5f,0x8936dbb9,0x893b1561,0x893c0578,
  0x893c5f7f,0x893c7759,0x893c7791,0x893c9199,0x893ef3fb,0x893fb60a,0x89402927,0x89451d0e,0x89454b72,0x89459bae,0x8945c865,0x89478357,
  0x8949a817,0x894f860f,0x89524f21,0x8953a5c6,0x8953d157,0x89589c34,0x895a4b52,0x895ad95f,0x895c2f23,0x895d9f9f,0x8960135e,0x8961775c,
  0x89634b70,0x8965f477,0x8966ef88,0x89672b10,0x8969edd3,0x896b737a,0x896b98f7,0x896c657b,0x896d0b09,0x896d8dad,0x896e77c2,0x896e9d56,
  0x89700e73,0x89710eef,0x89717403,0x89733e18,0x89789a58,0x8978fb9f,0x897a4382,0x8980d27c,0x89814fb3,0x898213ea,0x8984c6c2,0x8985513b,
  0x89855e40,0x898618fa,0x8986ff58,0x8988571e,0x89897753,0x89899279,0x898c6f35,0x898d6ef9,0x898e0467,0x898e5c7f,0x898f2e9c,0x89908fe3,
  0x899445c0,0x8997d41d,0x89996485,0x8999a307,0x899a60b8,0x899a815e,0x899ab9a4,0x899f3aa7,0x899f4f8a,0x89a00aca,0x89a14f57,0x89a22d7f,
  0x89a2d98e,0x89a6c5fe,0x89a89e17,0x89a9f9a5,0x89ab6b2a,0x89ac1297,0x89ac8448,0x89add88f,0x89ae6726,0x89b0361b,0x89b18aee,0x89b31e3c,
  0x89b413c6,0x89b4e61b,0x89b9b746,0x89c0508d,0x89c1bce1,0x89c3aeb6,0x89c5a331,0x89c6a57d,0x89c9bf1b,0x89cc1bdb,0x89cd6ee7,0x89d47c0f,
  0x89d6d86b,0x89d763ee,0x89d76fdd,0x89d8e4cb,0x89d8e7dc,0x89da36d2,0x89ddc34e,0x89de1417,0x89de62f9,0x89df05e5,0x89dff389,0x89e0568c,
  0x89e2e108,0x89e404fa,0x89e49c44,0x89e4dfd2,0x89e5c6ab,0x89e6f5d7,0x89e7414a,0x89ec7c92,0x89ed744f,0x89f184c0,0x89f19b97,0x89f1b384,
  0x89f7b882,0x89f8bbe1,0x89facf4e,0x89fda5a3,0x89fdf302,0x89fdfed3,0x89fe525b,0x89fe8885,0x89fefd54,0x89ff847b,0x8a00763e,0x8a00db1a,
  0x8a0449ed,0x8a096f53,0x8a0a9955,0x8a0af4e4,0x8a0bcbb7,0x8a0ca25e,0x8a0cac3a,0x8a0f542d,0x8a0fe801,0x8a1080d5,0x8a12cd11,0x8a131c55,
  0x8a13f00e,0x8a153f6d,0x8a1643e4,0x8a181886,0x8a1b5cba,0x8a1c3e7a,0x8a21cfa1,0x8a241f0c,0x8a248448,0x8a254096,0x8a256ba2,0x8a262a31,
  0x8a26d1e0,0x8a26de3b,0x8a2d81e7,0x8a2f4470,0x8a300825,0x8a30166f,0x8a30ac4f,0x8a30c276,0x8a30fd02,0x8a32d615,0x8a334165,0x8a363ddf,
  0x8a3ab15a,0x8a3bebb1,0x8a3dead5,0x8a4025f4,0x8a409e2c,0x8a416335,0x8a416fd7,0x8a44d2f7,0x8a463d83,0x8a474e3f,0x8a4834f6,0x8a48862f,
  0x8a48cd68,0x8a4b8759,0x8a4d8f1f,0x8a4ecf3e,0x8a4ef5de,0x8a4f7857,0x8a514aaa,0x8a521614,0x8a547a8d,0x8a569ee2,0x8a56ce6f,0x8a57c3d6,
  0x8a5c3fd3,0x8a5c6a35,0x8a5f5f3d,0x8a5f69bb,0x8a6050c4,0x8a608b6d,0x8a619389,0x8a643e9d,0x8a670fe9,0x8a67e3d2,0x8a6811fe,0x8a68e627,
  0x8a68f8de,0x8a69828b,0x8a6b974f,0x8a6f99f4,0x8a71a355,0x8a761b1b,0x8a771dc0,0x8a784206,0x8a784e68,0x8a7c0bb3,0x8a7ca1c8,0x8a7e256c,
  0x8a7eb8f8,0x8a816774,0x8a83a7d6,0x8a8479c1,0x8a86103e,0x8a86eb52,0x8a897b22,0x8a8a8c78,0x8a8b4034,0x8a8ee3db,0x8a8f0422,0x8a91e817,
  0x8a957416,0x8a96641d,0x8a979f12,0x8a9a628f,0x8a9b3207,0x8a9b435e,0x8a9c1437,0x8a9da6e3,0x8a9fd1ad,0x8aa25b26,0x8aa47f07,0x8aa4a476,
  0x8aa5160b,0x8aa80ef9,0x8aa9206e,0x8aa9e40e,0x8aaaa3f5,0x8aabfa4a,0x8ab0f0e6,0x8ab107ab,0x8ab15565,0x8ab2a13c,0x8ab3481c,0x8ab39b38,
  0x8ab40369,0x8ab8476a,0x8abaa223,0x8abc785a,0x8abddc90,0x8ac05308,0x8ac0b0f4,0x8ac12d70,0x8ac1b7a8,0x8ac1d6cd,0x8ac33f2d,0x8ac52c60,
  0x8ac5608b,0x8ac73a47,0x8ac7f8fc,0x8ac84146,0x8ac88a1e,0x8ac905fc,0x8acaac02,0x8acd6a64,0x8aceecdc,0x8acfb2be,0x8acfdcea,0x8ad2329e,
  0x8ad41265,0x8ad611c3,0x8ad715aa,0x8ad90d95,0x8adaeb68,0x8adb7b46,0x8ae15846,0x8ae20782,0x8ae2bda4,0x8ae342fa,0x8ae39cc1,0x8ae639fa,
  0x8ae73b63,0x8aea60fd,0x8aec1c62,0x8aec1ee6,0x8aec8576,0x8aecff65,0x8af14db0,0x8af1d046,0x8af51cea,0x8af99ed1,0x8afccd1c,0x8afcd4ae,
  0x8afd7acc,0x8b027586,0x8b034e0a,0x8b04a43c,0x8b089018,0x8b09bb2f,0x8b0a5f42,0x8b0ccc3e,0x8b1050f2,0x8b10eccc,0x8b139fc9,0x8b14248f,
  0x8b181785,0x8b1aa962,0x8b1b3b3e,0x8b1d7215,0x8b1de8a1,0x8b1e9d0e,0x8b21d99d,0x8b22d3af,0x8b230f72,0x8b2556e6,0x8b263571,0x8b274e1c,
  0x8b291b11,0x8b2b49a9,0x8b2d7a01,0x8b2e1a9f,0x8b2e7b1d,0x8b2ec36f,0x8b2ece54,0x8b2fac55,0x8b3108f5,0x8b3284b1,0x8b3410a6,0x8b3444cc,
  0x8b35601c,0x8b35dfe0,0x8b3973bd,0x8b3cbbd9,0x8b3d1c2d,0x8b3de3d9,0x8b3ef17a,0x8b404392,0x8b40c958,0x8b4182fa,0x8b4213f1,0x8b42808e,
  0x8b42f4bc,0x8b453c66,0x8b45c6df,0x8b48b1e0,0x8b4b31a9,0x8b4c6d05,0x8b51cc27,0x8b552610,0x8b5a7484,0x8b5a9d96,0x8b5b1466,0x8b5b27e0,
  0x8b5d0b35,0x8b67d10a,0x8b68d00e,0x8b6a63c5,0x8b6ad834,0x8b6fc0a4,0x8b71325e,0x8b73a4eb,0x8b75438d,0x8b76f942,0x8b77e765,0x8b79621f,
  0x8b7a5941,0x8b7b5ed6,0x8b7e8969,0x8b7ecd63,0x8b7f95b9,0x8b800069,0x8b817696,0x8b81811d,0x8b82cf9b,0x8b82f909,0x8b86763f,0x8b869d84,
  0x8b86c90b,0x8b88a9d9,0x8b89155a,0x8b89e945,0x8b8bf1d8,0x8b8c528e,0x8b8d92d6,0x8b8f4988,0x8b9154cd,0x8b91c78c,0x8b94776b,0x8b9568d7,
  0x8b961ad6,0x8b9937fa,0x8b9a48a4,0x8b9abcb7,0x8b9c06d6,0x8b9f2b49,0x8ba11fe1,0x8ba192bc,0x8ba35107,0x8ba4fccf,0x8ba5d4fe,0x8bac77a7,
  0x8bafe59c,0x8bb00b5d,0x8bb0dcd1,0x8bb36978,0x8bb3783a,0x8bb4e4be,0x8bb67e34,0x8bb7fcb4,0x8bbb779d,0x8bbb82e3,0x8bbfb375,0x8bc14ad2,
  0x8bc1a7b5,0x8bc456ff,0x8bc4c39d,0x8bc695af,0x8bc7b7a2,0x8bc85f55,0x8bc8b8c7,0x8bca4202,0x8bcccfca,0x8bd09390,0x8bd16ded,0x8bd18d85,
  0x8bd1b3ea,0x8bd1c6e1,0x8bd25fc7,0x8bd26096,0x8bd327f3,0x8bd526a9,0x8bd526c6,0x8bd76075,0x8bd84c49,0x8bd8919d,0x8bdc47ab,0x8bddede0,
  0x8be23dc0,0x8be31acc,0x8be47291,0x8be5a788,0x8be6fca8,0x8be876bd,0x8be8b5d3,0x8bec476c,0x8bee373d,0x8bee9328,0x8beeed42,0x8bf05a0c,
  0x8bf0b4f6,0x8bf155d2,0x8bf18572,0x8bf41e62,0x8bf5a636,0x8bf64cc1,0x8bf76bbc,0x8bf89749,0x8bf9c3ad,0x8bf9d27c,0x8c00425e,0x8c00cd89,
  0x8c01178b,0x8c0119ce,0x8c0543a0,0x8c05b2ad,0x8c094616,0x8c09f1df,0x8c0bde98,0x8c1015fa,0x8c11a38b,0x8c1424d6,0x8c14c31c,0x8c1588f6,
  0x8c15ff08,0x8c162ea3,0x8c18326a,0x8c19988a,0x8c1a5c11,0x8c1b61a6,0x8c1c15e6,0x8c1f355f,0x8c2036d1,0x8c203aac,0x8c21c101,0x8c24427f,
  0x8c2536c5,0x8c287fd5,0x8c29b54f,0x8c2a99fe,0x8c2af362,0x8c2ef92e,0x8c2ffa51,0x8c30d3a3,0x8c314495,0x8c342ff7,0x8c3489af,0x8c34ceab,
  0x8c3732bf,0x8c38c8d6,0x8c39fe1b,0x8c3bc140,0x8c3c4a28,0x8c3ebd13,0x8c3f8947,0x8c3fa3a3,0x8c426af9,0x8c44045e,0x8c44b3ff,0x8c49c21f,
  0x8c49f731,0x8c4a9bda,0x8c4afb1b,0x8c53065d,0x8c533742,0x8c542850,0x8c5507ac,0x8c55bf92,0x8c57d2ce,0x8c5abde1,0x8c5f1323,0x8c615b32,
  0x8c6309f5,0x8c63edf7,0x8c66a84c,0x8c6784a5,0x8c67b379,0x8c698397,0x8c6d7bd5,0x8c6d7dc8,0x8c6f9fea,0x8c6fb19d,0x8c716691,0x8c73c98f,
  0x8c755a90,0x8c75d5cb,0x8c76314e,0x8c773d00,0x8c789317,0x8c7a4954,0x8c8052bd,0x8c80fc3d,0x8c83c994,0x8c84dbda,0x8c8849f8,0x8c8a5d50,
  0x8c8dd1b4,0x8c901cae,0x8c968177,0x8c973bae,0x8c9840f2,0x8c99f1ca,0x8c9ad224,0x8c9d5a3b,0x8c9d62eb,0x8c9efa86,0x8ca2e2da,0x8ca37799,
  0x8ca38c60,0x8ca754e3,0x8ca796c0,0x8ca79882,0x8ca809eb,0x8caa7821,0x8cae0e0f,0x8caed176,0x8caed7ef,0x8cb0e0ca,0x8cb15e4d,0x8cb30872,
  0x8cb438b3,0x8cb64401,0x8cb80e8a,0x8cb9283b,0x8cba3745,0x8cbd6d74,0x8cbe75c0,0x8cbeea5c,0x8cc38b8b,0x8cc6246c,0x8cca1062,0x8cca447e,
  0x8ccd4a70,0x8ccf26ea,0x8cd39695,0x8cd7952c,0x8cd92fac,0x8cd9707e,0x8cdc3fa8,0x8cdcd36f,0x8cdce833,0x8cdd1854,0x8ce030e4,0x8ce07334,
  0x8ce07e8a,0x8ce2a694,0x8ce40796,0x8ce41fa6,0x8ce4fe67,0x8ce64310,0x8ce68b0b,0x8ce990ef,0x8ce9b1e7,0x8ceb2eee,0x8ceba913,0x8cef70c2,
  0x8cefa1bd,0x8cf0cccf,0x8cf14010,0x8cf16b30,0x8cf1a35b,0x8cf646ef,0x8cf6b1f0,0x8cf77d3d,0x8cfa5a73,0x8cfe955b,0x8d003e94,0x8d0134aa,
  0x8d021160,0x8d022de9,0x8d0250a7,0x8d02c15f,0x8d030ef4,0x8d033ad9,0x8d055453,0x8d08c2aa,0x8d08cfa9,0x8d093b1c,0x8d0b098b,0x8d0c419b,
  0x8d0d412b,0x8d0e54f5,0x8d0e88b4,0x8d0f4251,0x8d0fc754,0x8d1193ef,0x8d11aca0,0x8d17128f,0x8d17f531,0x8d1a0923,0x8d1bebee,0x8d1c7ba3,
  0x8d2286ce,0x8d22e274,0x8d23c2cc,0x8d23f88c,0x8d24b1ba,0x8d24e3fc,0x8d289a93,0x8d28f202,0x8d291352,0x8d2a0f32,0x8d2a2909,0x8d2ab51b,
  0x8d2c49d1,0x8d2e2a37,0x8d301f38,0x8d325eda,0x8d32f1ce,0x8d3be24a,0x8d3cb14c,0x8d3f1645,0x8d3fe450,0x8d40afb9,0x8d454b75,0x8d475902,
  0x8d4ae73c,0x8d4d17a7,0x8d4e3a8d,0x8d543963,0x8d54ef0e,0x8d568168,0x8d57a353,0x8d59411f,0x8d5ab095,0x8d5b7dd0,0x8d5c26ea,0x8d5d0d90,
  0x8d5dbdec,0x8d5f44ff,0x8d5f73c9,0x8d606aa8,0x8d60944e,0x8d618c6b,0x8d64a387,0x8d68a660,0x8d6abb9f,0x8d6c8a5a,0x8d6ee274,0x8d72b702,
  0x8d73dd0a,0x8d746305,0x8d774a5a,0x8d77512b,0x8d7a2d9d,0x8d7bb171,0x8d7c16b9,0x8d7da579,0x8d7e1610,0x8d80e767,0x8d8174eb,0x8d81b2cc,
  0x8d878ec3,0x8d882738,0x8d88fd21,0x8d89e84e,0x8d89f66c,0x8d8b2292,0x8d92f499,0x8d98fff7,0x8d9b6bc9,0x8d9b6c55,0x8d9daeea,0x8da00f8f,
  0x8da53663,0x8da54a62,0x8da682fe,0x8da88b72,0x8da8efbb,0x8daba6a6,0x8dabd49f,0x8daf17cb,0x8db14b34,0x8db1984b,0x8db22387,0x8db23802,
  0x8db3b8af,0x8db6e009,0x8db6f0bc,0x8db8f3bc,0x8db96fa7,0x8dbebd3c,0x8dc29b99,0x8dc35990,0x8dc41216,0x8dc5c3df,0x8dc8b091,0x8dc907e6,
  0x8dc936e3,0x8dca85e2,0x8dcbb28c,0x8dcddb6a,0x8dd021c6,0x8dd034b4,0x8dd46b48,0x8dd8ee31,0x8ddab05a,0x8de06a74,0x8de10b0f,0x8de48570,
  0x8de4d495,0x8de80c4b,0x8debe034,0x8deca3e2,0x8dedb49f,0x8dee9063,0x8df1479d,0x8df1dc8e,0x8df22941,0x8df37218,0x8df566e4,0x8df639c0,
  0x8df91346,0x8dfa41ae,0x8dfb21d2,0x8dfcc4fb,0x8e0032a3,0x8e005b71,0x8e008fa0,0x8e01cc46,0x8e0470b4,0x8e0861f8,0x8e09295a,0x8e0c173d,
  0x8e0c1ce5,0x8e0e2c44,0x8e0fd6a9,0x8e11626a,0x8e12af2c,0x8e12b6da,0x8e131a2b,0x8e142071,0x8e1447d9,0x8e14f148,0x8e163b3a,0x8e18e317,
  0x8e1bcaf6,0x8e1e16ae,0x8e1f0eea,0x8e2048e7,0x8e21205f,0x8e21c869,0x8e21f9fd,0x8e23549b,0x8e240d53,0x8e26ed51,0x8e2a98a6,0x8e2d791a,
  0x8e2e4672,0x8e2e5eee,0x8e2eb67c,0x8e31779d,0x8e31ccfc,0x8e33b9d0,0x8e3478c6,0x8e356756,0x8e373a2a,0x8e375a9b,0x8e378d65,0x8e39dd91,
  0x8e3cfd87,0x8e3d2174,0x8e3d6e4d,0x8e3e4614,0x8e419028,0x8e4231f3,0x8e465298,0x8e4b1ab4,0x8e4bf545,0x8e53e5b5,0x8e53fe05,0x8e55d1b8,
  0x8e5b0b5d,0x8e5c559c,0x8e5ce713,0x8e6062de,0x8e623ffb,0x8e63ae49,0x8e63bbe5,0x8e6517af,0x8e65b431,0x8e6ced43,0x8e6eecbc,0x8e750736,
  0x8e786c99,0x8e78f0b0,0x8e7b031a,0x8e8017c7,0x8e87e67c,0x8e88d4c0,0x8e8c7295,0x8e8caf89,0x8e8cd54b,0x8e8d33e6,0x8e8f49b2,0x8e8f59ad,
  0x8e90f3a3,0x8e918bba,0x8e91dbb7,0x8e92e5c7,0x8e948dd5,0x8e9616e6,0x8e971834,0x8e9807aa,0x8e9a2d34,0x8e9b8c1b,0x8e9b975b,0x8e9ce8f3,
  0x8e9feb27,0x8ea28821,0x8ea4f7a4,0x8ea511e1,0x8ea643fe,0x8ea87d03,0x8eaae66a,0x8eab96bb,0x8eac9c37,0x8eb0253d,0x8eb146fe,0x8eb21322,
  0x8eb4809e,0x8eb49dd4,0x8eb6da80,0x8eb8be99,0x8eba5110,0x8eba8dd8,0x8ebb59d9,0x8ebc0ce2,0x8ebd387d,0x8ebe5a37,0x8ebe8e35,0x8ec3e052,
  0x8ec5b8a3,0x8ec8fcc6,0x8eca68b5,0x8ecaffcf,0x8ecbc959,0x8ed0413c,0x8ed22242,0x8ed2c4e6,0x8ed45545,0x8ed7657e,0x8ed7d51e,0x8ed951b3,
  0x8ed989f5,0x8eda7138,0x8edb333a,0x8edf92a2,0x8edfeb42,0x8ee000f5,0x8ee08840,0x8ee0da04,0x8ee2e8c5,0x8ee75459,0x8eeb01cc,0x8eee5662,
  0x8eee74a2,0x8eee944a,0x8eef07b1,0x8eef51a2,0x8eefec29,0x8ef0497a,0x8ef0ecb5,0x8ef390af,0x8ef515e0,0x8ef77f41,0x8ef7aca5,0x8ef7bf41,
  0x8ef82475,0x8ef85ef6,0x8efd4a22,0x8efdf6cf,0x8efef424,0x8f01438d,0x8f06655e,0x8f08d52d,0x8f0aefd1,0x8f0c8aae,0x8f0d14fe,0x8f0d7513,
  0x8f0fcff1,0x8f127971,0x8f18b4fa,0x8f1905c0,0x8f1971b3,0x8f1ad6e8,0x8f1ffef0,0x8f22b530,0x8f2366ad,0x8f23d434,0x8f26ddb7,0x8f28138b,
  0x8f285d03,0x8f2b1180,0x8f2b30d9,0x8f2b39ed,0x8f2c4f41,0x8f2c5fee,0x8f327fc4,0x8f34f56d,0x8f38b181,0x8f3b2f8b,0x8f3be4e8,0x8f3caa1f,
  0x8f3ccd1f,0x8f41c69d,0x8f42c0a6,0x8f44d391,0x8f45b561,0x8f467e08,0x8f4a3d2c,0x8f4ab301,0x8f4ab350,0x8f4bd01c,0x8f4c4105,0x8f4cd251,
  0x8f4d7173,0x8f4e9da5,0x8f4eb7a4,0x8f569d49,0x8f5739e1,0x8f575e3c,0x8f593ae3,0x8f594b47,0x8f5a90cc,0x8f5be614,0x8f5c3732,0x8f5e2a19,
  0x8f5fdd77,0x8f615b2e,0x8f626c41,0x8f626d6e,0x8f637a3f,0x8f63bcf5,0x8f63e260,0x8f683f6d,0x8f6b2df1,0x8f6bbadf,0x8f6da790,0x8f71159b,
  0x8f715d0e,0x8f71ad42,0x8f726737,0x8f75d041,0x8f78f60b,0x8f7986a3,0x8f7bdc79,0x8f7ca54f,0x8f7d3874,0x8f7d5a85,0x8f800005,0x8f82c0eb,
  0x8f836792,0x8f863066,0x8f878f6d,0x8f89fa88,0x8f8acb26,0x8f8ad788,0x8f8b2fa8,0x8f8bfeaa,0x8f90c473,0x8f9282db,0x8f9550d8,0x8f95b1bf,
  0x8f977bce,0x8f9a3f5b,0x8f9ab41b,0x8f9c28c0,0x8f9ca0cf,0x8f9e9f67,0x8f9ed625,0x8f9f3330,0x8fa3409b,0x8fa52ce6,0x8fa67e31,0x8fa951f6,
  0x8fab2b48,0x8fabc8fa,0x8fad9f10,0x8faee1b2,0x8fb0baed,0x8fb1f2de,0x8fb2464a,0x8fb35757,0x8fb3e2c1,0x8fb56489,0x8fbad1c7,0x8fbb262a,
  0x8fbc718a,0x8fbe4654,0x8fbe5997,0x8fbe6946,0x8fc38597,0x8fc47b50,0x8fc5d229,0x8fc713d6,0x8fc91480,0x8fc91e9f,0x8fcd150c,0x8fcd5fd1,
  0x8fcda5d2,0x8fceb36b,0x8fcfd455,0x8fcffbfd,0x8fd0a4bc,0x8fd326ba,0x8fd4181a,0x8fd4d804,0x8fd7e6d3,0x8fd9a634,0x8fd9e415,0x8fdc5beb,
  0x8fdda82e,0x8fdf7c9f,0x8fe08f71,0x8fe12c22,0x8fe19d6b,0x8fe69db8,0x8fe81bd1,0x8fe879fe,0x8fede1a5,0x8ff30f0d,0x8ff54b87,0x8ff5ea72,
  0x8ffb0736,0x8ffb22e1,0x8ffb969e,0x8ffcf3fc,0x8ffe14cc,0x8ffe7c78,0x9001214d,0x900223a9,0x90041516,0x90047a68,0x90073981,0x9008e69a,
  0x900acba3,0x900e4626,0x9010b287,0x9010d104,0x9010d932,0x901124d2,0x90125f5e,0x9019bd70,0x9023df03,0x90292dc5,0x902a6137,0x902b7123,
  0x902e7431,0x9033f22e,0x9035208f,0x90376a02,0x9038ae2e,0x9039bf7a,0x903a7a58,0x903dafe6,0x903e1ba4,0x904072ad,0x90409eb3,0x9043b8e6,
  0x9046f118,0x9047a6ea,0x904eeecb,0x904f00a6,0x904fd081,0x90513ede,0x905532ab,0x90573bb9,0x90574a46,0x905caba4,0x905cdee6,0x9060e483,
  0x90611094,0x9063aef4,0x9063bfec,0x90661abe,0x90676b19,0x9068427c,0x9069716a,0x906afc6d,0x906dca30,0x906f7fde,0x906fb0a7,0x90719822,
  0x9071f6b1,0x9077f2c7,0x907ac2e9,0x90854d43,0x90865ed4,0x90893ba2,0x9089b923,0x9089d756,0x908a3299,0x908ae38e,0x908b9a09,0x908c49f1,
  0x908d296c,0x908dbc1e,0x908e61e7,0x908f8199,0x908fc2e2,0x90908492,0x9091df52,0x909234bd,0x9094bbec,0x9098b577,0x909923e9,0x90995d0e,
  0x90996323,0x909d1016,0x909e8198,0x90a2ead0,0x90a6e23b,0x90a71476,0x90aa343d,0x90abdffb,0x90ac9582,0x90ae84fa,0x90b5a690,0x90b6b5b1,
  0x90b79dcb,0x90b8c5d4,0x90b9311d,0x90b9a88a,0x90bf3769,0x90c85280,0x90c8bdfb,0x90c8f840,0x90c94029,0x90ca5b72,0x90ca5f49,0x90caac87,
  0x90cd31b4,0x90cef331,0x90cfc9ea,0x90d0104b,0x90d0479b,0x90d0958b,0x90d17975,0x90d3677b,0x90d41ee9,0x90d4b784,0x90d58777,0x90d63b82,
  0x90d7b208,0x90da46b2,0x90dd8a1a,0x90de2cab,0x90dfbed3,0x90e286ac,0x90e46db3,0x90e6a48d,0x90e7c037,0x90e8442e,0x90e88a92,0x90ec6238,
  0x90ee43fe,0x90eeba9c,0x90eefc7f,0x90f10528,0x90f22301,0x90f6310b,0x90f6e6dc,0x90f82b7b,0x90fb6f65,0x90fbe6bb,0x9106aaa4,0x9108a345,
  0x9109a5fa,0x9109d4f9,0x910c8609,0x910d6734,0x910fc17f,0x91114a5b,0x91121419,0x9114ffdc,0x911565c8,0x911a4321,0x911f76c6,0x911f8c5c,
  0x9120f57e,0x91220a68,0x91274e24,0x9127d989,0x9128c0f7,0x912ade54,0x912ca549,0x912cd67b,0x912d0f4a,0x912d958b,0x912dcf7b,0x912f620e,
  0x9130bafe,0x913181d3,0x91318336,0x91325873,0x91336497,0x9133d44b,0x9136dddb,0x9136fd0c,0x913a9aad,0x913ce386,0x913d75d9,0x913decc5,
  0x913e9117,0x91408b4b,0x9141b686,0x9141db95,0x9142e717,0x9143f142,0x914447c6,0x91451ca1,0x91452570,0x9147566c,0x914758ad,0x9148aba3,
  0x9148d91c,0x914972cb,0x914bd751,0x914c2357,0x91587412,0x91595479,0x915b763f,0x915f0f8e,0x916387d6,0x9164a6c9,0x9165721c,0x9166151e,
  0x916745d6,0x9168cc5c,0x9169829f,0x9169a640,0x916c486d,0x916e6922,0x91726211,0x91752d2f,0x91765b9c,0x91767ee0,0x917816dd,0x91783c8e,
  0x917845e9,0x9179b24b,0x917a68e2,0x917d8ddd,0x917e2c7f,0x918109e6,0x918131ce,0x91822e10,0x91828b77,0x91884516,0x9188b095,0x9188bf12,
  0x91891bfb,0x918941bb,0x9189ca93,0x918bcab4,0x918d4902,0x918e4c46,0x918f047f,0x91918b36,0x9192dfea,0x91957536,0x9196af1f,0x919b82fe,
  0x91a09d69,0x91a125af,0x91a22d44,0x91a3b08b,0x91a5b16f,0x91ab16b4,0x91ac04ce,0x91aefa82,0x91af42cd,0x91af7f1d,0x91b2b323,0x91b3dd8e,
  0x91b53b81,0x91b5f509,0x91b60e20,0x91c00ae3,0x91c198e1,0x91c1ecd4,0x91c3b5ed,0x91c5aee2,0x91c5b561,0x91cb9cb3,0x91ccb906,0x91ccd90a,
  0x91cd2ad3,0x91d107ed,0x91d157f1,0x91d2793b,0x91d45e82,0x91d4f3cc,0x91d53ef9,0x91d5a88f,0x91d81d1d,0x91d86e1f,0x91da4f1b,0x91e06953,
  0x91e42acb,0x91e45af4,0x91e4a07f,0x91e68d37,0x91e8fde5,0x91e9d3b6,0x91ebd8b3,0x91ed9b49,0x91eda924,0x91ef5be6,0x91f0eb51,0x91f36a4d,
  0x91f4a174,0x91f4e118,0x91f68eae,0x91f7261d,0x91f74ced,0x91f7ba1b,0x91f82433,0x91f86357,0x91f9c1a7,0x91fa3ad2,0x91fb2597,0x91fc5331,
  0x91fc5e23,0x91ff15a4,0x92018133,0x9202531f,0x92033686,0x92056ff8,0x9207a032,0x920beeef,0x920d709a,0x920dde9b,0x920e91ae,0x9216e987,
  0x9217e960,0x921a6ea6,0x921aa0d7,0x921b1086,0x921b57a9,0x921d3fec,0x921e270e,0x921f0ed9,0x921ff894,0x9220140b,0x9222e62e,0x9227369d,
  0x92279659,0x9228cd49,0x922a7310,0x922b2585,0x922b87db,0x922bbc42,0x922ddc3a,0x922e7d77,0x92301a3d,0x92317afd,0x923191e7,0x92324a88,
  0x9233ef94,0x9234aba8,0x92350c11,0x9235e2e6,0x92379b80,0x9239d4c9,0x9239ef89,0x923c0169,0x923cd1f9,0x924142b0,0x92420793,0x924916a8,
  0x924d4204,0x925185a1,0x92537ef0,0x9256e08a,0x9257268a,0x9257ac80,0x925811f2,0x9259a554,0x925bad47,0x925d4eb1,0x925fa616,0x9262240c,
  0x926585d7,0x9265c927,0x926708d6,0x926accff,0x926aed69,0x926d295e,0x926ef88e,0x927114bd,0x927144b4,0x92715d6c,0x92727c82,0x927293e9,
  0x9272b625,0x92765266,0x92767eb1,0x92777ee8,0x9277bc86,0x92792d10,0x927c69ce,0x92804844,0x9283413c,0x9283822f,0x928754bb,0x9288a444,
  0x9288d8b7,0x928b762d,0x928e7ed7,0x928eb626,0x92909003,0x929550ac,0x92958485,0x9298bcef,0x929c9af6,0x929db0ae,0x929e573d,0x929e94e7,
  0x929f9323,0x92a3d8ff,0x92a48ddc,0x92a76ee9,0x92a7756d,0x92aa9c25,0x92aaa7fd,0x92ad28de,0x92afc9d1,0x92b17734,0x92b25816,0x92b31700,
  0x92b58af3,0x92b90781,0x92b957ba,0x92b957e0,0x92b9e76a,0x92ba0382,0x92bae5aa,0x92bc2228,0x92bd6a03,0x92c03b6f,0x92c297f7,0x92c337f6,
  0x92c4dda8,0x92c66e44,0x92cb0fa3,0x92cb71ad,0x92cbcedb,0x92ceec98,0x92cfd4ef,0x92cff4f3,0x92cff587,0x92d21edd,0x92d26286,0x92d2b305,
  0x92d7793c,0x92d90313,0x92db5364,0x92dde3ab,0x92e31a79,0x92e3615d,0x92e3ff03,0x92e4adac,0x92e7fd8f,0x92e873f7,0x92e955db,0x92e9d705,
  0x92ebcb1c,0x92f0930e,0x92f0a487,0x92f12af6,0x92f46b85,0x92f6fb89,0x92f7350d,0x92fda16f,0x9305dc62,0x93069bab,0x93087056,0x930889fc,
  0x93095e6d,0x930a90f2,0x930b500f,0x930c72df,0x930cfb92,0x930d4883,0x930dbfaa,0x930f25a4,0x93114e36,0x931367ff,0x9314477b,0x9315cfff,
  0x93168db7,0x931778d6,0x9318e112,0x93195a40,0x931abd85,0x931ba981,0x931d80a2,0x931de79b,0x931e13a2,0x9324de72,0x9324e2c4,0x932725b5,
  0x932bc7ac,0x932bdf2f,0x932d639d,0x932db0b7,0x932f63e2,0x932fdd87,0x93303c3c,0x933259e0,0x93332a02,0x9333e8c6,0x9334ee17,0x93358e9d,
  0x933775af,0x933cd889,0x933f4653,0x933f9cfc,0x934133a3,0x93423ec4,0x9342835c,0x9342cfff,0x934478c2,0x934527a4,0x9345fcec,0x9347304c,
  0x9349de65,0x934ac060,0x934ff998,0x935055fc,0x9350c8d6,0x93571ae3,0x93572d9a,0x9358b6dc,0x935a8672,0x935bdfed,0x935d3c54,0x935e4fd0,
  0x93602f96,0x93648372,0x9364a3a6,0x93650768,0x9365ced5,0x936811a4,0x9368f97d,0x936a10e0,0x936f5bd2,0x937454d5,0x93753417,0x9375b1e0,
  0x93764472,0x9377bebb,0x9377cd05,0x93792a3a,0x9379f817,0x937abed7,0x937ace21,0x937be73b,0x937d2366,0x937e2a91,0x937e7cc6,0x938115de,
  0x93812eb2,0x93854b71,0x938643e8,0x938659fa,0x93877b12,0x938888e3,0x9388fe0b,0x938d0735,0x938dbe65,0x938e94ac,0x93904099,0x93922478,
  0x9393db06,0x9395ef33,0x939a2d2b,0x939a3fde,0x939ac57e,0x939dfebc,0x939ee15c,0x93a2c278,0x93a33a8a,0x93a5464f,0x93a5d4a2,0x93a77818,
  0x93a9f146,0x93abf8f0,0x93ac1fbc,0x93ad499c,0x93af5877,0x93b0a11b,0x93b27b97,0x93b401eb,0x93b4d12d,0x93b72352,0x93b7445e,0x93b94593,
  0x93ba88f8,0x93bccce0,0x93be0483,0x93be3904,0x93bebfa4,0x93c331b0,0x93c3b3cd,0x93c909cf,0x93cba135,0x93cc1f81,0x93ce8d27,0x93d06f51,
  0x93d1172c,0x93d42943,0x93d48cb8,0x93d69803,0x93d6d5bf,0x93d6ec42,0x93d71ddf,0x93d827e9,0x93d8b7d4,0x93dbae69,0x93dbf411,0x93dc7432,
  0x93dd7059,0x93de6b45,0x93dfb9e9,0x93e03c85,0x93e206b0,0x93e21b62,0x93e3a63e,0x93e43943,0x93e48d90,0x93e59a16,0x93e81969,0x93eb7b75,
  0x93eb8dc6,0x93ee5ea9,0x93f253e4,0x93f3ca25,0x93f45fa9,0x93f48429,0x93f64b8a,0x93f6ece2,0x93f6ef4a,0x93f7db73,0x93fb0456,0x93fc53fe,
  0x93fce7ae,0x93ff3414,0x9408f4ef,0x940cba6c,0x9410ad25,0x94144500,0x9414b957,0x94158b07,0x94188e16,0x9418ea51,0x941a9c85,0x941b8128,
  0x941d5094,0x941d6636,0x941da16c,0x94202959,0x94207b91,0x94210363,0x942216c7,0x94241a04,0x9424a28a,0x942756ac,0x942783ca,0x942b11c5,
  0x942b43e8,0x942bb741,0x942dcb40,0x942dd7e8,0x943049bd,0x9430d2d4,0x94312c36,0x94314d02,0x94320c8b,0x94321278,0x9432aa3a,0x94373d7c,
  0x94380beb,0x94386a34,0x9438d33e,0x94396cd0,0x943a8e21,0x943af461,0x943b9c46,0x943c728d,0x943d0d10,0x943d5e23,0x9440e5b6,0x944166f3,
  0x9443178a,0x94438f79,0x944567d4,0x9446b36d,0x944742e2,0x944a71d9,0x944a7b3d,0x944aca88,0x944c6382,0x944cd2f4,0x9450d396,0x94511337,
  0x94513fa2,0x94535c74,0x945487a2,0x9455889f,0x94560a95,0x94566bf4,0x94579ad0,0x945a3d4a,0x945bda4f,0x945c64c1,0x945cb1f7,0x94608530,
  0x9460deaf,0x94615d45,0x9462002b,0x94662a8f,0x946a664c,0x946eb846,0x94716ecf,0x947173ce,0x9472b798,0x947720ba,0x947744b7,0x947a9732,
  0x947dacc0,0x94802038,0x9480dcdf,0x9480e26d,0x9481509d,0x94855fad,0x94857b1d,0x948628bc,0x94885dc3,0x94896344,0x94904825,0x9490802d,
  0x9491b861,0x9493ab7c,0x9494d8f3,0x94950355,0x9495b63f,0x9498e324,0x949c9691,0x94a0612d,0x94a14e06,0x94a1b83b,0x94a3a972,0x94a74152,
  0x94a77296,0x94aa1e1c,0x94aab6e3,0x94aae19c,0x94accbef,0x94ad3a9d,0x94af76e8,0x94b18a79,0x94b6bd2a,0x94b78434,0x94b79c35,0x94bad9aa,
  0x94bd797c,0x94bd90fc,0x94bda616,0x94c09acd,0x94c09f2e,0x94c28b32,0x94c3f12f,0x94c9f0dc,0x94ca1026,0x94cb543d,0x94cd88fc,0x94cf3f34,
  0x94d15753,0x94d1f5a2,0x94d32c2e,0x94d4ebb0,0x94d68aea,0x94dde07a,0x94e63bb7,0x94e6631a,0x94e678df,0x94e6abd7,0x94e802c1,0x94e98026,
  0x94ee4118,0x94effb8f,0x94f09c43,0x94f134f6,0x94f1678a,0x94f1a46e,0x94f1c479,0x94f3dcb6,0x94f4089a,0x94f41602,0x94f4a6aa,0x94f4cba4,
  0x94f630d3,0x94f7227d,0x94f86723,0x94f8bf87,0x94fe3258,0x94ff104e,0x9500e273,0x95016f6c,0x9503baeb,0x950563ec,0x95072915,0x95092014,
  0x9509b9a3,0x950adfbb,0x950b039e,0x950fa34b,0x951023f6,0x95113dda,0x95115ae1,0x95117c4f,0x9513a83f,0x95145256,0x95147b9f,0x95165fad,
  0x951677ce,0x9516df9e,0x9517acc5,0x9517d05b,0x9517fb26,0x95193807,0x951b6c97,0x951cb405,0x9521bfc0,0x9526d1f3,0x952c8c7f,0x952cffb4,
  0x952d20bf,0x952e11d7,0x952ec0ff,0x953033fa,0x95308603,0x9531314d,0x9537c1ce,0x953d107f,0x953d3beb,0x95420079,0x954423fb,0x95453739,
  0x9546a740,0x9548088b,0x9549176b,0x954baf2c,0x954bb1d7,0x954c3bc0,0x954c83f3,0x954dac0a,0x954fa495,0x95500154,0x9552e899,0x95548b32,
  0x955814e8,0x955f6bc1,0x956265a6,0x9563c2cd,0x9563d342,0x9563ee99,0x95644fc3,0x9564b97f,0x9564f033,0x95690c3b,0x956ac794,0x956d5d4e,
  0x956e7c9a,0x9575780b,0x95759517,0x957a3949,0x957deecf,0x9581fac7,0x95820ad6,0x95831358,0x958794a3,0x95882074,0x958c71ff,0x958f2f96,
  0x95910436,0x9592b94c,0x9593aa5f,0x9593b95d,0x9593f637,0x95963848,0x959790ac,0x959902c0,0x95991c16,0x959cc047,0x959d38e4,0x959dba1e,
  0x959ff9d7,0x95a1694d,0x95a27819,0x95a5570e,0x95a611c2,0x95a6a5c5,0x95a6d323,0x95ab8e0d,0x95abfba9,0x95ac09a0,0x95ad30c8,0x95adf179,
  0x95ae1044,0x95af8b3e,0x95b28f2b,0x95b293b4,0x95b4922b,0x95b53716,0x95b79053,0x95b79905,0x95b7f82b,0x95b86538,0x95b89811,0x95b8b26a,
  0x95b914a2,0x95bb1bb9,0x95bbc780,0x95bcbcb5,0x95bcd1c7,0x95be03fb,0x95c194be,0x95c23211,0x95c2f4d8,0x95c5b301,0x95c5e206,0x95c7e15a,
  0x95ca9017,0x95caf4eb,0x95cb85a0,0x95cd8414,0x95d049e1,0x95d36039,0x95d584c0,0x95d586d1,0x95d8573c,0x95d9991c,0x95da3a5a,0x95dbde24,
  0x95dd827d,0x95ddfb69,0x95e2710f,0x95e318e4,0x95e41c33,0x95e65dc6,0x95e7034f,0x95e7cdc9,0x95e7ce1e,0x95e7fb67,0x95e8185e,0x95eb0d69,
  0x95eb3a8c,0x95ec0eb8,0x95f280fe,0x95f309c3,0x95f571ad,0x95f5da93,0x95f5eccc,0x95f8b436,0x95f9c97b,0x95fabf4a,0x95fcb98f,0x95fe0ba3,
  0x95fee0d3,0x95ff3fa8,0x960072f6,0x9605d00a,0x96061695,0x96061ea5,0x96067efe,0x960ab895,0x960b1443,0x960b2066,0x960d7ea6,0x960da58e,
  0x960ebd80,0x9615059e,0x96170462,0x961833f6,0x9618e1a9,0x96197995,0x961e27fe,0x96231bfd,0x96235e07,0x9623b4ac,0x9623dad5,0x9624bca2,
  0x9626e80a,0x9627bf03,0x962ede5f,0x96322c61,0x963292b1,0x9633b947,0x9634e243,0x963634ec,0x9636460a,0x9636f035,0x9637c5fa,0x963833b9,
  0x96395f31,0x96398dfd,0x963a8f77,0x963adf1a,0x963d573b,0x963dca35,0x963df2b9,0x96452218,0x9646f44c,0x96486635,0x964bada1,0x964c278b,
  0x964f3345,0x96519823,0x9651ea48,0x9658e67d,0x965ab703,0x965d48d2,0x965d510a,0x965e1bff,0x96601145,0x96604492,0x966057d0,0x96611124,
  0x9664eef0,0x96654b04,0x9666a6ea,0x96674948,0x966dd4a7,0x9671a5bc,0x9671e765,0x9671fbbc,0x9672c582,0x967308bd,0x967440f9,0x96746354,
  0x96750b78,0x9675b41d,0x9676101b,0x967db146,0x96828a6b,0x9687320c,0x9687f363,0x968cafd6,0x969654c6,0x96984234,0x96985ed3,0x9698953f,
  0x96997eba,0x969b6135,0x96a0b905,0x96a14c0f,0x96a1bf95,0x96a520f8,0x96a5ae5a,0x96a6acc6,0x96ab82bc,0x96abdabc,0x96ad918a,0x96af49ec,
  0x96af5a1e,0x96af8422,0x96b1e588,0x96b6774b,0x96b6fef2,0x96b7fd2d,0x96b8e797,0x96bbc3d6,0x96bc3984,0x96bf9080,0x96c15dcf,0x96c27c36,
  0x96c34bca,0x96c38a02,0x96c4fa11,0x96c65297,0x96c7a8c2,0x96c82031,0x96ca249c,0x96d26902,0x96d860ac,0x96da96fc,0x96dbacb9,0x96dddef0,
  0x96de53d3,0x96df2840,0x96dfdb05,0x96e11880,0x96e41ed2,0x96e4ff8f,0x96e75aff,0x96e76493,0x96e7e682,0x96e944cc,0x96e99767,0x96ec9b3b,
  0x96ee2855,0x96f04635,0x96f048e0,0x96f0dc3d,0x96f1e62d,0x96f371c3,0x96f3b1c5,0x96f3e6b7,0x96f7b0cb,0x96f8e625,0x96fd2a4f,0x96fd3cf0,
  0x97014550,0x97017eda,0x9701bb00,0x9702ab6a,0x970382c6,0x9705480e,0x97091c76,0x97094bd5,0x9709eea1,0x970a68f9,0x970e2c41,0x970effcb,
  0x97104ff3,0x97107635,0x9711b81b,0x9712cadf,0x97133ba1,0x9713f755,0x97161b49,0x9717101c,0x97177406,0x9717900a,0x9718a014,0x971939f4,
  0x971a286d,0x971e21a0,0x971faad8,0x97215b6f,0x9723239c,0x9724c18c,0x972645b9,0x97278c7a,0x972982bc,0x972af1bc,0x972c6073,0x972cd73e,
  0x972e0502,0x973190bc,0x97353d01,0x97359837,0x9737b34d,0x973a080c,0x973a229d,0x973c4f36,0x973c7e6e,0x973fffda,0x9741e8aa,0x9743b3fa,
  0x974a745f,0x974c0162,0x974ef403,0x974f69de,0x974fadea,0x975192e2,0x97520133,0x97531522,0x975638a4,0x9758d59a,0x9758dd55,0x9759e055,
  0x975a2443,0x975a3dc7,0x975ada01,0x975c35fb,0x975cb7ca,0x975cdedb,0x975d1d04,0x975f5dd3,0x97601deb,0x97601e2b,0x9760ef6a,0x97629e96,
  0x97638846,0x97640a0b,0x9764304b,0x97665d2c,0x97677d38,0x976959ee,0x976aec82,0x976bd443,0x976c8cdc,0x976cd4d2,0x976e6edd,0x97774642,
  0x97779365,0x97796e65,0x977d1df3,0x977d8ae4,0x977e1614,0x977e3142,0x977e5b13,0x9781417f,0x9781be66,0x97824d30,0x97838cf5,0x97846651,
  0x978760cf,0x9788892f,0x97897d81,0x978a8725,0x978d46f9,0x978d80cd,0x978ee4a4,0x978f880d,0x9790f30e,0x979125dc,0x97932f02,0x979368c7,
  0x979408ad,0x9797d05b,0x9798bf37,0x979d70d8,0x979f9481,0x97a090de,0x97a1247d,0x97a17b73,0x97a1a95c,0x97a4f085,0x97a732c1,0x97a754c6,
  0x97a8426f,0x97ac7110,0x97adeb94,0x97af5de7,0x97b00867,0x97b1bf28,0x97b38647,0x97b5caa0,0x97b6591a,0x97b76b56,0x97b850cd,0x97b8cb67,
  0x97b9028e,0x97b95fc9,0x97b995ff,0x97b9ad05,0x97b9d152,0x97ba79ad,0x97bb2d1a,0x97be3e81,0x97beff58,0x97c76040,0x97cc2d2f,0x97cc70a0,
  0x97cf7e17,0x97d01611,0x97d092c6,0x97d236d5,0x97d2daff,0x97d424cc,0x97d52e84,0x97d62caf,0x97d6d4e9,0x97d70eee,0x97d7b689,0x97d81bc2,
  0x97d83930,0x97d8fb4c,0x97dab22b,0x97db06a2,0x97dc32ba,0x97dc3b79,0x97dddd31,0x97def1d5,0x97df56b0,0x97df9ad1,0x97e46940,0x97e4afdc,
  0x97e50949,0x97e6c0f0,0x97e725e4,0x97ead86d,0x97f02d04,0x97f094ea,0x97f39bab,0x97f51e89,0x97f5dad3,0x97f92b9f,0x97fcf6d4,0x97fedda4,
  0x980081ab,0x98031051,0x98057b1c,0x9805da2f,0x98065079,0x9807c7f2,0x980aa7bb,0x980e8e06,0x980f8dce,0x9811bc2e,0x981334cc,0x981519b6,
  0x981b3b27,0x981e48ae,0x982002a0,0x9820474b,0x98232c74,0x98246b2b,0x9825848b,0x982584c0,0x98266ac8,0x9826d2ab,0x98270820,0x98278807,
  0x9827b835,0x9829b639,0x982bcf62,0x982d252b,0x982d7251,0x982e0082,0x982eb54f,0x982fddfb,0x9830253d,0x983372b8,0x983774eb,0x9837ea50,
  0x983adcad,0x983b12d6,0x983f860c,0x983fda69,0x98467e9b,0x9846ccf5,0x98476a98,0x984ad9b2,0x984bad0c,0x985303fc,0x98549466,0x985524e5,
  0x98579dfe,0x9858f4d8,0x985b37d5,0x985be5bd,0x985db97b,0x985dfcfa,0x985f997a,0x98603921,0x986578c0,0x98669d31,0x98671cd0,0x9867946e,
  0x98711ed4,0x98712a64,0x987232ae,0x987361c0,0x98752541,0x9876b33b,0x98779d53,0x98785125,0x987a4291,0x987aa0bf,0x987ba95a,0x987d2680,
  0x98803779,0x98804ddd,0x9880f82d,0x98817bcb,0x9883a908,0x9883cc37,0x98861198,0x98869f74,0x98878d79,0x98881dd1,0x98885453,0x9889f695,
  0x988a9c73,0x988affb8,0x988b10fb,0x988b1800,0x988ca89e,0x988da9a0,0x988dc104,0x988e23d9,0x988ee3db,0x988f46ba,0x989005d6,0x98917512,
  0x9893bb07,0x9894fddb,0x98952d0d,0x98961a5b,0x989633b4,0x9896a763,0x989930b5,0x9899b46d,0x989a719e,0x989b0560,0x989bfd1f,0x989bfe26,
  0x989d5b1f,0x989d8d43,0x989ef411,0x989f7317,0x98a2b048,0x98a3a1a6,0x98a3e1a1,0x98a77e01,0x98a85bfa,0x98a91fc1,0x98aac396,0x98acf313,
  0x98acf6a7,0x98ad6abc,0x98add7e1,0x98ae08db,0x98b3456b,0x98b3f016,0x98b62f81,0x98b7c4f4,0x98b85ffa,0x98b96e1a,0x98ba0e3c,0x98bbcc95,
  0x98bc268c,0x98bcb062,0x98c14220,0x98c235c2,0x98c3b8fd,0x98c3f48f,0x98c4d7c9,0x98caa0d8,0x98cdaf33,0x98ce9908,0x98cf4125,0x98cfcee7,
  0x98d071e5,0x98d2931f,0x98d349f5,0x98d3db36,0x98d42a8d,0x98d4b36b,0x98d69ac5,0x98d7c070,0x98d7c5f9,0x98da7859,0x98db3324,0x98dcc24d,
  0x98dd23f1,0x98ddc8f1,0x98de00f8,0x98df96f6,0x98dfc42d,0x98e0bdb8,0x98e20b45,0x98e29556,0x98e39374,0x98e43b19,0x98e499f1,0x98e5b94e,
  0x98e67e6f,0x98e85c46,0x98ec2ee0,0x98ed3a0c,0x98ee2ee7,0x98f3494d,0x98f3ecab,0x98f596cc,0x98f67fa0,0x98fa70ea,0x98fa7434,0x98fc7e44,
  0x98fd44fc,0x98fec39a,0x98ffa391,0x990159f2,0x99019d55,0x9904b106,0x99059fd9,0x99074ecb,0x990a61aa,0x990b5838,0x990f4b0a,0x991124fe,
  0x99115d10,0x99122dde,0x991243b6,0x9919ec74,0x991bc243,0x991bedb0,0x991cfaaf,0x99207f79,0x9920fc33,0x9923ec90,0x9924376d,0x99272a60,
  0x99276d5e,0x992a8d82,0x992b16fb,0x992b61ee,0x992bf5db,0x992e9b3f,0x992ee24c,0x992f0f3b,0x992f2876,0x992f3a4b,0x992fc3c3,0x9930b54b,
  0x9930c786,0x9931e0dc,0x9935a07c,0x99362aa8,0x993e5219,0x993ead02,0x99418ac2,0x994538cc,0x99465ca6,0x994700c6,0x99470b6b,0x99497ffc,
  0x9949ec90,0x994cb722,0x994e3028,0x995218b2,0x9952fa88,0x99550cf4,0x99550e1f,0x99568f6e,0x9959c7fd,0x995ab0c7,0x995b6915,0x995c4678,
  0x995cea40,0x995d55d0,0x995de9b7,0x9961df60,0x99640871,0x9964d249,0x99657add,0x9965ad10,0x99678eb2,0x99684a3a,0x996add16,0x996af062,
  0x996bba85,0x996db760,0x996f6f5d,0x997394c1,0x9973f460,0x99743262,0x9978bb63,0x997919b2,0x99792cba,0x99792d17,0x997bd2a4,0x997d4c3d,
  0x998213a9,0x9982d749,0x9983ce56,0x9986ec92,0x998a2e30,0x998af3fd,0x998f3025,0x9991c249,0x99938ba3,0x9996926c,0x9996cdc3,0x9996ed5c,
  0x9996f020,0x99975311,0x999bb5d4,0x999ea0cb,0x999eecd7,0x99a0b6a6,0x99a1a272,0x99a20716,0x99a25ef3,0x99a2afc3,0x99a647b5,0x99a6e28c,
  0x99a73aca,0x99a7b00a,0x99a8a98a,0x99a8f0b2,0x99a9947b,0x99acc00e,0x99b10809,0x99b14697,0x99b289d1,0x99b2a888,0x99b3b3f3,0x99b40fe7,
  0x99b5d58b,0x99b63f4f,0x99b9c25a,0x99bad3a5,0x99bbe540,0x99bc1cf1,0x99be6d76,0x99c32d1f,0x99c36bc4,0x99c57bbe,0x99c5831a,0x99c584f9,
  0x99c58d57,0x99c7944d,0x99c8dc5b,0x99cbf38a,0x99cd7e21,0x99cd9f08,0x99ce0cee,0x99cfa381,0x99cfe57a,0x99d4adf0,0x99d4fb5d,0x99d648d9,
  0x99d6f60a,0x99da5f64,0x99db96d2,0x99dceefe,0x99de502c,0x99deb780,0x99e1f0a6,0x99e30c09,0x99e4c725,0x99e7ecec,0x99e91ffb,0x99e9340e,
  0x99ea224d,0x99eaa78c,0x99eb0d73,0x99ed9e48,0x99ee2fbf,0x99ee7518,0x99f0045c,0x99f32bb9,0x99f511f7,0x99f51f5d,0x99f606dd,0x99f646c6,
  0x99f6772f,0x99f77209,0x99f80e88,0x99f81de6,0x99f92057,0x99fa1cb0,0x99fa5d7f,0x99fb6a7e,0x99fe813f,0x9a04a326,0x9a050789,0x9a05d8ef,
  0x9a08264c,0x9a0a9e2d,0x9a0adadb,0x9a0bcf9c,0x9a0d673a,0x9a0da22c,0x9a121263,0x9a123a5d,0x9a12c059,0x9a137bdc,0x9a1384c6,0x9a14cbdd,
  0x9a14da38,0x9a166a04,0x9a16e1c3,0x9a184e75,0x9a187d6f,0x9a19f4ff,0x9a1b0608,0x9a1be8d5,0x9a1e613e,0x9a213d76,0x9a22e166,0x9a231aa1,
  0x9a2389fd,0x9a27afeb,0x9a280a8e,0x9a281f4e,0x9a28a256,0x9a29dc6f,0x9a2abf77,0x9a2d4aae,0x9a2eb33d,0x9a30bfd3,0x9a325cd8,0x9a32713e,
  0x9a341811,0x9a3432a9,0x9a351c17,0x9a353876,0x9a35b274,0x9a386f92,0x9a38702f,0x9a395625,0x9a40473f,0x9a40d9d7,0x9a40e8f2,0x9a4235ae,
  0x9a43834a,0x9a494e79,0x9a4aaaf7,0x9a4c9a9b,0x9a4d22b5,0x9a4ea5db,0x9a4f40e1,0x9a500734,0x9a5278ff,0x9a56f5d9,0x9a5b4800,0x9a5c4366,
  0x9a605a20,0x9a61d13a,0x9a621c90,0x9a6234d3,0x9a63894e,0x9a689a40,0x9a690784,0x9a6b8627,0x9a6e115c,0x9a6f4b40,0x9a6f5d10,0x9a700f88,
  0x9a70c569,0x9a70f065,0x9a71b222,0x9a763783,0x9a77e8ee,0x9a781375,0x9a789906,0x9a791a09,0x9a794929,0x9a79d943,0x9a7c70d0,0x9a7ff03a,
  0x9a80cfbf,0x9a858fd2,0x9a8852d0,0x9a89959e,0x9a8a16fc,0x9a8cebb5,0x9a8dec02,0x9a8f1c12,0x9a8f8909,0x9a91a437,0x9a921a75,0x9a941fd1,
  0x9a94f607,0x9a98b227,0x9a9914f2,0x9a9a0dda,0x9a9a139c,0x9a9b68da,0x9a9b6bb8,0x9aa10f51,0x9aa34c5e,0x9aa3e3b7,0x9aa7b2aa,0x9aa8af49,
  0x9aac250f,0x9aadbdb0,0x9aae83b6,0x9aaf444a,0x9ab391d9,0x9ab45af5,0x9ab59178,0x9ab85230,0x9ab91a7a,0x9aba57b6,0x9abba571,0x9abf16d2,
  0x9abf85db,0x9ac0053f,0x9ac2b19c,0x9ac338df,0x9ac4e23c,0x9ac5bbba,0x9ac680be,0x9ac941f4,0x9ad03ccf,0x9ad229f9,0x9ad35336,0x9ad41407,
  0x9ad541a8,0x9ad5574a,0x9adf1f22,0x9ae0b68e,0x9ae2f885,0x9ae6fffb,0x9ae85d7c,0x9ae86e61,0x9ae8c370,0x9ae91383,0x9aea8bb1,0x9aeb76ab,
  0x9aecf2bf,0x9aee7a6d,0x9af15bae,0x9af5d62d,0x9af9a170,0x9af9c355,0x9afaff78,0x9afcf8c1,0x9afd2400,0x9afddfb8,0x9afe5639,0x9afeca10,
  0x9aff9158,0x9b00335f,0x9b014fd5,0x9b0378ba,0x9b039ac6,0x9b03d9c8,0x9b08dfc7,0x9b09a5a4,0x9b0af08d,0x9b0b7378,0x9b0bddcc,0x9b0c4692,
  0x9b0cd2fb,0x9b0d98bc,0x9b10bc95,0x9b130082,0x9b131f2a,0x9b15df78,0x9b16df07,0x9b1754e0,0x9b19e9d4,0x9b1a2893,0x9b1a533f,0x9b1cb468,
  0x9b1e34d1,0x9b1f6303,0x9b2118b4,0x9b21a1bb,0x9b21d4dc,0x9b22da18,0x9b23c6a5,0x9b23fab3,0x9b277936,0x9b29616c,0x9b2a594c,0x9b2b64eb,
  0x9b2d59dc,0x9b2ea282,0x9b2f20e7,0x9b31013a,0x9b316ab2,0x9b3741df,0x9b3809e8,0x9b383b29,0x9b386770,0x9b39506c,0x9b3fcd9b,0x9b4147aa,
  0x9b435570,0x9b44f50c,0x9b506e10,0x9b51305a,0x9b520499,0x9b52f484,0x9b531323,0x9b5346e6,0x9b569c85,0x9b5ba51a,0x9b5eebb3,0x9b6168dc,
  0x9b626774,0x9b6450c1,0x9b6486af,0x9b650804,0x9b66629d,0x9b685066,0x9b685f50,0x9b6bbe36,0x9b6c4aac,0x9b6d1fa4,0x9b6d8931,0x9b6da721,
  0x9b70935f,0x9b732ba7,0x9b749f60,0x9b761ed7,0x9b794806,0x9b7b126a,0x9b7da898,0x9b8284ef,0x9b829f01,0x9b83e36a,0x9b84ef96,0x9b8704e4,
  0x9b8b002b,0x9b8d592b,0x9b8fc4bd,0x9b914a13,0x9b964e75,0x9b9784ac,0x9b986605,0x9b988e92,0x9b9dabc3,0x9b9dfb7b,0x9ba0a776,0x9ba0bc24,
  0x9ba19395,0x9ba39482,0x9ba3dee8,0x9ba49e60,0x9ba55f06,0x9ba800c2,0x9ba8b554,0x9ba98e28,0x9ba9c4af,0x9baa2cac,0x9babd1da,0x9bac45bf,
  0x9bacd96b,0x9bae1281,0x9bb23a2d,0x9bb3604a,0x9bb387c1,0x9bb3e88d,0x9bb4a532,0x9bb4ae3b,0x9bb61312,0x9bb65911,0x9bb9ff5e,0x9bbb0830,
  0x9bbb2c6b,0x9bbe17c7,0x9bc1ebd0,0x9bc3557a,0x9bc3b35f,0x9bca2c42,0x9bca3819,0x9bcbbf83,0x9bcd81e7,0x9bd048a1,0x9bd04ebb,0x9bd152fa,
  0x9bd48be0,0x9bd71c17,0x9bd87201,0x9bd94422,0x9bd99b60,0x9bd9a6f7,0x9bd9c141,0x9bdaeb73,0x9bdb8651,0x9bdcc87c,0x9be1b2da,0x9be368ab,
  0x9be65ec8,0x9be6a026,0x9be8222c,0x9be9ce34,0x9bebba2e,0x9bee4bbc,0x9bef12dc,0x9beff90b,0x9bf13cba,0x9bf1bc24,0x9bf44ee2,0x9bf50228,
  0x9bf727d3,0x9bf7f256,0x9bf920f6,0x9bfb2a5b,0x9bfd7de2,0x9bfeadd5,0x9c0296ab,0x9c036ee6,0x9c04102e,0x9c05ed36,0x9c06c51e,0x9c082faf,
  0x9c0a4370,0x9c0c474d,0x9c0f177f,0x9c0f36ed,0x9c10c5e1,0x9c151bb3,0x9c151ec1,0x9c15266c,0x9c1723e3,0x9c1dccc7,0x9c1dfc73,0x9c1e651f,
  0x9c1e6e8a,0x9c1eb363,0x9c1ffb9a,0x9c202962,0x9c271bfa,0x9c27248e,0x9c2869ab,0x9c2971c3,0x9c2bdb32,0x9c2c2152,0x9c2c501e,0x9c2cabe2,
  0x9c2e255c,0x9c311ef5,0x9c313cf1,0x9c32aa7f,0x9c336be2,0x9c3606db,0x9c3619bb,0x9c365a90,0x9c37f473,0x9c3adb78,0x9c3cbd4b,0x9c3ce232,
  0x9c3d512e,0x9c3fd522,0x9c40b705,0x9c42d8d1,0x9c43d274,0x9c468f7a,0x9c46c55e,0x9c4a1c15,0x9c4dc4ea,0x9c4fb7de,0x9c51d0c6,0x9c53e58d,
  0x9c54a36a,0x9c5c31c4,0x9c5c55e4,0x9c5e2a4b,0x9c600c3d,0x9c605d3c,0x9c60b1f6,0x9c6169c8,0x9c631218,0x9c63fe28,0x9c68918d,0x9c68cee3,
  0x9c68cf07,0x9c71de2f,0x9c74c2c5,0x9c765667,0x9c79f9bd,0x9c7a1969,0x9c7c9a39,0x9c7d5c30,0x9c7f3f3c,0x9c81a933,0x9c830cef,0x9c833502,
  0x9c8349e8,0x9c83ba23,0x9c850fb8,0x9c897e2d,0x9c89c577,0x9c8a0544,0x9c8b6983,0x9c8d3f85,0x9c8f42a1,0x9c94c78f,0x9c96bce1,0x9c99110f,
  0x9c9ff681,0x9ca0cc54,0x9ca2f91b,0x9ca42cf1,0x9ca4e84f,0x9ca4f31e,0x9ca66c22,0x9caa275d,0x9caa4b4b,0x9cac1d6f,0x9cadb84b,0x9caf08bc,
  0x9cb00d45,0x9cb04bc8,0x9cb07204,0x9cb2dd3a,0x9cb3c9e3,0x9cb40405,0x9cb48046,0x9cb4d200,0x9cb6b1ed,0x9cb7dcfc,0x9cb82ec2,0x9cb926bb,
  0x9cbfb16a,0x9cc252c7,0x9cc27592,0x9cc658a4,0x9cc9c58e,0x9cc9e71c,0x9cca2cf0,0x9ccb1dc9,0x9ccd653f,0x9ccde07a,0x9ccdf71d,0x9cceadac,
  0x9ccf7408,0x9cd06be5,0x9cd5eae6,0x9cd6bf87,0x9cd7564c,0x9cdc577d,0x9cdc74ae,0x9cdc9add,0x9cdf2446,0x9cdfbb4e,0x9ce4070b,0x9ce50888,
  0x9cea1f6c,0x9ceb3215,0x9ceb3ad0,0x9ceb3e22,0x9cec474d,0x9ceda7a9,0x9cee5062,0x9cee85a1,0x9cef288b,0x9cf0b738,0x9cf0cec8,0x9cf6eaa6,
  0x9cfa3acb,0x9cfa7081,0x9cfb33f5,0x9cfc86f4,0x9cfee75d,0x9d00cbaf,0x9d03fd85,0x9d060776,0x9d08b89f,0x9d0b3b09,0x9d0b8d8b,0x9d0b93fd,
  0x9d0ca132,0x9d0f427d,0x9d0f9e39,0x9d104894,0x9d106b64,0x9d12010b,0x9d12af57,0x9d14446f,0x9d1663cb,0x9d17f93e,0x9d190db5,0x9d1a18e7,
  0x9d1d00fb,0x9d2314f5,0x9d24eae9,0x9d258302,0x9d270987,0x9d27f46c,0x9d281e86,0x9d289c1c,0x9d292394,0x9d2951e4,0x9d2a37e4,0x9d2d243f,
  0x9d2d3129,0x9d2f414f,0x9d2fb0be,0x9d2fe628,0x9d31774b,0x9d32ee3a,0x9d336a4a,0x9d33c70a,0x9d359339,0x9d363874,0x9d37059a,0x9d3864e1,
  0x9d3864e8,0x9d3911fc,0x9d399d04,0x9d39cbae,0x9d3dd400,0x9d4002e5,0x9d40b29d,0x9d40e601,0x9d414abd,0x9d453ce4,0x9d4a6c59,0x9d50eff9,
  0x9d523723,0x9d525bea,0x9d543f4b,0x9d5529ec,0x9d561f57,0x9d56fb99,0x9d59d170,0x9d59ec8f,0x9d5b7d05,0x9d5d6fef,0x9d5fd259,0x9d6098aa,
  0x9d616d96,0x9d634d65,0x9d661d0d,0x9d6624c2,0x9d67dae5,0x9d69db2a,0x9d6d8cd7,0x9d6de5d7,0x9d70b5c1,0x9d7564df,0x9d75dff7,0x9d7623cc,
  0x9d77bf76,0x9d783f91,0x9d793b7f,0x9d7e346a,0x9d7f13c0,0x9d7f779d,0x9d80794d,0x9d80e541,0x9d80ec97,0x9d828ee5,0x9d830b8a,0x9d897ef7,
  0x9d8a5188,0x9d8acd70,0x9d8bcce6,0x9d8bcdd2,0x9d8d5c24,0x9d8d7056,0x9d91d2c5,0x9d93f14f,0x9d9563fd,0x9d96a1f1,0x9d9957c6,0x9d9bffbc,
  0x9d9da8e5,0x9d9f9509,0x9da0216c,0x9da034b4,0x9da0fa2c,0x9da11bcb,0x9da27df6,0x9da5d8ef,0x9da63281,0x9da674fb,0x9da7b4a0,0x9da8221b,
  0x9da91e8d,0x9daae0ce,0x9dafa0f5,0x9db15aca,0x9db2a8d2,0x9db6a9f2,0x9db6b019,0x9db796d0,0x9dbbc3db,0x9dbc7d6b,0x9dbe1a56,0x9dbee540,
  0x9dbfa4ff,0x9dc20b0b,0x9dc22e63,0x9dc2c82a,0x9dc59755,0x9dc5a463,0x9dc5e93c,0x9dc6bc61,0x9dcad7f8,0x9dccac10,0x9dcce20d,0x9dcd1f33,
  0x9dcecfb4,0x9dd064c1,0x9dd36bae,0x9dd532f9,0x9dd62287,0x9dd6f431,0x9dd8ce33,0x9ddbd252,0x9ddbf98a,0x9ddd047f,0x9de473ac,0x9de5dcc2,
  0x9de6cf75,0x9de85c4c,0x9deb8bf5,0x9dec2ce0,0x9decb142,0x9dedcf86,0x9def0fd0,0x9df3383d,0x9df57df4,0x9df68c8a,0x9dfcb521,0x9dfcc294,
  0x9dfcea5e,0x9e0057e6,0x9e025d3b,0x9e0b315f,0x9e0be8b9,0x9e116ce8,0x9e134719,0x9e137b93,0x9e13ad4f,0x9e14e3a4,0x9e14f5f7,0x9e1579d3,
  0x9e160e59,0x9e181482,0x9e18b14d,0x9e19e6f8,0x9e1e12e7,0x9e249436,0x9e27509c,0x9e275ab4,0x9e287145,0x9e29b246,0x9e2b41ae,0x9e2c3eab,
  0x9e2d1d2c,0x9e2e0349,0x9e30b05c,0x9e317a8f,0x9e328fe0,0x9e346211,0x9e382413,0x9e46cd41,0x9e48506b,0x9e491646,0x9e49d6a4,0x9e4b440e,
  0x9e4b6d4a,0x9e4f381d,0x9e5275e4,0x9e548051,0x9e55c4c3,0x9e56f4d6,0x9e594ae9,0x9e5b76d7,0x9e5ef24f,0x9e61f8ec,0x9e627bba,0x9e63af28,
  0x9e640903,0x9e651a08,0x9e6521fc,0x9e69317a,0x9e6a7b22,0x9e6af2d8,0x9e6dde74,0x9e703ceb,0x9e709be7,0x9e72d361,0x9e72f59d,0x9e735679,
  0x9e77a914,0x9e7b2539,0x9e7c9917,0x9e7cd472,0x9e7d92c3,0x9e7e5f92,0x9e7ff13e,0x9e7ff87b,0x9e8184cf,0x9e86a412,0x9e86f42e,0x9e870297,
  0x9e876ece,0x9e88b0e4,0x9e895d31,0x9e8de53f,0x9e8f75e9,0x9e8fe2e3,0x9e909719,0x9e90be84,0x9e912d4c,0x9e949c1b,0x9e97d92f,0x9e98bf9c,
  0x9e99334a,0x9e9aed68,0x9e9b3c3d,0x9e9c2925,0x9e9ca6d6,0x9e9e8db0,0x9e9e96cb,0x9ea29c56,0x9eaa3fd8,0x9eaaeeb0,0x9eae2c57,0x9eaf00eb,
  0x9eb07c75,0x9eb0e00d,0x9eb24d79,0x9eb8ef2f,0x9eb8f102,0x9eb9a72d,0x9eb9aaf4,0x9ebb4b99,0x9ebbd69a,0x9ec00dbc,0x9ec19f05,0x9ec575eb,
  0x9ec9cee0,0x9ec9ec6a,0x9ecb1739,0x9eccbe30,0x9ece8534,0x9ed11744,0x9ed19a84,0x9ed2c672,0x9ed30837,0x9ed3b519,0x9ed45f8d,0x9ed576a2,
  0x9ed8c09f,0x9eda1fbe,0x9eda69f8,0x9edd5d87,0x9ede63bd,0x9edef0f9,0x9ee14fa7,0x9ee1c7de,0x9ee30837,0x9ee61880,0x9ee9a96f,0x9eec7514,
  0x9eedf10b,0x9eee3614,0x9ef2b430,0x9ef532fd,0x9ef7bf4a,0x9ef9444d,0x9efa3910,0x9efb076c,0x9efb096d,0x9efb32ca,0x9efc6afe,0x9efda463,
  0x9efe97a8,0x9f03f484,0x9f0817d6,0x9f0a15b4,0x9f0c97d9,0x9f0e7608,0x9f0ed6bf,0x9f0fc64b,0x9f1127b7,0x9f130dc4,0x9f13fa3b,0x9f14ff71,
  0x9f16a725,0x9f18d5c2,0x9f1ac177,0x9f1be301,0x9f1d056d,0x9f1d8603,0x9f1dfe9a,0x9f1e2442,0x9f1e8c38,0x9f2417bf,0x9f256be7,0x9f28b83d,
  0x9f2bf42b,0x9f2d3a60,0x9f2e5565,0x9f34342e,0x9f3591f3,0x9f3c3447,0x9f3d7ed0,0x9f3e4aa6,0x9f4271cd,0x9f43a3eb,0x9f43e45f,0x9f45d7b4,
  0x9f483725,0x9f4b0820,0x9f4b09f3,0x9f4dffe6,0x9f4f07ce,0x9f4f9a9b,0x9f55bc16,0x9f565b15,0x9f582e63,0x9f5957e6,0x9f59937d,0x9f5c62e3,
  0x9f5ca670,0x9f5d2449,0x9f5d7a50,0x9f6115ad,0x9f63972c,0x9f666c49,0x9f66dfcd,0x9f66ebc3,0x9f683c7a,0x9f6ab103,0x9f6b2746,0x9f6cd6e2,
  0x9f6f6a2b,0x9f6fbaee,0x9f702ba8,0x9f72161e,0x9f741f5a,0x9f7490bc,0x9f762593,0x9f770760,0x9f783eb4,0x9f79226c,0x9f7ba10f,0x9f7fbe46,
  0x9f81340c,0x9f829e08,0x9f8856fc,0x9f885a1c,0x9f893b24,0x9f89a1c0,0x9f89bb3a,0x9f89bcd5,0x9f8b8791,0x9f8c956b,0x9f8d6243,0x9f8e5bdd,
  0x9f8e6820,0x9f90b011,0x9f93c993,0x9f9405be,0x9f944689,0x9f95877d,0x9f9678e8,0x9f99abd8,0x9f9a2b6a,0x9f9ae311,0x9f9b2a99,0x9f9ee0c8,
  0x9f9f331b,0x9fa5c040,0x9fa975a8,0x9fa9d1e0,0x9fac4209,0x9fae4951,0x9fb0cf55,0x9fb83b6b,0x9fbebea8,0x9fc0e748,0x9fc10010,0x9fc214fd,
  0x9fc52d4f,0x9fc60f6f,0x9fc8cd1c,0x9fcce32a,0x9fcd6ac4,0x9fcda825,0x9fd00e60,0x9fd046f0,0x9fd12b3c,0x9fd241b5,0x9fd367d6,0x9fd45b2c,
  0x9fd4a0d9,0x9fd55b07,0x9fda6769,0x9fdc50d9,0x9fdc7d72,0x9fdd0b7d,0x9fde250f,0x9fe1b765,0x9fe55e97,0x9fe66899,0x9fe71fd5,0x9fe8e2f0,
  0x9fe9e8c4,0x9feaa77e,0x9fecfc8a,0x9fedfa78,0x9ff2d8b8,0x9ffd7e88,0x9fff2378,0xa0036052,0xa00446c4,0xa00735be,0xa00750c0,0xa0079443,
  0xa007c048,0xa00821fe,0xa00fe938,0xa0109249,0xa0111255,0xa013ec4f,0xa01448a6,0xa016c25c,0xa0182fc1,0xa0188799,0xa01919ee,0xa01deea4,
  0xa01ee053,0xa0238e04,0xa023dfbc,0xa0242bcf,0xa0256413,0xa02567eb,0xa025a12d,0xa026e7f4,0xa027d8a3,0xa02a7947,0xa02b7c18,0xa02bf491,
  0xa02c9791,0xa02deb4f,0xa02df683,0xa02e4519,0xa02f463a,0xa032573e,0xa032bbc9,0xa0356a7d,0xa037c458,0xa03ed934,0xa03f2f38,0xa04059d4,
  0xa040edac,0xa043da1c,0xa044a1c2,0xa046743f,0xa047fc07,0xa048f6ba,0xa0490098,0xa0490f6d,0xa0492cbc,0xa0494332,0xa049c25b,0xa04a4bb3,
  0xa04b16f7,0xa04d739e,0xa04ea1b7,0xa04fe4d7,0xa0522e91,0xa053073e,0xa053cf72,0xa05584b4,0xa057dbd7,0xa0593440,0xa05a477a,0xa05ad26b,
  0xa05aeb83,0xa05c7dd7,0xa05ccfff,0xa05daa07,0xa05e4585,0xa05f62d5,0xa063278a,0xa063e01d,0xa0640410,0xa065d288,0xa06b256e,0xa06bbfc3,
  0xa07172f0,0xa0718007,0xa072031e,0xa072bf30,0xa0790346,0xa079e89d,0xa07a4551,0xa07ab6bc,0xa07ac239,0xa07afc7a,0xa07c9c66,0xa07cd4fa,
  0xa07e5809,0xa07ff5e5,0xa0846ce8,0xa0849e5d,0xa084cba3,0xa0858a0b,0xa085bc8e,0xa085eec6,0xa08766d3,0xa088a585,0xa0891475,0xa08acdfe,
  0xa08b5f8f,0xa08ca357,0xa08d328e,0xa08e8ecd,0xa08ebda9,0xa09374a5,0xa0954639,0xa095b0a5,0xa096561e,0xa0968bd0,0xa098d737,0xa09f5042,
  0xa09f6867,0xa0a0718a,0xa0a0a5fc,0xa0a0b162,0xa0a520dc,0xa0a93c3f,0xa0a9425f,0xa0aa2ebc,0xa0abb273,0xa0ae5221,0xa0af8a55,0xa0b12fdf,
  0xa0b2448d,0xa0b32d69,0xa0b36597,0xa0b4f971,0xa0b8dd0b,0xa0babc7c,0xa0bacf36,0xa0be2767,0xa0be6da6,0xa0c012ee,0xa0c34af3,0xa0c36386,
  0xa0c3a756,0xa0c3ba63,0xa0c61646,0xa0c778ef,0xa0ca9d81,0xa0ccafe0,0xa0cd2f46,0xa0cd97a9,0xa0cfd58b,0xa0d19a47,0xa0d33abc,0xa0d9942e,
  0xa0dd2359,0xa0de9194,0xa0e09fa2,0xa0e118e8,0xa0e22784,0xa0e33df8,0xa0e816ce,0xa0e92140,0xa0ea4449,0xa0ecc34a,0xa0efa43a,0xa0efd56e,
  0xa0f17cf2,0xa0f1d871,0xa0fa04fa,0xa0fe5e8c,0xa100eec0,0xa106bf96,0xa1075ae5,0xa107ee0e,0xa109048d,0xa109db45,0xa10a0789,0xa10a4f4e,
  0xa10df7a1,0xa1101a5e,0xa1107f70,0xa112a6c7,0xa1130635,0xa1135ef0,0xa1141989,0xa1165a4e,0xa118304b,0xa11a91ec,0xa11bd938,0xa11c5c8d,
  0xa11d62ff,0xa11f43d8,0xa11fe0cf,0xa12507ac,0xa1257b2b,0xa12fdc36,0xa130d725,0xa130e813,0xa132010c,0xa136f913,0xa137f9f0,0xa1386062,
  0xa13cc43c,0xa13e317f,0xa1460a76,0xa150cba7,0xa1521a15,0xa15597c5,0xa1588ed2,0xa158b893,0xa158fee3,0xa15a790b,0xa15c43fa,0xa15ea851,
  0xa161a161,0xa163aba3,0xa16697c2,0xa16941ad,0xa16a2cc0,0xa16c7b17,0xa16cec94,0xa16d1320,0xa16f31c1,0xa1710097,0xa1744d52,0xa1765c06,
  0xa1770dff,0xa179ae96,0xa179c8d6,0xa17a4963,0xa17b1dcb,0xa17b3f3f,0xa17bacbe,0xa1804267,0xa181d901,0xa18225f0,0xa18369a8,0xa1886b5e,
  0xa189af70,0xa18ab928,0xa18ce91d,0xa18f7df0,0xa18fc76e,0xa1949223,0xa197bc03,0xa197ed24,0xa19ba4d4,0xa19c8e0b,0xa1a36263,0xa1a511d4,
  0xa1a59ca4,0xa1a98219,0xa1a9b812,0xa1a9c894,0xa1ab3f05,0xa1ade0dd,0xa1b040a4,0xa1b0ef39,0xa1b4062a,0xa1b4672b,0xa1b4f6be,0xa1b5b64b,
  0xa1b7a098,0xa1b7feba,0xa1ba25be,0xa1ba7228,0xa1bb980a,0xa1c10813,0xa1c15725,0xa1c19016,0xa1c348d8,0xa1c65a18,0xa1c87ff8,0xa1c88a85,
  0xa1ca9104,0xa1cda265,0xa1d27b9c,0xa1d447e2,0xa1d892a5,0xa1d94b5b,0xa1d94e84,0xa1d953c5,0xa1db6253,0xa1dbe651,0xa1de7097,0xa1df01d0,
  0xa1df51dc,0xa1e06f93,0xa1e1ac56,0xa1e2bfaf,0xa1e38f36,0xa1e3cac9,0xa1e43a81,0xa1e66025,0xa1e67059,0xa1e670e4,0xa1e75304,0xa1e759ea,
  0xa1e8fcc8,0xa1e921be,0xa1ea1e29,0xa1ec18b0,0xa1f1a123,0xa1f214ac,0xa1f398a8,0xa1f45142,0xa1f8215e,0xa1f947e2,0xa1f97794,0xa1f9f586,
  0xa1fb60ea,0xa1fb9736,0xa1fd1470,0xa1fd3973,0xa1fe41f1,0xa20079ef,0xa200f4fc,0xa202066a,0xa2026a77,0xa2028215,0xa203a053,0xa2043b85,
  0xa2088c1c,0xa20f9b47,0xa20fffed,0xa2104e0a,0xa2114aab,0xa211662b,0xa211792b,0xa212f669,0xa214bc4b,0xa2154741,0xa2177e82,0xa218b207,
  0xa21ebb1e,0xa21ec76c,0xa21f6377,0xa21f68f8,0xa2207ac6,0xa2228676,0xa222acbd,0xa224f0da,0xa2267ba7,0xa226e4cd,0xa227f5ee,0xa2288634,
  0xa229b365,0xa22cd649,0xa22d14a7,0xa235bb2a,0xa238348e,0xa2386c39,0xa2387778,0xa2388239,0xa23dae98,0xa23db450,0xa240f8fb,0xa241b6dc,
  0xa243842e,0xa2467395,0xa2475bc8,0xa248037a,0xa24828e2,0xa2497ee7,0xa24bca85,0xa24ddf97,0xa24df1f2,0xa24e47f4,0xa24f097c,0xa250cc62,
  0xa2543016,0xa2547f78,0xa25671bd,0xa256c94b,0xa25775b2,0xa258206c,0xa259f6ac,0xa25bfa38,0xa25ea568,0xa2600c9a,0xa260ea7a,0xa2632f0b,
  0xa263d3ee,0xa264dbc3,0xa266767b,0xa266e7e7,0xa2698723,0xa26996ae,0xa26a659c,0xa26b76ca,0xa26baddf,0xa2706268,0xa2710bb6,0xa2712093,
  0xa2715bfc,0xa271dde4,0xa272d61b,0xa279b3b8,0xa27ad1d2,0xa27cb7be,0xa27df597,0xa2831655,0xa2842c78,0xa2849259,0xa285b417,0xa28bf0c6,
  0xa28e4c32,0xa2906b4a,0xa2908e68,0xa29130ea,0xa2954fe5,0xa2963c05,0xa297c07f,0xa297de30,0xa2984686,0xa29a0bd7,0xa29a34d8,0xa29d483f,
  0xa29dea59,0xa29f6195,0xa2a4c55d,0xa2a4cd02,0xa2a5a13f,0xa2a77de2,0xa2a795b4,0xa2acf87c,0xa2af2cbc,0xa2b0a842,0xa2b408e4,0xa2b42813,
  0xa2b42870,0xa2b4b978,0xa2b52ac0,0xa2bba17f,0xa2bc6b49,0xa2bcb257,0xa2bf96f9,0xa2bfd5a7,0xa2c6d4b3,0xa2c73cf4,0xa2c80405,0xa2c80c5f,
  0xa2c869df,0xa2c9dd9f,0xa2ccb77b,0xa2ccd970,0xa2d073db,0xa2d1c8be,0xa2d4beff,0xa2d8e346,0xa2d90a92,0xa2d9a503,0xa2db34e8,0xa2dc8cfb,
  0xa2df4320,0xa2dfc5b1,0xa2e1af38,0xa2e3c54e,0xa2e6eb80,0xa2e6f377,0xa2e774dc,0xa2e7afce,0xa2eca52f,0xa2ee7cca,0xa2ef74d2,0xa2f1351d,
  0xa2f3a75f,0xa2f3d84b,0xa2f3f6cd,0xa2f76310,0xa2fa29a3,0xa2fa509c,0xa2fcf29b,0xa2fd0654,0xa2fe846a,0xa2febcb8,0xa2ff16ad,0xa2ffa38f,
  0xa30102d8,0xa30377c7,0xa3043be5,0xa305ef1d,0xa306cfca,0xa306de2e,0xa307879f,0xa308920b,0xa30be017,0xa30bf58a,0xa30cb65e,0xa30fc267,
  0xa310e9f3,0xa3169998,0xa31710e9,0xa31723db,0xa31743f5,0xa319b705,0xa319d0bf,0xa31ac0e6,0xa31be540,0xa320699d,0xa3223af6,0xa3252c58,
  0xa327cc85,0xa3285c44,0xa3293861,0xa3295de6,0xa32c5b79,0xa32d73b1,0xa32ef317,0xa3306683,0xa3350d4f,0xa338324b,0xa33a9899,0xa33afbbc,
  0xa33b8755,0xa33dfbcd,0xa3404e41,0xa341ed1d,0xa3427f7c,0xa3437f05,0xa346e82d,0xa3476aec,0xa34c0c72,0xa34cb9cd,0xa34d3543,0xa34d7038,
  0xa350983d,0xa3569df2,0xa358c00b,0xa358de9d,0xa35afe66,0xa35bd778,0xa35f9855,0xa3615018,0xa3628969,0xa365dd74,0xa3664c19,0xa3668fca,
  0xa36a7f6f,0xa36c889a,0xa36cc5de,0xa36e162b,0xa3710e16,0xa372d5ee,0xa373ded0,0xa3748b3b,0xa3755c9b,0xa378366f,0xa37a456f,0xa37a91d1,
  0xa37b182f,0xa3805077,0xa380afd7,0xa381b62c,0xa3834b28,0xa386f0ff,0xa386fd96,0xa389524d,0xa3895591,0xa38cfdbc,0xa38da82f,0xa38f9f78,
  0xa3962dcf,0xa3987e5c,0xa399f20e,0xa39cbe4a,0xa3a02628,0xa3a0411e,0xa3a13e3e,0xa3a16f55,0xa3a620f6,0xa3a65b07,0xa3a81310,0xa3a88b42,
  0xa3ab2abf,0xa3afcdb8,0xa3b19869,0xa3b2f51b,0xa3b52c12,0xa3b5a5c0,0xa3b7da71,0xa3bc04d4,0xa3bd7c77,0xa3bde33b,0xa3beab68,0xa3bf371d,
  0xa3c20d0d,0xa3c29d0e,0xa3cbc0b0,0xa3cd8313,0xa3ce1c43,0xa3ce91bc,0xa3d15471,0xa3d205b8,0xa3d6000f,0xa3d609a5,0xa3db481c,0xa3db90d2,
  0xa3dbb417,0xa3dc9449,0xa3df2965,0xa3e02b5a,0xa3e0dba4,0xa3e184b3,0xa3e2a1d0,0xa3e332c0,0xa3e44209,0xa3e6873c,0xa3e739fa,0xa3e9f1b6,
  0xa3ebde13,0xa3ec461f,0xa3ee2fd5,0xa3eecaec,0xa3ef1000,0xa3efc00d,0xa3f1662a,0xa3f5b865,0xa3f63be4,0xa3f773e1,0xa3f882d6,0xa3fcba30,
  0xa3fcf901,0xa404cf7f,0xa40565b2,0xa406d041,0xa40a626e,0xa40b9e92,0xa40c56f4,0xa410ebfe,0xa4110320,0xa4123e0e,0xa4173283,0xa417d710,
  0xa418371c,0xa41accc8,0xa41adb38,0xa41be964,0xa41de3e3,0xa41e9a1c,0xa42079d3,0xa420be5a,0xa42208d2,0xa422768a,0xa4237d7d,0xa423d7e7,
  0xa424d968,0xa4261cdd,0xa4284c99,0xa429dd6e,0xa42a9d58,0xa42b3591,0xa42d9fe9,0xa42e1be3,0xa42e5c0a,0xa42f3ba4,0xa42f4c7d,0xa431da94,
  0xa4347ff0,0xa43ba74f,0xa43c3e01,0xa43d7703,0xa43fcb2d,0xa440c954,0xa442bc47,0xa4454b00,0xa4464d8a,0xa44690d3,0xa4472ed7,0xa44822a6,
  0xa44844cd,0xa44ceab1,0xa44f0c53,0xa44feeb2,0xa450118a,0xa45288ad,0xa452afd5,0xa4534299,0xa453dfdf,0xa4549755,0xa4556a37,0xa456acf8,
  0xa456b603,0xa459364e,0xa45a0c04,0xa45fae85,0xa4612c63,0xa4620dfd,0xa463729b,0xa46884f8,0xa469fef7,0xa46b1c76,0xa46bf6f7,0xa46c2174,
  0xa46c85ea,0xa46cd69d,0xa4700dec,0xa470c2d4,0xa4738484,0xa473db0f,0xa4746151,0xa474cf6e,0xa4751255,0xa4763c3f,0xa47759c9,0xa4781276,
  0xa47aeecd,0xa47f583b,0xa47f5cd1,0xa47ff200,0xa4839405,0xa4853ef3,0xa4868700,0xa4874ae1,0xa4887298,0xa488d087,0xa48bc319,0xa48ef699,
  0xa4923318,0xa4946bae,0xa4977471,0xa49866d1,0xa49dfa48,0xa4ab898f,0xa4af7c9e,0xa4afab32,0xa4b06405,0xa4b31c16,0xa4bccf27,0xa4bf06af,
  0xa4c067e1,0xa4c1a965,0xa4c4e06e,0xa4c71882,0xa4c7de15,0xa4c8fcd9,0xa4ca544e,0xa4cbcead,0xa4cc5141,0xa4d224bb,0xa4d411a3,0xa4d4bcc1,
  0xa4d70010,0xa4d7eed1,0xa4db25a7,0xa4de06c0,0xa4e38fff,0xa4e64fa2,0xa4e6d3ff,0xa4e7276a,0xa4eb4bd1,0xa4edd2c2,0xa4ee9fd9,0xa4eeab06,
  0xa4f25768,0xa4f3f624,0xa4f61464,0xa4f614b6,0xa4f68db5,0xa4f99f72,0xa4fb8014,0xa4fd30da,0xa4fdb991,0xa4ff8893,0xa5000c2a,0xa501bbe1,
  0xa5034e8b,0xa5047080,0xa5085de1,0xa5094940,0xa50a351d,0xa50c3ee8,0xa50ce0f5,0xa50d7b0f,0xa51187c9,0xa5122247,0xa5136c25,0xa513db16,
  0xa515cb53,0xa515cb7b,0xa516647d,0xa516d29f,0xa5178732,0xa51819d6,0xa51889ce,0xa5196cae,0xa519a5cf,0xa51c3f00,0xa51c6515,0xa51d979c,
  0xa5209e90,0xa521249b,0xa521baf7,0xa5247bf3,0xa5251f06,0xa5281b84,0xa528ef50,0xa529ca0f,0xa52c2ec4,0xa52df373,0xa52e7773,0xa52ed010,
  0xa5308232,0xa53368e4,0xa53635e7,0xa538b592,0xa5392bbd,0xa53bdf36,0xa53c0002,0xa5418057,0xa542ecff,0xa543a705,0xa5469a83,0xa5478d64,
  0xa548bb5c,0xa54ae60f,0xa54c7c4a,0xa54ccea5,0xa54ceb4a,0xa54e1c6a,0xa54ed4c5,0xa54fb1d9,0xa5509d6a,0xa550ab35,0xa5520de7,0xa552a808,
  0xa5558efd,0xa556872f,0xa557ecd6,0xa55b7624,0xa55d7fc8,0xa55e9436,0xa5603145,0xa56acd06,0xa56bad27,0xa5704884,0xa5768f5d,0xa578a0d2,
  0xa57cbf46,0xa580cf2d,0xa582d51c,0xa583d991,0xa58434b4,0xa5850405,0xa5850540,0xa585d551,0xa58610ca,0xa587163b,0xa587d7fe,0xa589bd8e,
  0xa58a08e7,0xa58a24b0,0xa58b094f,0xa58d104c,0xa58d6edf,0xa58d8dfd,0xa590e6b0,0xa5929e61,0xa5948185,0xa595faf8,0xa5973a7a,0xa59a4363,
  0xa59d1d48,0xa59d3965,0xa59d5660,0xa59eb16f,0xa59f88be,0xa5a11cb2,0xa5a22e8c,0xa5a61826,0xa5a63141,0xa5a88e5f,0xa5a94e64,0xa5aa19ee,
  0xa5aaf649,0xa5ad3479,0xa5b03879,0xa5b0583c,0xa5b110ff,0xa5b14461,0xa5b14f8c,0xa5b249be,0xa5b40b8b,0xa5b460ae,0xa5b4b4d0,0xa5b59023,
  0xa5b5b54d,0xa5b9439d,0xa5baeaf8,0xa5c5fd1c,0xa5c68b33,0xa5c6f3c6,0xa5c727a7,0xa5c79d2e,0xa5c83461,0xa5c8e579,0xa5c921e6,0xa5c9c2cf,
  0xa5cabc0d,0xa5cae358,0xa5cb8cbc,0xa5ce579f,0xa5cec64e,0xa5cf3f98,0xa5d39ea5,0xa5d4769d,0xa5d6c027,0xa5d6e703,0xa5d706fe,0xa5d7bfcf,
  0xa5d8966c,0xa5d8a558,0xa5d8dc58,0xa5d93c60,0xa5d9bac8,0xa5d9dea7,0xa5dafbc2,0xa5dbcf00,0xa5dd3d1c,0xa5dd56b9,0xa5dd67fa,0xa5df21fa,
  0xa5e1597f,0xa5e15d9f,0xa5e1a7de,0xa5e24582,0xa5e452c9,0xa5e57682,0xa5e78d33,0xa5e7dac3,0xa5e8fa99,0xa5ed63e1,0xa5efeb9e,0xa5f1017c,
  0xa5f154a8,0xa5f2905e,0xa5f2cfb3,0xa5f3b4f4,0xa5f61dbd,0xa5f83634,0xa5fa697c,0xa5fb2316,0xa5fc715a,0xa5feb90b,0xa5ffddf4,0xa6008225,
  0xa6013923,0xa603ebf4,0xa6051329,0xa60773a9,0xa6077b08,0xa60bbcdf,0xa610c2d4,0xa6119280,0xa61201b4,0xa612d1e4,0xa6171b21,0xa61a3263,
  0xa61b962b,0xa61bdbd2,0xa61feeeb,0xa62310c7,0xa62a4d68,0xa62a67c0,0xa62a7c68,0xa62fc838,0xa637137e,0xa63724eb,0xa6386138,0xa63a5ce3,
  0xa63d140b,0xa63e53db,0xa63e8c7c,0xa63ec950,0xa63fdb65,0xa640b6aa,0xa6414ce8,0xa6423e39,0xa642a571,0xa642ffa1,0xa643d921,0xa645f8e2,
  0xa6464289,0xa6479c73,0xa6483b25,0xa649d0e8,0xa650407b,0xa651bae8,0xa652d270,0xa6539772,0xa654470f,0xa65457f8,0xa654c6e4,0xa6558a71,
  0xa658682a,0xa659dc1b,0xa65a6475,0xa65e40ff,0xa65eeb24,0xa65ff372,0xa664fc78,0xa6691086,0xa66a62cf,0xa66b365b,0xa66baa5f,0xa66c21c8,
  0xa66ecc21,0xa66ee85f,0xa670fee6,0xa674c820,0xa6760108,0xa677d2a4,0xa678a114,0xa67aaf20,0xa67ac6d3,0xa67aeabf,0xa67e72b2,0xa681f50d,
  0xa682430f,0xa6825eee,0xa6845f80,0xa68480aa,0xa68484f7,0xa686adbb,0xa687aa01,0xa687ab75,0xa6886477,0xa68bf4c7,0xa68e5cbd,0xa68ec055,
  0xa694c2b2,0xa695de40,0xa69ac01d,0xa69cc2a3,0xa69ea976,0xa69f1402,0xa69f3d29,0xa69f47c0,0xa6a146aa,0xa6a24f44,0xa6a264a4,0xa6a3dfd0,
  0xa6a544a9,0xa6aa7fb7,0xa6b05175,0xa6b08a12,0xa6b36f2d,0xa6b42042,0xa6b47418,0xa6b4f46a,0xa6b53c7b,0xa6b6d12f,0xa6b6fb15,0xa6b9b34f,
  0xa6bbb2ec,0xa6bd3eb8,0xa6bf097a,0xa6c107b7,0xa6c1e0f9,0xa6c3f179,0xa6c75be0,0xa6cadbd0,0xa6cb16f2,0xa6d22e4f,0xa6d27ac9,0xa6d2bdc6,
  0xa6d31fae,0xa6d45e08,0xa6d502c4,0xa6d6514b,0xa6d6bec4,0xa6d7d2d2,0xa6d83f93,0xa6d99316,0xa6db558e,0xa6dcc843,0xa6df87ab,0xa6dfddeb,
  0xa6e0045b,0xa6e24d93,0xa6e4ae0a,0xa6e4ccf2,0xa6e5313b,0xa6ea8e2f,0xa6eac8ab,0xa6eaf14a,0xa6ebaa98,0xa6ebba6c,0xa6ed844d,0xa6ee5086,
  0xa6ef6872,0xa6efbf74,0xa6f0a5cb,0xa6f25905,0xa6f382e6,0xa6f3fbc9,0xa6f4f49d,0xa6f68741,0xa6f71a73,0xa6fb59ff,0xa6ffa215,0xa706d6a4,
  0xa707bbcf,0xa708802f,0xa70b00f9,0xa70be25f,0xa70ea8a5,0xa70f88f2,0xa70f9581,0xa7124bef,0xa712c6db,0xa712e546,0xa713bab5,0xa71502f9,
  0xa717dd57,0xa71866f5,0xa71e7e1b,0xa7216ae4,0xa7259ffd,0xa72e5ba1,0xa7300e85,0xa730615d,0xa732ba48,0xa733544c,0xa733cd22,0xa7341f91,
  0xa735934a,0xa73a2595,0xa73b5817,0xa73d2c28,0xa73e2b77,0xa73ebf44,0xa740a9d4,0xa7411ed8,0xa7428870,0xa7433c63,0xa743d512,0xa74674d4,
  0xa74ab7e4,0xa74b62df,0xa74cd592,0xa74f46cf,0xa74f85c3,0xa751f3a2,0xa752d904,0xa7546d4e,0xa756e09c,0xa756edf5,0xa75a5b40,0xa75d3e18,
  0xa75f43d5,0xa763efee,0xa7657032,0xa765ca88,0xa76677a3,0xa766b6be,0xa7670acd,0xa769f8fd,0xa76b8a21,0xa76bb932,0xa76ee184,0xa76f1a9b,
  0xa76f3689,0xa7707a78,0xa77141c0,0xa771d6df,0xa772b128,0xa772b99b,0xa774755f,0xa776c656,0xa779a97c,0xa77f9239,0xa780cf85,0xa781ec8c,
  0xa782e874,0xa7832e47,0xa7856936,0xa7885fe8,0xa78874a4,0xa7890ac1,0xa78990b0,0xa78a80ad,0xa78b7098,0xa78d3cf7,0xa78ed170,0xa78f6f4d,
  0xa799474c,0xa79a966f,0xa79d0d69,0xa7a053ab,0xa7a29ca7,0xa7a317e7,0xa7a9763c,0xa7af62ed,0xa7b0ced2,0xa7b0e63b,0xa7b21f3c,0xa7b26d0c,
  0xa7b3a9b2,0xa7b3b3c3,0xa7b58ca9,0xa7b69938,0xa7b9765e,0xa7bb4508,0xa7bb8b79,0xa7bddaae,0xa7bebb9a,0xa7c09c07,0xa7c11009,0xa7c33cf7,
  0xa7c6582f,0xa7c8a7d4,0xa7d03b03,0xa7d043b0,0xa7d4d39c,0xa7da71bb,0xa7dad547,0xa7ddbd39,0xa7ded0de,0xa7df4a6c,0xa7e0b227,0xa7e35cbf,
  0xa7e45e30,0xa7e5a842,0xa7e5b93f,0xa7e883c5,0xa7ea2006,0xa7eb482b,0xa7ec8155,0xa7eed4a0,0xa7eedb99,0xa7f166f5,0xa7f64b45,0xa7f69a31,
  0xa800819e,0xa800aa00,0xa800f1bd,0xa8018eb8,0xa8019235,0xa801ae79,0xa804926d,0xa8062977,0xa806e606,0xa80ddc34,0xa80dfa90,0xa80ea2d3,
  0xa80eabfa,0xa810a01e,0xa8117438,0xa8137c68,0xa813dd5f,0xa8153b0d,0xa81561d6,0xa81620ff,0xa816d8d6,0xa81838b9,0xa8193390,0xa8193607,
  0xa8195309,0xa819552b,0xa8199039,0xa81a49dd,0xa81f59cd,0xa81f66c2,0xa8203756,0xa8262377,0xa8270be0,0xa82882bd,0xa8293579,0xa829a4a0,
  0xa829e8bc,0xa82cfeec,0xa82e0f6e,0xa8300433,0xa8308588,0xa8327583,0xa834f613,0xa8364335,0xa838e7db,0xa83ac239,0xa83b4fde,0xa83c29a0,
  0xa83d6b2d,0xa83df22c,0xa83f58b8,0xa8418d50,0xa842faa0,0xa843cb24,0xa8441562,0xa8453a8f,0xa84728c8,0xa8472ff4,0xa8493a27,0xa84a4f8e,
  0xa84efbee,0xa8513e56,0xa851a79d,0xa851a8cf,0xa852fb60,0xa85310d3,0xa853d579,0xa8545297,0xa8563f63,0xa8569468,0xa8570fcd,0xa859a9ca,
  0xa85ad497,0xa85d38f2,0xa85efab6,0xa86043af,0xa8611794,0xa861e57e,0xa8640e1a,0xa86473d3,0xa864bca7,0xa8670a21,0xa868e90a,0xa86fa5ec,
  0xa872cf4a,0xa872dcaa,0xa87444d7,0xa874a25b,0xa875d95e,0xa875e418,0xa8765d8c,0xa87a02c9,0xa8846818,0xa884ca6c,0xa884f556,0xa88500e4,
  0xa8867dcf,0xa887aaf2,0xa888bd10,0xa88ae112,0xa88c3b6c,0xa88cbe91,0xa88d5cdc,0xa88da04b,0xa8921ab0,0xa8943861,0xa895d482,0xa897cc47,
  0xa8995397,0xa89bda76,0xa89c2fd2,0xa89c48bb,0xa89ea4a6,0xa89eaaae,0xa8a123ae,0xa8a36ac1,0xa8a3d36d,0xa8a50728,0xa8a51e93,0xa8a646bd,
  0xa8a8f891,0xa8aa8b98,0xa8aceb3a,0xa8b7ec28,0xa8ba6089,0xa8bee9e8,0xa8c18b6f,0xa8c41c84,0xa8c8fc02,0xa8cc36e9,0xa8ce8892,0xa8cf4348,
  0xa8cfaf42,0xa8d3a746,0xa8d3ad53,0xa8d50bed,0xa8d8b7ce,0xa8da50ed,0xa8dab05a,0xa8dad94b,0xa8dcf173,0xa8dec8bd,0xa8df4009,0xa8e08152,
  0xa8e1fae2,0xa8e25714,0xa8e42dc6,0xa8e4a5cd,0xa8e5dd43,0xa8e83051,0xa8eba048,0xa8ebe450,0xa8ec4868,0xa8ecef30,0xa8ee02ea,0xa8eed224,
  0xa8f0a3d2,0xa8f12ec4,0xa8f27224,0xa8f367b3,0xa8f3b805,0xa8f642a7,0xa8f81418,0xa8f860a7,0xa8f8e0a8,0xa8fb412a,0xa8fb439b,0xa8fb92c4,
  0xa8fd0439,0xa8fe10d8,0xa8ffd3da,0xa901ac54,0xa903d197,0xa9067caa,0xa909c4ab,0xa90a4ddc,0xa90a5ed3,0xa90c92e7,0xa90dcf32,0xa9103c1e,
  0xa913824c,0xa91440d8,0xa9189940,0xa91d2d79,0xa91db0fb,0xa91e941c,0xa91ffa92,0xa92119bf,0xa9220d24,0xa9225d95,0xa9226a3e,0xa922d40f,
  0xa9235ca8,0xa9261af0,0xa926ba19,0xa9285b86,0xa92a595e,0xa92ab1fe,0xa92b8e3a,0xa92c8837,0xa92d47e2,0xa92e9904,0xa9309f64,0xa931a147,
  0xa939cb91,0xa93ac4b2,0xa93bfc04,0xa93c7083,0xa93ce0db,0xa93d419d,0xa93e0db3,0xa93f6170,0xa93fb33b,0xa943fbba,0xa9464345,0xa9485a3b,
  0xa949dcd3,0xa94c0cc6,0xa94c6136,0xa94cf73c,0xa94f3852,0xa9500862,0xa952582b,0xa9525d18,0xa952c70c,0xa953532a,0xa9587bb8,0xa959f513,
  0xa959f71a,0xa95b3090,0xa95bb5c9,0xa95d905c,0xa95f7618,0xa9613fba,0xa9643db9,0xa96506e5,0xa96609a9,0xa966bffe,0xa96919e5,0xa96e0336,
  0xa96f6967,0xa96feed5,0xa972e658,0xa97348c9,0xa974e23f,0xa975d95f,0xa976518c,0xa976c2ee,0xa978fa20,0xa97929ad,0xa97a7e66,0xa97abc78,
  0xa9804de1,0xa98239fc,0xa982b3ec,0xa983c0cf,0xa984b72b,0xa9855404,0xa985c1d5,0xa9879f48,0xa988873c,0xa98a5585,0xa98ab0d3,0xa98ae166,
  0xa98cbdb5,0xa98d89cf,0xa99468ff,0xa99529c7,0xa995a786,0xa9973482,0xa99868ad,0xa99c1214,0xa99cb877,0xa99d2446,0xa99d6141,0xa99d70a9,
  0xa9a0a319,0xa9a15e5b,0xa9a35db3,0xa9a4eb9b,0xa9a55e4e,0xa9a6eeee,0xa9a733bf,0xa9a90f86,0xa9af9915,0xa9b4478a,0xa9b4efeb,0xa9b5b9f3,
  0xa9b666eb,0xa9b6fe01,0xa9b7d6b9,0xa9b8e6d1,0xa9b9ea34,0xa9bc4edd,0xa9bc9141,0xa9bccc3c,0xa9bd5d44,0xa9be412a,0xa9c022c4,0xa9c100bb,
  0xa9c1b489,0xa9c264ad,0xa9c57ba7,0xa9c99123,0xa9cae9f9,0xa9cb4e01,0xa9cc1627,0xa9cc6a46,0xa9cf2c76,0xa9d1a885,0xa9d1b8b8,0xa9d6cd41,
  0xa9d877bc,0xa9d9508a,0xa9dac5f5,0xa9e0b6bd,0xa9e0f094,0xa9e1b9fd,0xa9e29abb,0xa9e39443,0xa9e5c896,0xa9e61068,0xa9e7c571,0xa9e82f58,
  0xa9e93ade,0xa9e95c88,0xa9e96fb3,0xa9eeb4cb,0xa9f04f1f,0xa9f1e577,0xa9f2e657,0xa9f33842,0xa9f364fc,0xa9f418ad,0xa9f4cefc,0xa9f58544,
  0xa9f7767d,0xa9f7e6f5,0xa9f93e0d,0xa9fb7ad5,0xa9fffc71,0xaa016763,0xaa0216cc,0xaa02ab79,0xaa07cf42,0xaa081e78,0xaa084816,0xaa097fba,
  0xaa0b14bd,0xaa0bd2a9,0xaa0d781e,0xaa0dfb8f,0xaa112258,0xaa116be9,0xaa14ab0a,0xaa15630c,0xaa1a1686,0xaa1ce428,0xaa1dab2c,0xaa1f3029,
  0xaa1fecf6,0xaa22549d,0xaa24c7d7,0xaa27210b,0xaa29231f,0xaa299c8a,0xaa29bde7,0xaa2c4ee4,0xaa3499da,0xaa392bea,0xaa3977c0,0xaa3ad605,
  0xaa3b474c,0xaa3ba37d,0xaa3c30ee,0xaa3f1c13,0xaa3f6c9a,0xaa419400,0xaa41ac39,0xaa457db7,0xaa45aac4,0xaa471c6e,0xaa473a66,0xaa4f40ab,
  0xaa4f494a,0xaa4f760e,0xaa504bef,0xaa5165a9,0xaa518fe4,0xaa51eaea,0xaa527042,0xaa52ca44,0xaa52d879,0xaa568ce6,0xaa56b781,0xaa572193,
  0xaa5979dc,0xaa5db179,0xaa5dee3f,0xaa6308d8,0xaa634a6a,0xaa672c11,0xaa675909,0xaa6e3009,0xaa6eca67,0xaa6f4842,0xaa724e61,0xaa729333,
  0xaa7555e7,0xaa76741d,0xaa778c0d,0xaa7ac7a9,0xaa7b53c6,0xaa7c9171,0xaa7ca1de,0xaa7d0ff8,0xaa7f8cb0,0xaa831b69,0xaa83d99f,0xaa84214c,
  0xaa874ebb,0xaa88286d,0xaa895499,0xaa8f2ed9,0xaa9301da,0xaa97815d,0xaa993ebb,0xaa9aadff,0xaa9d7069,0xaa9e0bc8,0xaa9ea2f3,0xaaa41197,
  0xaaa8a82b,0xaaa9c29a,0xaaa9d6b2,0xaaab1ea0,0xaaade1d5,0xaaae473b,0xaaae660c,0xaaae8e59,0xaab0af60,0xaab41993,0xaab4e031,0xaab7f7da,
  0xaab8cd0d,0xaab93c5f,0xaab9a82c,0xaabc5489,0xaabcf612,0xaac01095,0xaac18206,0xaac2ebc2,0xaac60aff,0xaac61de8,0xaac6a41a,0xaac80194,
  0xaacc77d5,0xaace206f,0xaad82014,0xaad980cd,0xaad9b3a5,0xaad9fea3,0xaadc6bc0,0xaade2520,0xaadef8e7,0xaae084af,0xaae0a4ca,0xaae0aba8,
  0xaae0bf4e,0xaae2d6e8,0xaae49c74,0xaae70e13,0xaae7cb4d,0xaae9097a,0xaaeb60b1,0xaaecf2cd,0xaaee1de8,0xaaf14c1a,0xaaf2433f,0xaaf414ef,
  0xaaf57b08,0xaaf6f96a,0xaaf99601,0xaaf9fd27,0xaafa0b3d,0xaafec871,0xaaff2759,0xab000129,0xab01fba6,0xab039dd9,0xab05a22b,0xab089004,
  0xab0bb5a2,0xab0ea909,0xab0f0c28,0xab0f1800,0xab0f4baa,0xab1045a9,0xab106c19,0xab11ec33,0xab192e5c,0xab1a56ea,0xab1c09c6,0xab1eb587,
  0xab1f5914,0xab2052dd,0xab221da3,0xab2306bf,0xab235935,0xab23dace,0xab2469ac,0xab271d32,0xab2a2eb6,0xab2eda4d,0xab2ef7fa,0xab2f8bdb,
  0xab2f9c1f,0xab3263d4,0xab32e63a,0xab33f74e,0xab38be85,0xab434b25,0xab44d16a,0xab459bc2,0xab475008,0xab4881e7,0xab498945,0xab4accd3,
  0xab4b30ca,0xab4b93d0,0xab4bb772,0xab500472,0xab504a40,0xab507052,0xab5455b5,0xab557fbe,0xab566f25,0xab569d8a,0xab5796ed,0xab57d9bc,
  0xab5b8cd5,0xab5f03f1,0xab5f9b50,0xab62e1c3,0xab6354fd,0xab664278,0xab6650ad,0xab6729ec,0xab6a612d,0xab6cf9a6,0xab7084ba,0xab71a97e,
  0xab71d859,0xab74ffa5,0xab752ef2,0xab7d5c91,0xab7d779f,0xab7d8799,0xab8029c7,0xab80846b,0xab80f173,0xab81696b,0xab8171d3,0xab81bd44,
  0xab886f7c,0xab891eb9,0xab89b998,0xab8ef4ae,0xab9060f8,0xab90722e,0xab9266e4,0xab961aad,0xab96eb23,0xab9781f5,0xab99a68f,0xab9a239c,
  0xab9a64c4,0xab9c2350,0xab9cd9e3,0xab9db32b,0xab9fa1e1,0xaba3d123,0xaba4cc49,0xaba84940,0xaba8b969,0xabae8a7d,0xabb0f540,0xabb1c8f3,
  0xabb398b5,0xabb39cc7,0xabb51aac,0xabb51c2a,0xabb5be31,0xabb78423,0xabb9dd09,0xabbd5edb,0xabc34422,0xabc582ce,0xabc5dbab,0xabc6856c,
  0xabc70c5b,0xabc731fa,0xabc7ebd2,0xabc8a2d1,0xabc90fd0,0xabc99ebf,0xabcabee8,0xabcba56c,0xabcceba7,0xabcdf139,0xabcf7ce4,0xabd2c710,
  0xabd73a0b,0xabd872b9,0xabddbb1a,0xabde8c3d,0xabe11b54,0xabe135e5,0xabe3636c,0xabe3efbc,0xabe44629,0xabe4dd75,0xabe79e56,0xabe93270,
  0xabea7d64,0xabebb8c1,0xabed26fb,0xabed3bb0,0xabef40ac,0xabef966d,0xabef9901,0xabf08bf2,0xabf09ec1,0xabf1e42c,0xabf2eaf5,0xabf3dd85,
  0xabf5cf95,0xabf62627,0xabf644dd,0xabf88053,0xabfabed3,0xabffb18d,0xabffdc61,0xac00e65d,0xac03d711,0xac044ed7,0xac053cd4,0xac0644a6,
  0xac07b3c6,0xac08c341,0xac08d5c0,0xac0b1a83,0xac0b42e5,0xac0d2900,0xac0d761e,0xac0ed15d,0xac0f7465,0xac0f7942,0xac0feb7c,0xac1003ab,
  0xac10ff19,0xac174479,0xac17b750,0xac1abfa5,0xac1ac011,0xac1d9d56,0xac216f8e,0xac225ebe,0xac257584,0xac2596f1,0xac25ac57,0xac27dd96,
  0xac2f66b1,0xac307702,0xac30b366,0xac324b16,0xac341330,0xac34bec8,0xac359ee3,0xac3ca690,0xac3ea462,0xac3ed05e,0xac3edfd1,0xac3fcd1c,
  0xac42e857,0xac4319aa,0xac43c97f,0xac46a5da,0xac493150,0xac4ac033,0xac4e8c7d,0xac4f2314,0xac4fa539,0xac509f99,0xac52c205,0xac571c85,
  0xac587e0b,0xac5ae36a,0xac5bd084,0xac5bff70,0xac5c522f,0xac5d7309,0xac5f8e61,0xac64ba18,0xac650ce3,0xac652074,0xac653207,0xac6afa5d,
  0xac6bfdc9,0xac6d4e61,0xac6e18df,0xac6e69a7,0xac7067c6,0xac71718e,0xac7298b7,0xac73d6c1,0xac748999,0xac75682e,0xac783755,0xac7c02e4,
  0xac7f7be2,0xac7fa499,0xac82bc51,0xac836301,0xac88cfbd,0xac8d3332,0xac931388,0xac9585dc,0xac970772,0xac980e05,0xac99fbd1,0xac9db138,
  0xac9f5d80,0xac9f6931,0xac9fe6c8,0xaca00f17,0xaca20e3a,0xaca2afd1,0xaca46ea1,0xacaad741,0xacabcf9d,0xacadbd38,0xacb304f2,0xacb56a8f,
  0xacb5a2c8,0xacb5ed72,0xacb7fe40,0xacb9108f,0xacbdd411,0xacbe2a09,0xacbe7bc2,0xacbefc14,0xacbf22d1,0xacbf242b,0xacc0ebd5,0xacc16826,
  0xacc5f3ce,0xacc675d0,0xacc7732d,0xacc892ea,0xaccc9d87,0xaccd404a,0xaccec1c3,0xacced9ce,0xaccf5615,0xacd0444f,0xacd0aa9f,0xacd218df,
  0xacd4580a,0xacd45a16,0xacd4d5db,0xacd71e82,0xacd7fc17,0xacda7ba8,0xacdbde49,0xacdcfa4d,0xace04fd4,0xace2aae3,0xace36be9,0xaceb5374,
  0xaceec3cb,0xaceff436,0xacf101c5,0xacf18088,0xacf2bcbd,0xacf37895,0xacf60a88,0xacf718fa,0xacfb3c3c,0xacfcd461,0xacfe522f,0xacfe962e,
  0xacfea0e8,0xacff406c,0xacff7112,0xad008cd6,0xad033516,0xad03ffa4,0xad045428,0xad053074,0xad069562,0xad06b8b0,0xad06c620,0xad0702fd,
  0xad088736,0xad099a19,0xad0b29ba,0xad0c1427,0xad0dfb0c,0xad0e2bc7,0xad1101e9,0xad16a7ba,0xad19cf1a,0xad1a5f40,0xad1bf935,0xad1d1704,
  0xad214855,0xad22dea9,0xad279c12,0xad283b99,0xad292983,0xad29429a,0xad295870,0xad2b89d0,0xad2c1563,0xad349ce9,0xad37b23e,0xad38511e,
  0xad396bf6,0xad39eb9f,0xad3b6654,0xad3bc4d2,0xad3f629d,0xad4026f6,0xad40e87f,0xad42e148,0xad43ce86,0xad4658db,0xad46d3dc,0xad476c8d,
  0xad480c9a,0xad486767,0xad492c33,0xad4a4b6a,0xad4d0fbb,0xad521793,0xad55693d,0xad55cb19,0xad566992,0xad56b3e5,0xad56c546,0xad57d8c3,
  0xad5b3580,0xad5e915f,0xad5f245a,0xad5fb820,0xad5fbdf7,0xad613357,0xad61e199,0xad621996,0xad65bca5,0xad68e27b,0xad692536,0xad6df516,
  0xad6df672,0xad71494d,0xad73e500,0xad74cd5d,0xad753411,0xad775df1,0xad78dba3,0xad78df35,0xad78e359,0xad798954,0xad79ea79,0xad7b8e3e,
  0xad7bdeed,0xad7c5f74,0xad7ea211,0xad7f6ae2,0xad7ffcf9,0xad80b8c9,0xad80ce9c,0xad80d44f,0xad81367e,0xad83ecec,0xad840352,0xad840d81,
  0xad841514,0xad86e92c,0xad875b39,0xad87b540,0xad8a8305,0xad8bfa3c,0xad8e5bfc,0xad901da7,0xad91145b,0xad9123ed,0xad9155f4,0xad94289e,
  0xad953aa6,0xad957d0d,0xad95eaf2,0xad96030f,0xad98e941,0xad9919c9,0xad9a77a7,0xad9d67a8,0xad9f8708,0xada1c3be,0xada2f0f5,0xada59f4c,
  0xada962db,0xadaa30db,0xadaccb03,0xadb0fe38,0xadb0ffd1,0xadb1a536,0xadb30f8b,0xadb7950c,0xadb7bc10,0xadb87f3e,0xadb88170,0xadba09fe,
  0xadbc08eb,0xadbc5a6f,0xadbe76b7,0xadc0b4a3,0xadc20dd8,0xadc24191,0xadc28be4,0xadc3492a,0xadc3c043,0xadc6a594,0xadc6b86f,0xadc93657,
  0xadcc2e18,0xadcc7766,0xadcd1940,0xadce03b8,0xadd4c244,0xadd601c8,0xadd60503,0xadd60ed8,0xadd735fa,0xadd8ce82,0xadd8db02,0xadde75f1,
  0xaddf359a,0xaddf5d3c,0xade08d8a,0xade6b4ba,0xade810bb,0xade8ee89,0xadf0c37e,0xadf34344,0xadf3913b,0xadf43dfd,0xadf52ff6,0xadf58504,
  0xadf8e844,0xadfb8903,0xadff19d7,0xae009080,0xae0160d5,0xae01f1cd,0xae03bd0f,0xae041966,0xae07d8c7,0xae099e9d,0xae0ce4d2,0xae0d8673,
  0xae0da664,0xae0de42b,0xae0e1e02,0xae0eb467,0xae0f0e3f,0xae10e51a,0xae11a794,0xae12bb7f,0xae1331e3,0xae14ea05,0xae173dee,0xae18e426,
  0xae193afd,0xae1d81bc,0xae213cf4,0xae2314a7,0xae23eb0d,0xae247da4,0xae25d5a9,0xae286b58,0xae2a2464,0xae2a6908,0xae2e87d6,0xae3159dc,
  0xae320463,0xae328f9d,0xae331319,0xae37942d,0xae3a0987,0xae3f99bf,0xae429445,0xae433e50,0xae44a9a6,0xae464bbe,0xae4b0ae2,0xae4b7255,
  0xae4b7a9f,0xae4be32b,0xae4d8fdc,0xae4df5f9,0xae4f4074,0xae565ef8,0xae57b430,0xae57ee24,0xae5880b3,0xae588c59,0xae58de68,0xae5995f5,
  0xae5a6c78,0xae5e047c,0xae605273,0xae647843,0xae64a256,0xae659d03,0xae6659b8,0xae673ac0,0xae676c87,0xae6a515c,0xae6bc415,0xae6becd1,
  0xae6c898c,0xae6c9e31,0xae6d8d6e,0xae6ddb77,0xae70529d,0xae70bab3,0xae75c8fd,0xae7685fc,0xae7a28b0,0xae7bffa2,0xae7ebc6a,0xae7fe7df,
  0xae804d8c,0xae811aa7,0xae812d30,0xae81b477,0xae81cd5c,0xae821ecd,0xae84a5b5,0xae84d531,0xae87a531,0xae8bada3,0xae8cc315,0xae8e72ff,
  0xae90c2e9,0xae91b119,0xae920f2c,0xae93d98f,0xae96c6db,0xae984ed0,0xae98795d,0xae98f1e6,0xae99f810,0xae9a4983,0xae9aa89e,0xae9acb3f,
  0xae9b968a,0xae9c7060,0xae9dafe4,0xae9e21aa,0xae9ea530,0xae9f1f40,0xae9fe6fe,0xaea1255a,0xaea225e9,0xaea2b391,0xaea2e076,0xaea34baa,
  0xaea77eab,0xaea8af4f,0xaea9246f,0xaea9cdc0,0xaeab768e,0xaeab9085,0xaeadb885,0xaeaf49c5,0xaeaf95af,0xaeb06c74,0xaeb15d6f,0xaeb4cf06,
  0xaeb53c25,0xaeb6f03f,0xaeb71b67,0xaeb8d81e,0xaebab9c9,0xaebb1727,0xaebdc6fb,0xaebde1e3,0xaebe7462,0xaec41795,0xaec4ac54,0xaec4f72c,
  0xaec80705,0xaecd74c8,0xaece3070,0xaece54a0,0xaecef826,0xaecfbf9d,0xaed196f3,0xaed2e347,0xaed32b9a,0xaed3e628,0xaed4373e,0xaed60b4b,
  0xaed6881b,0xaed69c5b,0xaed6d456,0xaed76701,0xaee07a23,0xaee8247d,0xaee89ae9,0xaef24ecd,0xaef792ce,0xaef85f81,0xaefa3a32,0xaefb5705,
  0xaefb8c67,0xaefbef61,0xaefe7f19,0xaf005883,0xaf00c2f1,0xaf00cfce,0xaf028358,0xaf02e531,0xaf03fcac,0xaf06db76,0xaf06f891,0xaf0d061e,
  0xaf0e6416,0xaf0ea8f9,0xaf0f0bff,0xaf0f2a2c,0xaf0fb930,0xaf0fba9c,0xaf0fe631,0xaf13e4ba,0xaf140b5c,0xaf148b62,0xaf14bfe4,0xaf1572fc,
  0xaf162097,0xaf18cc4e,0xaf18dad1,0xaf18e802,0xaf193c15,0xaf19e812,0xaf1a1733,0xaf1a916b,0xaf1d6cac,0xaf1e4e9c,0xaf212cac,0xaf214e8b,
  0xaf21bad7,0xaf23ff2a,0xaf2497e7,0xaf250fc6,0xaf257123,0xaf27339a,0xaf274aba,0xaf2927ea,0xaf2ddb4f,0xaf2e51dd,0xaf2edc9a,0xaf2f7dec,
  0xaf325168,0xaf33ffb0,0xaf34a0b9,0xaf35a7a9,0xaf3a2878,0xaf3adc48,0xaf3bb7ea,0xaf3d3a7d,0xaf3d884b,0xaf3eea54,0xaf410aba,0xaf426d40,
  0xaf42c24a,0xaf42e39e,0xaf42fe6d,0xaf44921b,0xaf451c3e,0xaf45e3a5,0xaf45e831,0xaf473502,0xaf4bdc7f,0xaf4bdead,0xaf4e4b7d,0xaf4e5a74,
  0xaf4e6377,0xaf4eebf1,0xaf53e638,0xaf58997d,0xaf5ac7bd,0xaf5c91c9,0xaf5defe8,0xaf604bfa,0xaf6154da,0xaf647b16,0xaf665e9d,0xaf666534,
  0xaf6828c0,0xaf68f265,0xaf6f5878,0xaf6f905f,0xaf70c513,0xaf72c8d9,0xaf740f18,0xaf74bd23,0xaf75aed4,0xaf76e70b,0xaf7adb4e,0xaf7c40e5,
  0xaf7c7c70,0xaf7ca134,0xaf7e321c,0xaf8034be,0xaf87a886,0xaf8bde24,0xaf8d381d,0xaf8dc071,0xaf908e31,0xaf95335b,0xaf957bc7,0xaf95b577,
  0xaf961356,0xaf970102,0xaf980ff2,0xaf9bce44,0xaf9ce333,0xaf9ce8cf,0xaf9d76a6,0xafa20f9a,0xafa25bdc,0xafa5ce59,0xafa74225,0xafa79c80,
  0xafab31f0,0xafab9829,0xafacbf08,0xafad6a5a,0xafb2bc0b,0xafb756e2,0xafb7821b,0xafb86d9b,0xafbb9de2,0xafbe080f,0xafc2a020,0xafc42451,
  0xafc43d12,0xafc5becf,0xafcac5cb,0xafcad1a1,0xafcbbb4a,0xafcbec68,0xafce9b71,0xafd08e59,0xafd24372,0xafd4c598,0xafd70564,0xafd858bd,
  0xafda666b,0xafdc2f46,0xafdce9d4,0xafdd4945,0xafdf6832,0xafea905b,0xafec4638,0xafecde79,0xafee60af,0xafeeb8ab,0xafef5956,0xaff0471c,
  0xaff1ed4a,0xaff200c5,0xaff24469,0xaff77de4,0xaff97f84,0xaffce136,0xaffd17b2,0xaffedc50,0xb0021571,0xb0034f12,0xb0061844,0xb0075879,
  0xb00a6e13,0xb00b16fb,0xb00e6466,0xb00f19ff,0xb00f7988,0xb0159980,0xb016274b,0xb0174848,0xb017b677,0xb0194e5e,0xb01b5c5a,0xb01e5714,
  0xb023a1d6,0xb023e6fe,0xb026f9ec,0xb0299f2d,0xb029a1a7,0xb029ea05,0xb02a2dfc,0xb02ce060,0xb02d5cae,0xb02e803e,0xb0306b9c,0xb031c272,
  0xb032a6a1,0xb034ae58,0xb0354bbe,0xb035a8b8,0xb036a071,0xb03787cf,0xb03c5abe,0xb03c6081,0xb0411b40,0xb041e2b1,0xb043ac58,0xb0440030,
  0xb04471b4,0xb04500f4,0xb045ebe2,0xb0461641,0xb046913c,0xb04782f5,0xb0522a79,0xb0528ffb,0xb052ee8f,0xb057973a,0xb05acd8d,0xb05ad869,
  0xb05c130d,0xb05ddce2,0xb05f5154,0xb05f7b99,0xb05fefaf,0xb0601e86,0xb060284b,0xb0602b25,0xb062ac63,0xb0634ac7,0xb063d459,0xb066fa16,
  0xb067e5b4,0xb06b1f51,0xb06b6810,0xb06b6f40,0xb06beb80,0xb06c0a0c,0xb06c2276,0xb06c7b3b,0xb06ca045,0xb0751bc6,0xb07541f8,0xb07546d7,
  0xb0765173,0xb077b979,0xb07af03c,0xb07d0da8,0xb07dc7f6,0xb08036fe,0xb08073fa,0xb086d3ef,0xb087c3b9,0xb08aeb67,0xb08c3911,0xb08d0426,
  0xb08f5795,0xb08fc20a,0xb091f4df,0xb0982d96,0xb09846af,0xb098c3e9,0xb09a3bbe,0xb09a547a,0xb09b3a47,0xb09c0283,0xb09d14bf,0xb09ec403,
  0xb09ecef6,0xb09ee758,0xb0a380d6,0xb0a6f9ec,0xb0ac99b4,0xb0ad8b7e,0xb0aec785,0xb0af41ef,0xb0af4ceb,0xb0af9525,0xb0b17a1a,0xb0b2787a,
  0xb0b61e3b,0xb0b634a9,0xb0b729e9,0xb0b96fb8,0xb0ba65ec,0xb0bad297,0xb0c08674,0xb0c227a4,0xb0c3676c,0xb0c53b3c,0xb0c70317,0xb0c9074d,
  0xb0cae24f,0xb0cc191c,0xb0cc6a0f,0xb0cdda92,0xb0cf7ddf,0xb0cf865c,0xb0d01e23,0xb0d0e57e,0xb0d299da,0xb0d39c0c,0xb0d48469,0xb0d63e62,
  0xb0d649a1,0xb0d699ba,0xb0d8a441,0xb0d9c472,0xb0dbbf39,0xb0dcc050,0xb0e52289,0xb0e5278f,0xb0e52fa0,0xb0e63518,0xb0e7c41b,0xb0e8d96b,
  0xb0e9c75b,0xb0eabd0f,0xb0eb565c,0xb0ec0bd4,0xb0ec6e44,0xb0ed868d,0xb0ee44a5,0xb0ef311b,0xb0ef61ab,0xb0ef99fc,0xb0f15740,0xb0f2b913,
  0xb0f39400,0xb0f592b1,0xb0f65e65,0xb0f6679f,0xb0f6fc36,0xb0f778a2,0xb0f7e128,0xb0fc8bd3,0xb0fcb68d,0xb0fd82ac,0xb10290fd,0xb10315d4,
  0xb1046f02,0xb10601ea,0xb106b5e9,0xb1098285,0xb10a3477,0xb10ad8ce,0xb10e2196,0xb113b4c6,0xb113f65b,0xb1144b44,0xb114dbe3,0xb115eb61,
  0xb1172370,0xb11ab948,0xb12176cf,0xb122e9ac,0xb123725b,0xb1260a2e,0xb126c9de,0xb1280eff,0xb1291a1c,0xb130c185,0xb13101d9,0xb133d9ce,
  0xb1345d11,0xb1350da6,0xb13558ff,0xb135b2a0,0xb1368cb9,0xb13742a9,0xb13792ee,0xb138293f,0xb13aa6a4,0xb13baa02,0xb13ceb89,0xb13ed600,
  0xb13eda42,0xb140a095,0xb142554d,0xb1479bdf,0xb149052c,0xb1495f69,0xb14b51f3,0xb14b5e3b,0xb14b6f37,0xb14c7335,0xb14d364e,0xb1509725,
  0xb1539721,0xb15691b5,0xb156d08a,0xb15763d9,0xb15ad3cc,0xb15af30a,0xb15d894a,0xb160a9e9,0xb160f3d5,0xb165035b,0xb165ecec,0xb166feb2,
  0xb1695abf,0xb16b7145,0xb16bdcc5,0xb16f589c,0xb17110f2,0xb1767fea,0xb1790896,0xb17d5cae,0xb17fb53c,0xb182d12b,0xb183579a,0xb184eb07,
  0xb1852a91,0xb1857170,0xb185861f,0xb18838f2,0xb1896e46,0xb18ad89d,0xb18df5e5,0xb19315c8,0xb19400f7,0xb1961610,0xb1962a3b,0xb197be03,
  0xb197d054,0xb199b3bc,0xb199bcbe,0xb19a01e3,0xb19ccc0a,0xb1a0b233,0xb1a14958,0xb1a1dfef,0xb1a2ee3f,0xb1a54285,0xb1a5bb6d,0xb1a5d4e3,
  0xb1a5f9f1,0xb1a81324,0xb1ac0495,0xb1ac0d2c,0xb1b32045,0xb1b79423,0xb1b88202,0xb1b9f181,0xb1badcc8,0xb1bbd0ea,0xb1beadad,0xb1beb2f6,
  0xb1c04f11,0xb1c26834,0xb1c340a4,0xb1c82b24,0xb1c8929b,0xb1cac4ee,0xb1cde511,0xb1d2d340,0xb1d2fe3c,0xb1d5a973,0xb1d5d1df,0xb1d5d853,
  0xb1d5fabb,0xb1d752c3,0xb1d7eb62,0xb1d925e4,0xb1dafa97,0xb1dd06ef,0xb1dd350a,0xb1dd89fd,0xb1e03f23,0xb1e6970b,0xb1e77dac,0xb1e9c9b0,
  0xb1e9de13,0xb1ea1c38,0xb1ed14b9,0xb1ed97af,0xb1eef096,0xb1ef932b,0xb1efa74a,0xb1f1a98c,0xb1f2238b,0xb1f22478,0xb1f339b0,0xb1f598a0,
  0xb1f8751f,0xb1f8e1e8,0xb1fc3a7a,0xb1fd05b7,0xb1ffd2db,0xb2005214,0xb2008708,0xb2036d13,0xb2049dda,0xb20565c9,0xb2080b94,0xb20d04fe,
  0xb20d297e,0xb20ec502,0xb211ecc5,0xb212d19d,0xb2133070,0xb2137997,0xb2178b60,0xb21bd2fc,0xb21ce01b,0xb21e29c2,0xb220c36a,0xb2215fc5,
  0xb223053c,0xb2250ef4,0xb227649b,0xb228f06a,0xb2291028,0xb22aa4d2,0xb22d2a47,0xb22e4540,0xb2308384,0xb23244a0,0xb237d8f5,0xb23abbd2,
  0xb23aebdb,0xb23c738e,0xb23e17fa,0xb23e1b96,0xb23f9560,0xb24432a6,0xb2453743,0xb24691cf,0xb249b6fb,0xb24e96ac,0xb250f437,0xb253bd57,
  0xb2546bb5,0xb259c0b0,0xb25aa56d,0xb25aab79,0xb25cd9c4,0xb25d9e31,0xb25eb2a8,0xb25ed664,0xb2602c23,0xb2605f01,0xb2624fc2,0xb2643e7e,
  0xb2680cef,0xb2681a9f,0xb26ad6f7,0xb26b37ba,0xb26c9b50,0xb27461df,0xb2793bca,0xb2798d0a,0xb279e3b2,0xb2835279,0xb284453f,0xb2856a5e,
  0xb286ab09,0xb28bce11,0xb28bea52,0xb28dd375,0xb290a3cd,0xb2910fb6,0xb2915c08,0xb292d1b5,0xb293cc6a,0xb2967482,0xb297bc6d,0xb2996dc1,
  0xb29c4afd,0xb29f74f5,0xb2a0952d,0xb2a0ddcd,0xb2a0e498,0xb2a12b9e,0xb2a4f966,0xb2a70086,0xb2a95211,0xb2aba2ed,0xb2ad2fd1,0xb2adde56,
  0xb2afe911,0xb2b032d5,0xb2b111f4,0xb2b4a8ae,0xb2b4b860,0xb2b5125e,0xb2b8a8c6,0xb2bc2892,0xb2bc668e,0xb2bc9ece,0xb2bd6c35,0xb2bdfc91,
  0xb2be20b5,0xb2c068b8,0xb2c131f1,0xb2c1d687,0xb2c2819a,0xb2c2e45b,0xb2c40ccf,0xb2c68022,0xb2c6f2b8,0xb2c77105,0xb2c9a083,0xb2cacde6,
  0xb2cb11f0,0xb2cef383,0xb2d07e8f,0xb2d12de9,0xb2d12f96,0xb2d41fc4,0xb2d6f08c,0xb2d850ad,0xb2dd0ff4,0xb2e1ed10,0xb2e2117f,0xb2e23d2a,
  0xb2e6630e,0xb2ebf061,0xb2ed3f71,0xb2ed96ba,0xb2eda7f6,0xb2ef69a2,0xb2f56583,0xb2f60ee8,0xb2f64adc,0xb2f857d5,0xb2fc1b98,0xb2fefd5b,
  0xb3015bf7,0xb301e03c,0xb302120d,0xb303ed61,0xb3089ffb,0xb3099b5a,0xb309ecaa,0xb30b0bd2,0xb30b2f33,0xb30bf509,0xb30c4006,0xb30e890b,
  0xb30f5031,0xb3110fb7,0xb315bfb7,0xb3198d61,0xb31a69e2,0xb31ab1b5,0xb31eb0a0,0xb31ee77d,0xb320c15a,0xb322e0d4,0xb326c110,0xb32b640e,
  0xb32b70ef,0xb32e0220,0xb32e844b,0xb331d1e0,0xb33294cc,0xb332bd1e,0xb333c7d3,0xb333d605,0xb335eb75,0xb33624cb,0xb33626d8,0xb3364101,
  0xb3379795,0xb338351b,0xb339da43,0xb33c199e,0xb33d4ce4,0xb33f50db,0xb341983d,0xb342b63b,0xb3434a39,0xb3474c68,0xb348a0ad,0xb3497ef7,
  0xb34b0034,0xb34c5c8e,0xb34db457,0xb34dfa1c,0xb34fff95,0xb3509c58,0xb353a2c2,0xb353ae70,0xb35577bc,0xb35c4fa1,0xb35d01d2,0xb35d83dd,
  0xb35ffca0,0xb3609f40,0xb362a6f9,0xb364e7b3,0xb3659ae7,0xb3696bf2,0xb369d989,0xb36b22c2,0xb36dc405,0xb36fd529,0xb3717c00,0xb3751674,
  0xb3764b6c,0xb37688ee,0xb37806d2,0xb378ed23,0xb37ad22b,0xb37b4660,0xb37fbe58,0xb3803076,0xb381d522,0xb383cc27,0xb385d3cc,0xb38606b4,
  0xb3878110,0xb38787ba,0xb388de18,0xb3897f1a,0xb38ad384,0xb38b6d77,0xb38bb313,0xb38bce41,0xb38c8cb3,0xb38d5d7e,0xb38dbba8,0xb38f288e,
  0xb390277d,0xb3912a9f,0xb39192ca,0xb391c871,0xb394d270,0xb394dc1d,0xb3989a8b,0xb398d3cf,0xb399effa,0xb39a18c5,0xb39a3604,0xb39da839,
  0xb39ea1ea,0xb39ee84b,0xb3a38171,0xb3a41c74,0xb3a6d2f5,0xb3a7b357,0xb3a99abe,0xb3aa4085,0xb3abfce6,0xb3ac6af2,0xb3ac7d53,0xb3aef420,
  0xb3afe4e7,0xb3b1e74c,0xb3b54281,0xb3b6e49a,0xb3b8e87b,0xb3b9b9fb,0xb3bb6f1f,0xb3bb8d40,0xb3bc3c52,0xb3bca117,0xb3bd647b,0xb3be7337,
  0xb3c05dfe,0xb3c09458,0xb3c0d35f,0xb3c2de6e,0xb3c48e3d,0xb3c4a121,0xb3c6783e,0xb3c8675e,0xb3ca2d98,0xb3ca37ab,0xb3ce86fa,0xb3d01bfe,
  0xb3d04437,0xb3d0f821,0xb3d2048f,0xb3d245b3,0xb3d55392,0xb3d5e2fa,0xb3dc3ee8,0xb3dd93d9,0xb3e08c68,0xb3e2d48e,0xb3e31db9,0xb3ecbee8,
  0xb3ed1b8b,0xb3ed3071,0xb3ed5f5a,0xb3ee21fd,0xb3f02016,0xb3f46c32,0xb3f77480,0xb3f7b609,0xb3f8c3c2,0xb3f8e00c,0xb3f90403,0xb3f9ea77,
  0xb3fa6c6d,0xb3fb3db4,0xb3fba451,0xb3fe4dad,0xb3fee831,0xb3ff61a5,0xb3ff7d42,0xb4014054,0xb401df7b,0xb404e7f2,0xb4071c70,0xb409b28e,
  0xb40a8a24,0xb40c6d10,0xb40d2c98,0xb40dd7b6,0xb40e184e,0xb40edf80,0xb4111f3c,0xb416e0ca,0xb4173df5,0xb4196fb0,0xb41c859d,0xb41c91f2,
  0xb41e46cd,0xb41fda0f,0xb4216db3,0xb4238897,0xb423dbc1,0xb4264948,0xb42689f4,0xb4281931,0xb4284034,0xb428d32e,0xb4297edd,0xb42a9e0f,
  0xb42c0de5,0xb42c717a,0xb4351964,0xb437df84,0xb438276d,0xb438593f,0xb43911f7,0xb43ec4fa,0xb43fe38d,0xb4403fa9,0xb44458b1,0xb444c8ce,
  0xb4479ca9,0xb4486a21,0xb449f776,0xb44a324f,0xb44c59c9,0xb44f21d2,0xb4501b80,0xb4513330,0xb4535e5e,0xb454aced,0xb4567bd3,0xb456fd28,
  0xb457942c,0xb457f802,0xb4597975,0xb459d73d,0xb45abe85,0xb45c10fa,0xb45c32ff,0xb45dca66,0xb45de7ef,0xb45e22ca,0xb45e9b61,0xb4615d89,
  0xb463da15,0xb463e8ed,0xb46437a6,0xb4650235,0xb466220b,0xb467379a,0xb46786f2,0xb469084c,0xb46a7b64,0xb46acb7d,0xb46d10dc,0xb46dee80,
  0xb47071b4,0xb4718041,0xb472ec0e,0xb476f8bf,0xb4785f43,0xb4790240,0xb47c038f,0xb47dfe23,0xb47e0dc6,0xb47e5fa6,0xb47e867a,0xb4819236,
  0xb481e443,0xb482850b,0xb482e6c2,0xb4845f54,0xb486123c,0xb48636ab,0xb488d0a1,0xb488dcde,0xb4893bf5,0xb4898455,0xb48a7b9e,0xb48d3a42,
  0xb48e90aa,0xb48ea329,0xb490e7ce,0xb491c1b7,0xb4931f3e,0xb4933cec,0xb494ae7b,0xb49558e0,0xb4956365,0xb495e0a5,0xb49759e3,0xb498fb03,
  0xb49ca836,0xb49ff5ff,0xb4a0944d,0xb4a0b627,0xb4a0e518,0xb4a19644,0xb4a19af0,0xb4a283a8,0xb4a29b96,0xb4a2ae16,0xb4a51cc0,0xb4a54921,
  0xb4a54ab6,0xb4a782cb,0xb4a8fef4,0xb4a94b86,0xb4ab2a87,0xb4ab9e14,0xb4ac9e45,0xb4adb65d,0xb4b26ef0,0xb4b27463,0xb4b53d27,0xb4b718c4,
  0xb4baa813,0xb4bbac06,0xb4bccdb0,0xb4bd3d82,0xb4bedc33,0xb4c0be73,0xb4c13772,0xb4c1a328,0xb4c2d843,0xb4c3bf9c,0xb4c5026b,0xb4c74e5f,
  0xb4c78beb,0xb4cb9d8b,0xb4cbdb58,0xb4ccda5a,0xb4d011d7,0xb4d16762,0xb4d1e18c,0xb4d2cfe3,0xb4d54337,0xb4d88e46,0xb4d92b17,0xb4dcaa30,
  0xb4dd9628,0xb4de63d9,0xb4e1659e,0xb4e44180,0xb4e52bb4,0xb4e59b77,0xb4e754b2,0xb4e97926,0xb4e98616,0xb4e9cb5f,0xb4eafc3b,0xb4eb9424,
  0xb4ed906c,0xb4ee4574,0xb4ef1c11,0xb4ef72e1,0xb4f02864,0xb4f1afdb,0xb4f47267,0xb4fa9ab2,0xb4fb6b75,0xb4fd53b7,0xb4fee557,0xb5014f15,
  0xb501e369,0xb5058d87,0xb506d89b,0xb507711d,0xb5089f9f,0xb509afc0,0xb50da1e3,0xb50ddb52,0xb50e4a58,0xb50f7e1f,0xb510c245,0xb510fd83,
  0xb51478fa,0xb5148391,0xb5150074,0xb5161c8f,0xb5183ed8,0xb51b6b10,0xb51b73b1,0xb51eb8ba,0xb520a5d4,0xb5239ab6,0xb523d77f,0xb5253284,
  0xb526723a,0xb5280bfa,0xb5289ba3,0xb52a493b,0xb52fc341,0xb530f71c,0xb531f224,0xb5326d43,0xb5354d4f,0xb5354d88,0xb536073a,0xb539c1db,
  0xb53a0cd0,0xb53b7638,0xb53bb69e,0xb53c899e,0xb53d0a1a,0xb5405637,0xb5408552,0xb541c50d,0xb54269f2,0xb543b77b,0xb54642e4,0xb546a36c,
  0xb5489a38,0xb54a745c,0xb54b2480,0xb54c69be,0xb54d14f9,0xb54e56c2,0xb54ec7b4,0xb5520178,0xb5579bd1,0xb557c4ce,0xb562b8a8,0xb5679e9e,
  0xb56b29a2,0xb56c0f37,0xb56cfe04,0xb56f8bb8,0xb56f9ae6,0xb56fc1d7,0xb574a75b,0xb5754e0a,0xb5769e54,0xb5772bdf,0xb57ad1ae,0xb57c24cf,
  0xb57d6f89,0xb57f01df,0xb581ba45,0xb58202fb,0xb5827784,0xb5835113,0xb583d6d5,0xb5851d98,0xb58807a3,0xb5898f12,0xb58ed4bb,0xb58fdaf0,
  0xb591ecf1,0xb59e61d5,0xb5a1f1da,0xb5a66352,0xb5a72789,0xb5aa7586,0xb5aae038,0xb5b060d7,0xb5b06930,0xb5b2220f,0xb5b53e4d,0xb5b5cc83,
  0xb5b60ea2,0xb5b94cc4,0xb5c008e5,0xb5c24296,0xb5c5d239,0xb5c6efe8,0xb5c6faa9,0xb5c7411e,0xb5c7ded9,0xb5cda401,0xb5d153fb,0xb5d2c4e0,
  0xb5d3ce2c,0xb5d42905,0xb5d6d637,0xb5d7b074,0xb5d7ec19,0xb5d8e251,0xb5d9dd4f,0xb5da59fc,0xb5dc8611,0xb5dd433b,0xb5defd9f,0xb5e2ebb7,
  0xb5e399c4,0xb5e67eca,0xb5eba76a,0xb5ebfe25,0xb5ee7afa,0xb5f21a76,0xb5f70662,0xb5f99457,0xb5fcb274,0xb5fffc35,0xb60265ad,0xb606417f,
  0xb6081c97,0xb60914f9,0xb60d14dc,0xb60d88d4,0xb611a47b,0xb613f123,0xb614bfef,0xb616da9a,0xb619786f,0xb61a4deb,0xb61a64ef,0xb61a76c9,
  0xb61a8ad1,0xb61b6e87,0xb61c2795,0xb61d18a0,0xb61eced4,0xb61ecfcd,0xb6246793,0xb6275472,0xb627f196,0xb62a3055,0xb62a4549,0xb62ad9a3,
  0xb62aed6e,0xb62af376,0xb62c40fb,0xb62ca4c2,0xb62d34f5,0xb62fed34,0xb6323bca,0xb6326dfc,0xb632ac1c,0xb633070c,0xb6347f8b,0xb637786a,
  0xb63944b1,0xb63b29f5,0xb63b4858,0xb63d8f71,0xb63db2ca,0xb641e098,0xb643addc,0xb6465bf5,0xb647a681,0xb648ef82,0xb64dde2c,0xb64ec423,
  0xb64f22c5,0xb64f26d5,0xb64f6ea9,0xb64fd211,0xb65028fe,0xb650fde3,0xb6513995,0xb651fe10,0xb65297aa,0xb65bb8d4,0xb65e770a,0xb65e80d9,
  0xb65e9340,0xb6611b26,0xb6638f88,0xb6642a1c,0xb66440aa,0xb668308b,0xb6692474,0xb66f76cc,0xb670ffd6,0xb6738d1c,0xb678d27c,0xb67a07ac,
  0xb67afb7e,0xb67c1335,0xb67c6beb,0xb67f3b97,0xb6810a7c,0xb68113b2,0xb685488d,0xb685d912,0xb686c3b3,0xb689fcee,0xb68a3ee9,0xb6905f5c,
  0xb690c201,0xb69293b6,0xb693cb8d,0xb6945c13,0xb6965bfb,0xb69a1974,0xb69a7167,0xb69f6ecd,0xb69fe9ba,0xb6a2067a,0xb6a2bf36,0xb6a3966f,
  0xb6a3b515,0xb6a61009,0xb6a6b713,0xb6ac7bb6,0xb6adf910,0xb6ae3776,0xb6aea5e3,0xb6af35cd,0xb6b1beda,0xb6b25a83,0xb6b369c6,0xb6b530cc,
  0xb6b54862,0xb6bd8410,0xb6c3717b,0xb6c4bc17,0xb6c6ecb0,0xb6c84ccb,0xb6ca24fe,0xb6cb8022,0xb6cc9df1,0xb6cd2193,0xb6ce6b59,0xb6cf73f5,
  0xb6d00c4e,0xb6d035c6,0xb6d0667a,0xb6d27db6,0xb6d55680,0xb6d78b8c,0xb6da8264,0xb6da935f,0xb6dcb6e2,0xb6dcf9d2,0xb6dd7423,0xb6dee34e,
  0xb6e12899,0xb6e6221e,0xb6eb3cb9,0xb6ec898c,0xb6ed4780,0xb6ede928,0xb6ee8bad,0xb6f4a2c8,0xb6f4e062,0xb6f5f3c8,0xb6f67548,0xb6f79857,
  0xb6f8eaca,0xb6fa283f,0xb6fd5cc9,0xb6ff9178,0xb7024d0c,0xb70350ad,0xb705cdd7,0xb7085e5c,0xb70b625e,0xb70c34ac,0xb70cfb6a,0xb70d2df5,
  0xb7131743,0xb7136dd0,0xb714741a,0xb714f9e8,0xb71593b2,0xb716ca8c,0xb7193524,0xb71b4809,0xb721d633,0xb7229b60,0xb722a7dd,0xb7247973,
  0xb72b7a18,0xb72bd416,0xb72c7737,0xb7320187,0xb734a5b0,0xb734bfb6,0xb7355880,0xb738551d,0xb73cb623,0xb73cdbed,0xb73ce3e1,0xb73dc357,
  0xb73f59c0,0xb7418c4e,0xb7427199,0xb7430fbd,0xb745e57d,0xb746bf3c,0xb747415b,0xb7481f77,0xb7485601,0xb7494482,0xb74b35ad,0xb74b5df9,
  0xb74f13ad,0xb74fcc3f,0xb751cb9f,0xb752b571,0xb7532779,0xb753db14,0xb75606e1,0xb75783d2,0xb759f6c4,0xb75bce1f,0xb75c5d86,0xb75c971d,
  0xb75d6b86,0xb75edbfa,0xb760b32f,0xb762ebb1,0xb7637de8,0xb7669338,0xb766a539,0xb766b919,0xb76815ae,0xb768630f,0xb7692f11,0xb76a569f,
  0xb76ad88c,0xb76b0897,0xb76ba82b,0xb76e43a2,0xb7708ddc,0xb771eea9,0xb771fb40,0xb7737295,0xb77b8258,0xb77c7061,0xb78027e9,0xb78117cc,
  0xb7816f04,0xb7823aa0,0xb782437b,0xb785ea14,0xb78683cf,0xb789ee18,0xb78c0021,0xb78cd09c,0xb78f475e,0xb78f8478,0xb793cfd8,0xb79580fb,
  0xb7973a39,0xb79843ba,0xb79abbf6,0xb79f7a7a,0xb7a0b3a7,0xb7a296f7,0xb7a323e7,0xb7a8a6b7,0xb7aa171d,0xb7aa7dab,0xb7ab9f21,0xb7abfc1b,
  0xb7acc690,0xb7af758a,0xb7b07780,0xb7b41410,0xb7b542e6,0xb7b8546f,0xb7b8a1c6,0xb7b92b28,0xb7bbf4d0,0xb7bc38c1,0xb7bc3d35,0xb7bce25f,
  0xb7bda7a2,0xb7c50f50,0xb7c5cee6,0xb7ca4285,0xb7cbb1f7,0xb7cd874b,0xb7d0caf9,0xb7d643e4,0xb7d66e43,0xb7d6cfaf,0xb7daa495,0xb7dcbe3e,
  0xb7dd4b90,0xb7e2de59,0xb7e574b8,0xb7e65f77,0xb7e6d439,0xb7e8fe0f,0xb7ec9c76,0xb7ecfbd0,0xb7ed0f6b,0xb7ef7583,0xb7f0400e,0xb7f45092,
  0xb7f8835f,0xb7f8949e,0xb7f8e19a,0xb7f969c2,0xb7f9d0a4,0xb7f9ffb8,0xb7ff2145,0xb7ffc986,0xb800687b,0xb8057c89,0xb806617e,0xb80a739b,
  0xb80d2ad2,0xb80d437c,0xb80d6d96,0xb80dda7b,0xb80de958,0xb80ff35d,0xb8101a02,0xb813c7dd,0xb813ff50,0xb8142a77,0xb8149803,0xb81ccc8c,
  0xb81f0617,0xb821b998,0xb822790f,0xb82359d0,0xb82768c2,0xb8284e71,0xb828eef4,0xb82919e5,0xb8293cb4,0xb82a62cd,0xb82b4ba9,0xb82ff38b,
  0xb834dec5,0xb83571af,0xb836c687,0xb837ff13,0xb839b78d,0xb83c3689,0xb83dc471,0xb83df636,0xb83ed05e,0xb8413b84,0xb844a040,0xb84671bc,
  0xb8488a06,0xb8494b04,0xb84d4a02,0xb84d9f7b,0xb84e447b,0xb84f4259,0xb850acc3,0xb8565000,0xb856a6c6,0xb8572a5f,0xb857810c,0xb8587415,
  0xb85907e2,0xb859b12c,0xb85a9e3f,0xb85c2176,0xb85e4acb,0xb85ebcad,0xb85f00f5,0xb860fbf8,0xb8622d00,0xb8629463,0xb863fdeb,0xb866380d,
  0xb8674848,0xb867d739,0xb86809ed,0xb868ff18,0xb86e1d02,0xb86e4a96,0xb86e98bf,0xb86eb0d0,0xb8719d8b,0xb8758410,0xb8772846,0xb87783ae,
  0xb878b52a,0xb87c25ca,0xb87c4df8,0xb87df32b,0xb87fe126,0xb8847e82,0xb8854fc6,0xb8889a3b,0xb889c2e0,0xb88a280b,0xb88a68fb,0xb88ac70c,
  0xb88b109e,0xb88b9814,0xb88bdb63,0xb88cbd8e,0xb88d9545,0xb88daf3d,0xb895faa5,0xb8982655,0xb89840d9,0xb8985c41,0xb89881d9,0xb8991ef3,
  0xb8a18e70,0xb8a55b91,0xb8a767f2,0xb8a7fcd1,0xb8ad10ae,0xb8ae4808,0xb8ae4f04,0xb8af290a,0xb8afa580,0xb8b13444,0xb8b1a159,0xb8b3ae78,
  0xb8b3fea1,0xb8b49e4c,0xb8b4a89a,0xb8b7f4b8,0xb8b8eb1f,0xb8b971de,0xb8bb532c,0xb8bb9897,0xb8bd776a,0xb8bf7efc,0xb8c09d57,0xb8c293e1,
  0xb8c2fe1e,0xb8c451c1,0xb8c6e747,0xb8c7bd09,0xb8c9119c,0xb8ca79a6,0xb8cb0272,0xb8cd4cd5,0xb8ce3302,0xb8ce3745,0xb8d32164,0xb8d4c986,
  0xb8d5c5c0,0xb8d75274,0xb8d8159d,0xb8da0039,0xb8dc7e19,0xb8dd85b8,0xb8df166e,0xb8dff370,0xb8e00621,0xb8e29164,0xb8e30c16,0xb8e443fa,
  0xb8e7b9bf,0xb8e843c6,0xb8e84eb4,0xb8e8d0a9,0xb8eafa5e,0xb8ee3ce7,0xb8ee8ac8,0xb8f12630,0xb8f594ca,0xb8f5f45b,0xb8f6d4ed,0xb9000680,
  0xb90330aa,0xb905efbb,0xb90dcced,0xb90eaa13,0xb90fe915,0xb912f14a,0xb915711c,0xb9166090,0xb9173227,0xb9174a8e,0xb917c35b,0xb91b66cd,
  0xb91fa2a9,0xb9205d70,0xb92198fb,0xb921b4fb,0xb921e55a,0xb9234f1e,0xb92c9231,0xb92c9e42,0xb92cf069,0xb92d8131,0xb92ebdb9,0xb92edfb2,
  0xb92fd6dd,0xb931041c,0xb931d27f,0xb9323b99,0xb932618b,0xb935d038,0xb937f90a,0xb93887ba,0xb93cfa96,0xb93d191e,0xb93d2db1,0xb93e0754,
  0xb9413a30,0xb94345a3,0xb943c5e8,0xb9442839,0xb9467514,0xb9496088,0xb94c8742,0xb94cb163,0xb950e068,0xb951b8ec,0xb951d320,0xb952ec6c,
  0xb95452a2,0xb9554bd0,0xb9575b3f,0xb957eb04,0xb95a8395,0xb95b293e,0xb95cab57,0xb95e9d0e,0xb95ed32b,0xb95f41a7,0xb96114a5,0xb96199a5,
  0xb963abb9,0xb963ac33,0xb966d533,0xb96b68e1,0xb96ca62e,0xb96d1132,0xb96f703f,0xb970a5cf,0xb971003e,0xb9732aa9,0xb9733382,0xb973ab65,
  0xb974037d,0xb9740ec4,0xb97592a6,0xb9780af1,0xb978a5db,0xb97cb809,0xb97cb869,0xb97dd54a,0xb97f94fe,0xb9824d0c,0xb9840480,0xb988a23b,
  0xb98b22d0,0xb98eae59,0xb98f6781,0xb99420e6,0xb994749c,0xb999765a,0xb99b915b,0xb99e1b67,0xb99e3dfa,0xb99f5bf2,0xb9a1b6f8,0xb9a303fa,
  0xb9a31531,0xb9a453bc,0xb9a500d3,0xb9a575e7,0xb9a6ab8d,0xb9a71758,0xb9a7e843,0xb9a841fa,0xb9ab89dd,0xb9acd02b,0xb9ae5cc9,0xb9ae9caa,
  0xb9af7455,0xb9afd371,0xb9b006d7,0xb9b046ff,0xb9b4e9bc,0xb9b54493,0xb9baac0b,0xb9baeb03,0xb9bd55c0,0xb9be65a6,0xb9c206dd,0xb9c47f92,
  0xb9c5579f,0xb9c9abeb,0xb9cbd580,0xb9cd3482,0xb9d2857b,0xb9d28cfd,0xb9d29cab,0xb9d39ae8,0xb9d50e98,0xb9d8bdd7,0xb9da3ae1,0xb9dabea0,
  0xb9db5e0d,0xb9db7e80,0xb9dc7c03,0xb9de457d,0xb9e063da,0xb9e1724f,0xb9e198d8,0xb9e3b8a3,0xb9e43ec7,0xb9e455e7,0xb9e50dce,0xb9e5c8fd,
  0xb9e60818,0xb9e6cf48,0xb9e8db4b,0xb9e9167a,0xb9eb5982,0xb9ec7d8f,0xb9ed2566,0xb9ee11da,0xb9eed1b6,0xb9f79223,0xb9f83c02,0xb9f907de,
  0xb9fc0cda,0xba00df47,0xba00fd3d,0xba01ce1b,0xba02ac48,0xba043ede,0xba055637,0xba05781e,0xba068977,0xba07637e,0xba0944c2,0xba0a3395,
  0xba0b42f5,0xba0b673c,0xba0b95b7,0xba0d3927,0xba0e03e0,0xba106bcf,0xba14505d,0xba161037,0xba16a4da,0xba16c832,0xba16f699,0xba17d006,
  0xba1a3ac6,0xba1b6de2,0xba1b791c,0xba1bfb1b,0xba1c16c7,0xba1d189a,0xba23adfa,0xba23d263,0xba2514f1,0xba275634,0xba276dd3,0xba29454d,
  0xba29dd74,0xba2a6198,0xba2b621b,0xba2c99cc,0xba2f0701,0xba2f56a5,0xba3342ad,0xba388568,0xba39f8ab,0xba3b254f,0xba3c4bda,0xba3fcd44,
  0xba40aa6d,0xba448780,0xba454b30,0xba45d1c8,0xba476773,0xba485491,0xba490517,0xba499070,0xba4bffa3,0xba4d6f74,0xba53ef2d,0xba549250,
  0xba54a68f,0xba54b2f4,0xba553943,0xba567acd,0xba59dbee,0xba5b34c6,0xba5be1af,0xba5d2a42,0xba5d576d,0xba5d9c01,0xba611402,0xba614cbf,
  0xba6169c0,0xba617538,0xba625938,0xba631dfb,0xba64e939,0xba6718fb,0xba67ce25,0xba67f19c,0xba6a5be6,0xba6abe93,0xba6ac8d8,0xba6afa63,
  0xba6b09eb,0xba6b5b26,0xba6bb275,0xba6d8bbb,0xba6dac13,0xba718157,0xba72dce4,0xba73460b,0xba75a31d,0xba766fb1,0xba7773f3,0xba77b4b1,
  0xba79d46d,0xba7a24c7,0xba7d3be3,0xba7d5128,0xba7e7645,0xba7eba2e,0xba7ebbe2,0xba7fb45d,0xba7fb467,0xba81a60c,0xba821a52,0xba82458b,
  0xba82c30a,0xba840bbe,0xba84b3d3,0xba86adc0,0xba86b804,0xba888507,0xba88ac7e,0xba88de69,0xba89afde,0xba8e9445,0xba8f591a,0xba8f9db0,
  0xba91c6ef,0xba91e420,0xba923eb8,0xba933a67,0xba94b063,0xba94cfb0,0xba95957c,0xba96d246,0xba97fc05,0xba999741,0xba9a4623,0xba9a9173,
  0xba9db7d6,0xba9e8d28,0xbaa117df,0xbaa1b7e7,0xbaa34979,0xbaa5cad6,0xbaa6ec66,0xbaa777fb,0xbaa7f1ba,0xbaa83a5c,0xbaa9c6d9,0xbaaa2382,
  0xbaad02ab,0xbab25963,0xbab280e7,0xbab3091d,0xbab6dbea,0xbab70737,0xbaba2404,0xbabc79b0,0xbabcab85,0xbabceb27,0xbabed1a5,0xbac07ed1,
  0xbac20530,0xbac63b4b,0xbac649c8,0xbac69468,0xbacc0462,0xbace6d0a,0xbaceeb99,0xbacf05a3,0xbad1c4b1,0xbad372f2,0xbad6337b,0xbad6c4e2,
  0xbad8e192,0xbad9d6a9,0xbada4995,0xbadae80b,0xbadb47c7,0xbaded2bf,0xbadfa149,0xbae1b39e,0xbae314f1,0xbae315a4,0xbae462ef,0xbae6bf28,
  0xbae71f03,0xbae87a8e,0xbae9059d,0xbaeaea28,0xbaeffac5,0xbaf224f6,0xbaf3491a,0xbaf494fc,0xbaf5563a,0xbaf5770f,0xbaf70f01,0xbaf7c19a,
  0xbaf858c1,0xbaf8b296,0xbafbef7d,0xbafc70b5,0xbafe58af,0xbafe7b72,0xbb0011a3,0xbb04369f,0xbb077fb9,0xbb07f117,0xbb08d75a,0xbb0a027b,
  0xbb0ba1d3,0xbb0d1515,0xbb0d6802,0xbb10e09e,0xbb126d09,0xbb15ebe6,0xbb1604e3,0xbb175ad7,0xbb19f587,0xbb1adda9,0xbb1ff5c7,0xbb24994d,
  0xbb24ddbf,0xbb25ba1b,0xbb2650f5,0xbb26c9e6,0xbb26da9f,0xbb26e255,0xbb270048,0xbb29c56e,0xbb29fbd3,0xbb2cc4af,0xbb2d2e60,0xbb2ea100,
  0xbb33d609,0xbb33e179,0xbb363d97,0xbb369700,0xbb376881,0xbb39ef9a,0xbb3c22c5,0xbb3c2988,0xbb3c5ad4,0xbb40d267,0xbb412714,0xbb44173f,
  0xbb469458,0xbb47c483,0xbb47d743,0xbb485b7e,0xbb4871a7,0xbb4987f3,0xbb49bc0f,0xbb4b8e9d,0xbb4c165a,0xbb4c1a22,0xbb4e6f58,0xbb514091,
  0xbb515107,0xbb51feb2,0xbb53bcec,0xbb5708cf,0xbb58dbed,0xbb59a2a4,0xbb5a916a,0xbb5a95bf,0xbb5c4b49,0xbb5d02f4,0xbb5d2079,0xbb5d3e63,
  0xbb5ef374,0xbb601e07,0xbb64c8ea,0xbb65f7ad,0xbb67feb4,0xbb6a44f1,0xbb6af7a6,0xbb6c9c4e,0xbb6f3df9,0xbb721f86,0xbb724c88,0xbb735878,
  0xbb74198b,0xbb74335d,0xbb752d72,0xbb78c2ab,0xbb7afff3,0xbb7e20a0,0xbb7e3206,0xbb7e8271,0xbb7f514d,0xbb8057b8,0xbb82a207,0xbb831566,
  0xbb840b2f,0xbb861e71,0xbb87a6bf,0xbb8ce53a,0xbb8f330c,0xbb90699e,0xbb91199e,0xbb93aebf,0xbb941fd4,0xbb98ffdc,0xbb9969d3,0xbb9db957,
  0xbba3a86e,0xbba43d31,0xbba4501e,0xbba5e927,0xbbaa5c27,0xbbaf774b,0xbbafc7e6,0xbbb0b3ef,0xbbb257e9,0xbbb3f3d6,0xbbb5750e,0xbbb76f36,
  0xbbb7da99,0xbbb93540,0xbbba6e44,0xbbc04568,0xbbc09de7,0xbbc1ff78,0xbbc259de,0xbbc6ea72,0xbbc992af,0xbbcb1b80,0xbbcb2680,0xbbcb2e08,
  0xbbd0366a,0xbbd09a95,0xbbd129c0,0xbbd19285,0xbbd1b11e,0xbbd3044b,0xbbd32a03,0xbbd49dc6,0xbbd5118e,0xbbd512f1,0xbbd6711c,0xbbd7b7de,
  0xbbe04049,0xbbe05d98,0xbbe0f66c,0xbbe4ab44,0xbbe53475,0xbbe8878e,0xbbef5169,0xbbf6540a,0xbbf717e7,0xbbf7cee2,0xbbfb0482,0xbbfb85b0,
  0xbbfbf3bb,0xbbfc42b1,0xbbfda50d,0xbbfec0a7,0xbc000b23,0xbc0102b1,0xbc012d8d,0xbc041ce8,0xbc06a813,0xbc0836fa,0xbc08bef1,0xbc0935e5,
  0xbc09bd2a,0xbc0e5cff,0xbc0f9446,0xbc1021f3,0xbc10346e,0xbc12d02f,0xbc14101b,0xbc15da56,0xbc15e172,0xbc161059,0xbc16da9d,0xbc172fe8,
  0xbc19cfe8,0xbc1a929c,0xbc1adb87,0xbc1ed72e,0xbc1f57da,0xbc21be5a,0xbc24c48b,0xbc25fc20,0xbc27f0f3,0xbc2a45fe,0xbc2d2718,0xbc2eeb69,
  0xbc30a82b,0xbc31ea60,0xbc3276d1,0xbc36db7f,0xbc37e070,0xbc3bdfeb,0xbc3c7260,0xbc3eff5b,0xbc41a4b7,0xbc44b518,0xbc46bcb0,0xbc488f1d,
  0xbc493943,0xbc49ac55,0xbc4a30c4,0xbc4afce4,0xbc4b1b2a,0xbc4cd690,0xbc4df2ec,0xbc4f0b9c,0xbc4f56fc,0xbc5bd66a,0xbc5d3395,0xbc5e2644,
  0xbc613fb0,0xbc61e752,0xbc63dece,0xbc647b9b,0xbc67a08c,0xbc6877d7,0xbc6981f3,0xbc6ade46,0xbc6b14e0,0xbc6d99f0,0xbc6dc54f,0xbc6dfad4,
  0xbc72bdb9,0xbc750db3,0xbc76e081,0xbc770db4,0xbc7824e9,0xbc7a0300,0xbc7a4767,0xbc7af6c9,0xbc7d30bb,0xbc7e24a5,0xbc7ef461,0xbc801de5,
  0xbc818d35,0xbc82938f,0xbc82b8d6,0xbc82b98f,0xbc830d6f,0xbc8b7d04,0xbc8c3488,0xbc8cfa7c,0xbc910272,0xbc942c99,0xbc947088,0xbc9550eb,
  0xbc959417,0xbc96bb0c,0xbc98e006,0xbc9aad9f,0xbc9f5942,0xbc9fd195,0xbca1d425,0xbca28f53,0xbca47026,0xbca4b00e,0xbca4dcd9,0xbca60452,
  0xbcac6177,0xbcac85e3,0xbcadc26b,0xbcaeac32,0xbcb2a97d,0xbcb2b9a5,0xbcb30419,0xbcb32dfa,0xbcb37ede,0xbcb7b21e,0xbcb8a1b0,0xbcb9a99c,
  0xbcbe5839,0xbcbf7989,0xbcc2368a,0xbcc38d74,0xbcc4869f,0xbcc58864,0xbcc604a1,0xbcc91bb3,0xbcca7ee0,0xbccb4692,0xbccd1882,0xbccfb206,
  0xbccfcf76,0xbcd100be,0xbcd1e8b9,0xbcd29bd5,0xbcd2eeb2,0xbcd7856d,0xbcd7b0cc,0xbcd8a3f3,0xbcdd9e54,0xbcdf4a92,0xbce2519a,0xbce29276,
  0xbce2c7b6,0xbce2ebeb,0xbce31aa1,0xbce5207f,0xbce58b8b,0xbceaf896,0xbceca748,0xbced37a7,0xbced4522,0xbceea241,0xbcf0b156,0xbcf20f29,
  0xbcf35481,0xbcf40233,0xbcf5b138,0xbcfcbde4,0xbd023260,0xbd0446bc,0xbd05e056,0xbd089c1c,0xbd0b5108,0xbd0d7192,0xbd0df38c,0xbd0e33ed,
  0xbd0f2d36,0xbd1118cc,0xbd145956,0xbd146987,0xbd15bdd0,0xbd165153,0xbd177a08,0xbd18e3c2,0xbd18f324,0xbd19f2fb,0xbd1aceec,0xbd1dea71,
  0xbd1efb0b,0xbd201e1f,0xbd20f3e1,0xbd21e61f,0xbd225dbb,0xbd230fc9,0xbd237326,0xbd25ab8e,0xbd26d213,0xbd29ee19,0xbd2ae7cd,0xbd2b4283,
  0xbd2bfe72,0xbd2cca65,0xbd2efda6,0xbd2fda3f,0xbd3200da,0xbd323147,0xbd327dd5,0xbd331f36,0xbd37132f,0xbd37b97a,0xbd37d7fb,0xbd3ac55e,
  0xbd3bc07c,0xbd3cc46e,0xbd3cd1ea,0xbd3ce5ab,0xbd3dbec3,0xbd3dc1c1,0xbd424bf8,0xbd45e392,0xbd463efe,0xbd485b61,0xbd48babb,0xbd48e7a2,
  0xbd4baa0c,0xbd4e06e1,0xbd4eb268,0xbd4fe8f1,0xbd500f51,0xbd5228df,0xbd528a58,0xbd59476d,0xbd5a5a03,0xbd5e1cc1,0xbd5ea8c2,0xbd62baef,
  0xbd63bd81,0xbd65d317,0xbd674d84,0xbd67f40f,0xbd68c630,0xbd6a41d4,0xbd6e3a88,0xbd702b76,0xbd756d0b,0xbd75f1ea,0xbd78bef4,0xbd799aab,
  0xbd7d6634,0xbd80bbff,0xbd8133cd,0xbd81f7f4,0xbd8263d9,0xbd83277c,0xbd837c5f,0xbd838df9,0xbd83e7e7,0xbd8479c7,0xbd85dbf7,0xbd888b9e,
  0xbd8abed2,0xbd8ad371,0xbd8eea9b,0xbd909b3c,0xbd94527f,0xbd960216,0xbd986553,0xbd9887f9,0xbd98a0b8,0xbd9d389e,0xbda111c7,0xbda41572,
  0xbda4551b,0xbda66b31,0xbdaee2ff,0xbdb05dc8,0xbdb0b3f5,0xbdb47b8e,0xbdb65144,0xbdb70269,0xbdb76838,0xbdb98d56,0xbdba4fe3,0xbdbe428d,
  0xbdbf06db,0xbdc111a9,0xbdc1de74,0xbdc2834f,0xbdc77297,0xbdc7f0d3,0xbdc90bb8,0xbdcabf9c,0xbdcae8d7,0xbdcbe22b,0xbdce6ccb,0xbdcef5f8,
  0xbdd432b8,0xbdd49bab,0xbdd57433,0xbdd617a8,0xbdd62d06,0xbdd83b8f,0xbdd84605,0xbdda21ad,0xbddabfb5,0xbddb8ff3,0xbddd605f,0xbdde5d20,
  0xbddf197e,0xbddfcf57,0xbde11564,0xbde17334,0xbde1736b,0xbde4ad7a,0xbde585bf,0xbde64bb4,0xbde68b26,0xbde6abce,0xbde7ef59,0xbded2f7a,
  0xbdee4367,0xbdf18f67,0xbdf321bb,0xbdf3cce7,0xbdf3cf93,0xbdf4ae64,0xbdf58bc3,0xbdf643cb,0xbdf6988c,0xbdf92fa0,0xbdf9f4d2,0xbdfc94ab,
  0xbe059410,0xbe062793,0xbe087fce,0xbe08a4aa,0xbe0be652,0xbe0fa2a2,0xbe0fd627,0xbe12f1fc,0xbe13cbfa,0xbe14eca2,0xbe1921cf,0xbe1a2475,
  0xbe1b74db,0xbe1da69b,0xbe1e571e,0xbe1fe6d0,0xbe2013bc,0xbe20d93e,0xbe24d13b,0xbe281b93,0xbe2b10d4,0xbe2b2c71,0xbe2b6941,0xbe2c6437,
  0xbe2dfeb4,0xbe2e6307,0xbe2f1039,0xbe2f7749,0xbe30799a,0xbe32fdca,0xbe347c8a,0xbe36740e,0xbe369d87,0xbe36b8fe,0xbe3baec1,0xbe3cbf70,
  0xbe3e5c2c,0xbe3ebc61,0xbe40942c,0xbe4151ea,0xbe437f75,0xbe43da92,0xbe44d6aa,0xbe474a73,0xbe49c29e,0xbe49d97e,0xbe4a9be2,0xbe4c4639,
  0xbe4ea57b,0xbe5221c9,0xbe52dd3b,0xbe560a33,0xbe5eb1cd,0xbe60099f,0xbe6114a7,0xbe6cc8f9,0xbe6d6bf9,0xbe6f51eb,0xbe751ea6,0xbe75ef02,
  0xbe79ba80,0xbe7b841b,0xbe7b844a,0xbe7bf816,0xbe7e992d,0xbe7f1e93,0xbe8536b8,0xbe862cf9,0xbe86c41d,0xbe871bee,0xbe881431,0xbe897ff8,
  0xbe8b220a,0xbe8b85ef,0xbe8dc84a,0xbe8fe821,0xbe92f782,0xbe94c11d,0xbe95007b,0xbe964cfb,0xbe9827b9,0xbe98e50c,0xbe99060c,0xbe9d91a7,
  0xbea18670,0xbea708b1,0xbea74398,0xbeaaf8f4,0xbeaf5236,0xbeb0e795,0xbeb25728,0xbeb390be,0xbeb392ec,0xbeb393eb,0xbeb935f2,0xbeba7417,
  0xbeba75a2,0xbebbc23d,0xbebf01c7,0xbec1802a,0xbec47d82,0xbec7e553,0xbec89434,0xbeca19ad,0xbeca32db,0xbecc3ea5,0xbeccc64d,0xbecdb204,
  0xbecee1cc,0xbecee4b8,0xbecff353,0xbed26f66,0xbed2bece,0xbed817fa,0xbed91a53,0xbedb0eb0,0xbedc5244,0xbedcd4de,0xbede52a2,0xbee1d448,
  0xbee1eea8,0xbee310ce,0xbee31369,0xbee33dbb,0xbee34e02,0xbee3f67a,0xbee96d65,0xbef0473b,0xbef4f7e2,0xbef6bbfe,0xbef9cfda,0xbefaa3c0,
  0xbefb83c7,0xbefc2c16,0xbefc399f,0xbefd3edf,0xbf022134,0xbf068fd7,0xbf0858df,0xbf08dc80,0xbf0aad27,0xbf0ae362,0xbf0b18e5,0xbf0c2600,
  0xbf0d74d7,0xbf0f415a,0xbf0feefa,0xbf101931,0xbf12ab17,0xbf135ca1,0xbf1428cd,0xbf16bf75,0xbf1b3b67,0xbf1bd07c,0xbf1df167,0xbf1e0108,
  0xbf220ed4,0xbf221e29,0xbf23a120,0xbf27184a,0xbf276920,0xbf27aa8c,0xbf29d774,0xbf2b6758,0xbf2bc4e6,0xbf2beda5,0xbf2e2369,0xbf2f208a,
  0xbf315f6e,0xbf33fe61,0xbf35a23d,0xbf362c83,0xbf3648ea,0xbf3817e6,0xbf39980a,0xbf3a76de,0xbf3b3e79,0xbf3c743b,0xbf453fc2,0xbf484af0,
  0xbf491af1,0xbf4b5495,0xbf4b995a,0xbf5c4620,0xbf5eff0a,0xbf626153,0xbf68cd3c,0xbf692504,0xbf6a444c,0xbf6b79c4,0xbf6dce16,0xbf6f2399,
  0xbf70174c,0xbf734518,0xbf737d12,0xbf77970b,0xbf795f26,0xbf80589b,0xbf80acdd,0xbf81146e,0xbf82a225,0xbf84755d,0xbf878b5e,0xbf87fe02,
  0xbf8968f3,0xbf89bc39,0xbf8a83f6,0xbf8e750f,0xbf9018f9,0xbf90bb9a,0xbf91b3c6,0xbf981f78,0xbf992e89,0xbf995703,0xbf9be855,0xbfa04038,
  0xbfa10db5,0xbfa28f58,0xbfa38754,0xbfa5ac68,0xbfa623ac,0xbfa692d9,0xbfa7312a,0xbfa8ecbc,0xbfab153a,0xbfabc27c,0xbfad086c,0xbfad5dce,
  0xbfb09183,0xbfb0cbae,0xbfb176ed,0xbfb17bbd,0xbfb2dfd8,0xbfb3f2cc,0xbfb4a5be,0xbfb6bac8,0xbfb80696,0xbfb8f056,0xbfbe94f5,0xbfc24847,
  0xbfc398ab,0xbfc4b3d2,0xbfc7978c,0xbfcac4d9,0xbfcb1376,0xbfcc4a61,0xbfcfb7f4,0xbfd0afd3,0xbfd0dd92,0xbfd448c0,0xbfd6f8ed,0xbfd80e7b,
  0xbfdb0358,0xbfdb699a,0xbfdd0e9c,0xbfdef701,0xbfdf0d36,0xbfdf75f7,0xbfe028ea,0xbfe1d4bd,0xbfe2938d,0xbfe2e930,0xbfe47207,0xbfe4df2e,
  0xbfe71350,0xbfe8ea85,0xbfec9aca,0xbfecf6dc,0xbfedaf81,0xbff22271,0xbff2ac03,0xbff428f2,0xbff5b19e,0xbff88a43,0xbffa8017,0xbffbef96,
  0xbffd5aca,0xbffe7e99,0xbfff6f85,0xbfff8f85,0xbfffe34e,0xc001d819,0xc001f01c,0xc0033f8f,0xc005c3ef,0xc005ccf8,0xc007d0cf,0xc009fe1a,
  0xc009feb6,0xc00a5149,0xc00b01fa,0xc00bc647,0xc00c5222,0xc00d7ee4,0xc0114358,0xc012f824,0xc016660d,0xc01b9c42,0xc01c0a62,0xc01c4d70,
  0xc01cd484,0xc01cd5d7,0xc01ce873,0xc01d5f8f,0xc01dea7c,0xc01e1f21,0xc021bd84,0xc0237fac,0xc024f5fa,0xc0260a55,0xc026a200,0xc026b39a,
  0xc0279962,0xc02891a9,0xc02add53,0xc02b54d2,0xc02c587a,0xc02ff852,0xc03017dd,0xc0308b23,0xc0359130,0xc0388378,0xc03d0f5a,0xc03fda37,
  0xc041a62e,0xc041cb0d,0xc0424dcf,0xc0430417,0xc0453b21,0xc0479831,0xc047e3dd,0xc04846f1,0xc0488ada,0xc049b546,0xc04a0d94,0xc04b0f0e,
  0xc04c6517,0xc04e12b9,0xc051e398,0xc05205c0,0xc053fa30,0xc0549e1b,0xc055374b,0xc05b9e6d,0xc05da588,0xc05f5a94,0xc05f9be6,0xc05fa1d3,
  0xc060991e,0xc0646501,0xc0674469,0xc067ef30,0xc0680946,0xc068e05f,0xc06d93a4,0xc06dda79,0xc06e80e3,0xc0713dfe,0xc0724572,0xc07726ed,
  0xc07b122b,0xc07cd61e,0xc0843af3,0xc08b17df,0xc08d26cc,0xc08e8275,0xc092527c,0xc092a112,0xc0937ffe,0xc0952d31,0xc09590f1,0xc0964b55,
  0xc09b741f,0xc09bace3,0xc09f068d,0xc09f44e7,0xc0a25844,0xc0a88ef1,0xc0ac7d31,0xc0b0c970,0xc0b16bf7,0xc0b28704,0xc0b32445,0xc0b331a9,
  0xc0b3afe0,0xc0b659a8,0xc0b6d770,0xc0b76644,0xc0b96e26,0xc0bad59c,0xc0bc3492,0xc0c10804,0xc0c1a68b,0xc0c4583b,0xc0c557dc,0xc0c59f7f,
  0xc0c6f921,0xc0cb41e3,0xc0cb76ca,0xc0d09074,0xc0d28345,0xc0d5e145,0xc0d8a365,0xc0d976f6,0xc0dbe915,0xc0dd6c69,0xc0de0685,0xc0e080f3,
  0xc0e09010,0xc0e1a1bd,0xc0e24222,0xc0e7a741,0xc0e7bb69,0xc0e82f8a,0xc0e9d604,0xc0ec6c10,0xc0ece3dd,0xc0efb71c,0xc0f0706a,0xc0f0cf7b,
  0xc0f29b92,0xc0f33cd0,0xc0f4431f,0xc0f544f2,0xc0f5a53a,0xc0f5d6f5,0xc0f6d82e,0xc0f76641,0xc0f934cc,0xc0f9cc1a,0xc0fa9072,0xc0fdf040,
  0xc100c5d8,0xc101da4f,0xc10212a2,0xc1032a20,0xc1045788,0xc1048c1f,0xc10496db,0xc105d67d,0xc10a2319,0xc10d34e7,0xc10ecc07,0xc111a56d,
  0xc1141972,0xc115bfe7,0xc118b780,0xc11a4c3c,0xc11d3e99,0xc11ed8cd,0xc11f677a,0xc120c765,0xc121358f,0xc1218ab2,0xc1244a35,0xc126c815,
  0xc127e47e,0xc12931c2,0xc129a912,0xc12cec96,0xc12d4ad8,0xc12e1bb4,0xc12ef142,0xc13077e1,0xc1320b33,0xc1320d28,0xc132c617,0xc133ebbd,
  0xc133fe93,0xc1362f7c,0xc1390ce4,0xc139398f,0xc1393bcd,0xc13b89c1,0xc13c00e9,0xc1416a06,0xc143da35,0xc145c4b0,0xc1477c20,0xc148a8c9,
  0xc1492bc8,0xc14b1903,0xc14d21f9,0xc14e286e,0xc1522988,0xc152e215,0xc153d771,0xc153e98f,0xc1541110,0xc157b970,0xc1583859,0xc15a3c60,
  0xc15ac87b,0xc15b8136,0xc15d4f10,0xc15ef0a2,0xc1600185,0xc160f3bb,0xc168a6ba,0xc16a52d9,0xc16b27ad,0xc16d458c,0xc16d57c7,0xc16f4a49,
  0xc170a191,0xc171c570,0xc171d58e,0xc1722473,0xc175abd7,0xc17674ab,0xc178556d,0xc178ec55,0xc17b4d9e,0xc17e9bd5,0xc181578b,0xc182c80c,
  0xc183e8e9,0xc184aabd,0xc186777d,0xc187cb1e,0xc187f2fb,0xc18a635a,0xc18f18b5,0xc1917ce5,0xc19232e1,0xc1945a25,0xc199379c,0xc19aa555,
  0xc19b4f7b,0xc19cdaff,0xc19dd138,0xc19e4a43,0xc19f531d,0xc1a1049b,0xc1a147ad,0xc1a2cf8d,0xc1a4bafb,0xc1a4e625,0xc1a679a5,0xc1a81082,
  0xc1abbab3,0xc1af799e,0xc1afdc1a,0xc1b0537e,0xc1b14c46,0xc1b1cc98,0xc1b1edf1,0xc1b1f16d,0xc1b2c88d,0xc1b515ff,0xc1b5549e,0xc1b992a2,
  0xc1ba1cc8,0xc1bc4f16,0xc1be0682,0xc1beb64b,0xc1beb7c1,0xc1c09d67,0xc1c0cc33,0xc1c12ec4,0xc1c321ad,0xc1c6b3fe,0xc1c840df,0xc1c9fdaf,
  0xc1cb2d16,0xc1cbb596,0xc1cc1f53,0xc1cc913b,0xc1ce4559,0xc1cfe7bc,0xc1d01ad9,0xc1d12af8,0xc1d243cb,0xc1d6746c,0xc1d690fc,0xc1d78e2e,
  0xc1d79f64,0xc1db1a80,0xc1dc8cc1,0xc1dd8985,0xc1deb1c9,0xc1e24b84,0xc1e34fe5,0xc1e764f7,0xc1e770d1,0xc1e95470,0xc1e97594,0xc1ea27b5,
  0xc1eb6455,0xc1ebf68a,0xc1ee1697,0xc1ef8bfc,0xc1f4cb84,0xc1f642f0,0xc1f730b2,0xc1fb1bb7,0xc1fb3f9c,0xc1fd1233,0xc1ff916f,0xc2000245,
  0xc2007591,0xc2015d59,0xc206c1a7,0xc2076ec7,0xc20a889d,0xc20c0166,0xc20cff3c,0xc20d209d,0xc20dd16c,0xc21081ce,0xc211209c,0xc2112d21,
  0xc21333d3,0xc2158949,0xc216900e,0xc2184afa,0xc21ac9ec,0xc21bf0db,0xc21d0906,0xc21fac67,0xc2218b71,0xc22392fe,0xc22831d5,0xc229713f,
  0xc22b89cf,0xc22bb531,0xc22d2096,0xc22e780e,0xc230cd1f,0xc2315dcb,0xc231afae,0xc23546fb,0xc237c9e5,0xc2396e21,0xc239ef69,0xc23bb518,
  0xc23c6675,0xc23fb94d,0xc23fdb8f,0xc2407c07,0xc2419abb,0xc241c47b,0xc2424015,0xc244018c,0xc2442126,0xc24547ef,0xc245e7ae,0xc2475774,
  0xc2489f8a,0xc248efa3,0xc24a5bc0,0xc24ac839,0xc24bfbeb,0xc24d0f56,0xc253386e,0xc253e945,0xc2576d31,0xc2588cfc,0xc25a3af1,0xc25b641c,
  0xc25c61bd,0xc261ffb2,0xc2620fbd,0xc2645e60,0xc2651f7e,0xc2656bc2,0xc26599ca,0xc2664bbd,0xc26666c6,0xc2666b53,0xc2687f6b,0xc2698da8,
  0xc26a50cd,0xc26b06ed,0xc26c055d,0xc26cdb23,0xc26cdded,0xc26d4931,0xc26e280d,0xc2718dd7,0xc271d423,0xc27353ba,0xc273da77,0xc2741ce1,
  0xc2756203,0xc276e21e,0xc2770bc4,0xc278145c,0xc278ebbe,0xc27ab817,0xc27b2a54,0xc27c1de0,0xc27c3bf4,0xc27c8755,0xc282b91a,0xc284328d,
  0xc284c2a3,0xc284c3dc,0xc286d1b2,0xc288e720,0xc289d30d,0xc28cc099,0xc28e734d,0xc28f91e3,0xc28fe769,0xc290693e,0xc290f68c,0xc2913f21,
  0xc2916c1f,0xc294d03b,0xc2961094,0xc29636bd,0xc2968ef8,0xc298e457,0xc2995b7f,0xc299982e,0xc29b4bad,0xc29ca971,0xc29d0744,0xc29da596,
  0xc29e2d7c,0xc29e6d84,0xc2a2074c,0xc2a2f3fc,0xc2a4b1c8,0xc2a7a91e,0xc2a906b0,0xc2a9b33b,0xc2aaf9f2,0xc2abe45c,0xc2ad1a45,0xc2adb9ad,
  0xc2b3971c,0xc2b41536,0xc2b6c2dc,0xc2b7d393,0xc2b833f8,0xc2b98e70,0xc2bc1e36,0xc2c1e4aa,0xc2c1f3bf,0xc2c23f0c,0xc2c27b76,0xc2c3da8a,
  0xc2c63baf,0xc2c64384,0xc2c7f49e,0xc2c82167,0xc2ca0cb4,0xc2cb79d9,0xc2ce2f14,0xc2cf6ec4,0xc2d02cff,0xc2d0c315,0xc2d36f5a,0xc2d86ecf,
  0xc2d93785,0xc2dc036a,0xc2df6c46,0xc2e023ae,0xc2e0a473,0xc2e10083,0xc2e3a0ee,0xc2e62750,0xc2e66c79,0xc2e7c96f,0xc2e85df4,0xc2ea0ed5,
  0xc2ea1d6f,0xc2ea74bc,0xc2eb838e,0xc2ebf78d,0xc2ec0ba9,0xc2ed0ccd,0xc2ee2c5c,0xc2f3f8ce,0xc2f679be,0xc2f9700f,0xc2fbb9e4,0xc2fff363,
  0xc30138c0,0xc30486b3,0xc306a110,0xc3071ff2,0xc3086239,0xc308fdc0,0xc309246d,0xc30bb187,0xc30ebf19,0xc3114da0,0xc3114ede,0xc31163f7,
  0xc3125461,0xc312f9ae,0xc313d059,0xc3150d5e,0xc3175a9b,0xc31803f5,0xc3199b18,0xc31af755,0xc31cba44,0xc31de3e0,0xc31e2b8a,0xc31f9594,
  0xc322aafc,0xc32366cc,0xc324b60d,0xc3269091,0xc3278f1f,0xc328fbdd,0xc32d1124,0xc32f1e73,0xc3305962,0xc335b95f,0xc33839ad,0xc33886bb,
  0xc3391ee9,0xc33c4dd5,0xc33e594a,0xc33ed08c,0xc340138e,0xc3413b87,0xc3415dd3,0xc34565e1,0xc345f8de,0xc349a711,0xc34b702a,0xc34d7692,
  0xc34d90c1,0xc3503076,0xc3506e07,0xc351da1c,0xc3525e4a,0xc3543256,0xc354c1f2,0xc354c9eb,0xc354ed94,0xc355c416,0xc355dcbf,0xc35653f1,
  0xc357d3e9,0xc3593353,0xc35953f1,0xc3599071,0xc35a6511,0xc35aaba0,0xc35abfa9,0xc3607ed4,0xc36725c3,0xc367300a,0xc367651b,0xc36b776f,
  0xc36e2365,0xc36eccb9,0xc36fc1a6,0xc37591a4,0xc376d265,0xc3771e57,0xc3797710,0xc37abf77,0xc37c1770,0xc37c2239,0xc37ca258,0xc37eef55,
  0xc37fad4f,0xc3810c2d,0xc3812d1b,0xc382a939,0xc382bebb,0xc382d952,0xc3846418,0xc387ba90,0xc388bb0b,0xc3896f16,0xc389d3b7,0xc38e2fae,
  0xc38e6875,0xc3914714,0xc392f339,0xc39587f7,0xc3960728,0xc396c0f9,0xc3970acc,0xc397504c,0xc398244e,0xc39aad9e,0xc39f6b58,0xc3a11e60,
  0xc3a8d61e,0xc3a8d881,0xc3ada396,0xc3aecb47,0xc3afb180,0xc3b0a58b,0xc3b24759,0xc3b603e9,0xc3b78123,0xc3be8de3,0xc3bec6a9,0xc3bfb954,
  0xc3c3616d,0xc3c3f7fc,0xc3c5c808,0xc3c7af2a,0xc3c97ca4,0xc3ca00b5,0xc3ca322e,0xc3cc5a78,0xc3cd681f,0xc3d10f6b,0xc3d2525b,0xc3d2568d,
  0xc3d3a7a7,0xc3d4c8da,0xc3d5193b,0xc3d8512f,0xc3d88a6e,0xc3da41cc,0xc3da78f6,0xc3dfebfa,0xc3e3ac92,0xc3e3dcab,0xc3e4833e,0xc3e4e18c,
  0xc3e5797e,0xc3e9c8a1,0xc3ea5e70,0xc3eb2b37,0xc3ef8c59,0xc3f05a8e,0xc3f1bbc6,0xc3f296ae,0xc3f32569,0xc3f57de3,0xc3f5e924,0xc3f86400,
  0xc3f9eed9,0xc3fcd2df,0xc3fce7c0,0xc3ffceaf,0xc40313c1,0xc403f63b,0xc40749cc,0xc409b595,0xc40a5ee0,0xc40e0b54,0xc40ee40e,0xc4111733,
  0xc411772e,0xc4137324,0xc417c48e,0xc417cf8f,0xc417fa82,0xc418bb03,0xc41a8275,0xc41b214c,0xc41c26d9,0xc41d5b17,0xc42074cc,0xc422ff34,
  0xc426a4f1,0xc426d401,0xc4275574,0xc42796bd,0xc427fbed,0xc4284011,0xc42946a4,0xc42a6963,0xc42af048,0xc42bac8f,0xc42c68f3,0xc42d3c3f,
  0xc42e85d5,0xc431db0d,0xc43535db,0xc4354129,0xc43681ec,0xc4379bbc,0xc438aa30,0xc439183a,0xc439aef9,0xc43df70d,0xc43f07f0,0xc4410de5,
  0xc4423c26,0xc444852c,0xc444ff45,0xc4465723,0xc4476360,0xc44cbb39,0xc44d461d,0xc4513929,0xc4514ff9,0xc451944c,0xc4570103,0xc459cb51,
  0xc45e317c,0xc45f254d,0xc45f3b71,0xc460bb4c,0xc461e497,0xc4636402,0xc464dd19,0xc466d9b9,0xc4672777,0xc46a4faf,0xc46ab7e4,0xc46d3c07,
  0xc46d578a,0xc46fbf5c,0xc47288c4,0xc472e307,0xc4740f9a,0xc474c0f4,0xc4766f83,0xc481b1e7,0xc482cafc,0xc483e1d3,0xc484af17,0xc4853f6f,
  0xc486bba0,0xc48711e8,0xc487dec3,0xc4883089,0xc4884322,0xc48959ac,0xc48bf952,0xc48f8dec,0xc490bc78,0xc492d752,0xc493fddc,0xc497eabb,
  0xc498d2e1,0xc499e664,0xc49a2fdb,0xc49f0878,0xc4a07b59,0xc4a147f7,0xc4a1656e,0xc4a7654b,0xc4a874b9,0xc4a8ecf3,0xc4a955a5,0xc4aebc46,
  0xc4af3414,0xc4b0318a,0xc4b09919,0xc4b0e1e6,0xc4b10f35,0xc4b1b706,0xc4b290ad,0xc4b298f5,0xc4b49f8e,0xc4b4ac6b,0xc4b59321,0xc4b7fc43,
  0xc4b7fc5b,0xc4b8ba5d,0xc4bf47e3,0xc4c0111e,0xc4c0d3ee,0xc4c4a392,0xc4c5f9a3,0xc4c6f0de,0xc4c72f14,0xc4c93a46,0xc4cb2921,0xc4cb8a2d,
  0xc4cc7de4,0xc4cfe927,0xc4d03a5d,0xc4d0c46c,0xc4d349cd,0xc4d3d74b,0xc4d6ddb6,0xc4d839e4,0xc4db6a0c,0xc4dbfee6,0xc4dc48c5,0xc4dc8706,
  0xc4de91e8,0xc4dfb088,0xc4e3a3e7,0xc4e590b3,0xc4e63874,0xc4e74333,0xc4ea4a16,0xc4ec34ea,0xc4ee7459,0xc4ef9d9c,0xc4f06b58,0xc4f1c2c3,
  0xc4f2fdd2,0xc4f34a8f,0xc4f4c233,0xc4f5b388,0xc4f63896,0xc4fe6038,0xc4ff9adf,0xc4ffdb8d,0xc500e3c3,0xc5035493,0xc5052542,0xc5070ebd,
  0xc5072a91,0xc50a01a8,0xc50a2c27,0xc50b1e61,0xc50cac1f,0xc50dc3b8,0xc50f80cc,0xc5106ba2,0xc51262bd,0xc515c567,0xc51626cf,0xc5176a95,
  0xc519b656,0xc51ade39,0xc51be3ad,0xc51e1426,0xc51ed1c3,0xc52382be,0xc525a720,0xc527d56f,0xc5280f63,0xc52b1e97,0xc52b7c38,0xc52ca244,
  0xc530a612,0xc5337600,0xc5344e4b,0xc538b3d6,0xc53928e3,0xc53a9b57,0xc53cebea,0xc53dcde1,0xc5410b44,0xc5449804,0xc544d29e,0xc5450dba,
  0xc548038d,0xc548d840,0xc548da2e,0xc54e7b0b,0xc5505726,0xc5505b7d,0xc550d9a5,0xc5511e95,0xc551ab48,0xc553b815,0xc5574508,0xc5584812,
  0xc5590e4f,0xc55affd9,0xc55d68f6,0xc55e5fed,0xc55ecbbe,0xc55ed6eb,0xc5613578,0xc561e12b,0xc56243ef,0xc562a70a,0xc567880f,0xc56bfc60,
  0xc5713a78,0xc571c342,0xc5743f50,0xc575b408,0xc577547d,0xc578c3e5,0xc579c23e,0xc57eae0f,0xc57f083b,0xc581db5c,0xc582ac39,0xc5836b21,
  0xc583e8db,0xc5858688,0xc5874c93,0xc588a19c,0xc589b7dd,0xc58edfeb,0xc590a695,0xc591eb30,0xc5928d64,0xc592dc55,0xc592f955,0xc593ee0d,
  0xc5966659,0xc59b04b9,0xc59fcd97,0xc5a08e34,0xc5a0f7d4,0xc5a2c633,0xc5a3b89a,0xc5a437bf,0xc5a5f19b,0xc5a61b12,0xc5a64632,0xc5a6595d,
  0xc5a6e527,0xc5a781b5,0xc5a96a51,0xc5af7a47,0xc5b28243,0xc5b37d8e,0xc5b3812e,0xc5b47388,0xc5b66ca6,0xc5b72f2b,0xc5b9d540,0xc5bacb10,
  0xc5c0e360,0xc5c13efa,0xc5c1d824,0xc5c51030,0xc5c57c5a,0xc5c80bd0,0xc5c9797b,0xc5c98519,0xc5caeb71,0xc5cb9c76,0xc5cc40b7,0xc5ce678a,
  0xc5cf35d9,0xc5cfc43f,0xc5d04cc7,0xc5d10318,0xc5d1233e,0xc5d18b09,0xc5d1c7aa,0xc5d3728f,0xc5d8d1ec,0xc5db9268,0xc5dca7cf,0xc5df2124,
  0xc5e0c1bc,0xc5e6998b,0xc5e77087,0xc5ea35bd,0xc5ea5512,0xc5f060c9,0xc5f0be77,0xc5f6c015,0xc5f73994,0xc5f79c09,0xc607105e,0xc60abe26,
  0xc60b83ac,0xc60bb490,0xc60fe56e,0xc6132ada,0xc61614f8,0xc61a19d6,0xc61ab677,0xc61b4a83,0xc61ce282,0xc6204456,0xc6254444,0xc6271204,
  0xc6276c7b,0xc629b5e3,0xc62a229d,0xc62dfb04,0xc6350a86,0xc635cfcf,0xc63816ea,0xc639e6fa,0xc63d1470,0xc63d692f,0xc63f2082,0xc641cc06,
  0xc642e2d2,0xc6448ac0,0xc645ec6e,0xc64c7202,0xc64cec78,0xc64e1d72,0xc64f880b,0xc6502535,0xc652c595,0xc654176d,0xc65c9cc6,0xc65cf7f1,
  0xc6600a1f,0xc6607f96,0xc66336c3,0xc66541f4,0xc666a141,0xc6681c88,0xc6687813,0xc66cc5c6,0xc66d9056,0xc66ddc55,0xc6718777,0xc671e886,
  0xc674b369,0xc67514f4,0xc6760118,0xc6766a73,0xc6772630,0xc67856c9,0xc67939df,0xc6795cb8,0xc67caebf,0xc67dcc76,0xc67e7361,0xc681d4b6,
  0xc6820ba5,0xc682cd2b,0xc685eb94,0xc6885eff,0xc6894d4f,0xc68c2770,0xc68c9f64,0xc68ca17d,0xc68d6c89,0xc68dad9e,0xc68eb422,0xc68f427c,
  0xc68ff50c,0xc690930b,0xc692cb97,0xc694f39e,0xc69ae8ad,0xc69c5810,0xc69dc6f0,0xc69ec0ca,0xc6a05cad,0xc6a1a496,0xc6a99637,0xc6aaaf68,
  0xc6ac64d1,0xc6b12b3d,0xc6b52d06,0xc6b8106f,0xc6b8f711,0xc6b91a3d,0xc6ba35aa,0xc6ba3647,0xc6bab693,0xc6bad6d5,0xc6bd2218,0xc6c04d2b,
  0xc6c07634,0xc6c12237,0xc6c1c3d5,0xc6c38f17,0xc6c5306e,0xc6c5be57,0xc6c677f8,0xc6ca29c1,0xc6cb80f2,0xc6cea8f7,0xc6d0219e,0xc6d10afc,
  0xc6d21a5f,0xc6d23006,0xc6d45c1b,0xc6d52284,0xc6d55f7b,0xc6d63ee5,0xc6d6cfbc,0xc6d6f440,0xc6d7ac93,0xc6d929b8,0xc6daf88e,0xc6dc01da,
  0xc6dc35e7,0xc6dc7354,0xc6de6e82,0xc6e14821,0xc6e5630a,0xc6e6505b,0xc6eb5c03,0xc6ed76bc,0xc6edf910,0xc6ee4e92,0xc6effd94,0xc6f07ad9,
  0xc6f2f693,0xc6f732fa,0xc6f75bb1,0xc6f97b94,0xc6f9b955,0xc6faa7fc,0xc6fe9b68,0xc7021faf,0xc702bf70,0xc70740f0,0xc70cf6d1,0xc70d89a2,
  0xc70f3ba8,0xc71101f4,0xc7121e86,0xc7139dda,0xc713f0b4,0xc7141340,0xc7175a4b,0xc71be1a5,0xc71dc3ae,0xc71f1edf,0xc71f222c,0xc72090ec,
  0xc722c8b2,0xc722d4f4,0xc723385d,0xc723ca4d,0xc7263743,0xc7263cb0,0xc72937c4,0xc72a684c,0xc72b595c,0xc72ee668,0xc730a555,0xc7320dd7,
  0xc732ec1b,0xc73427e5,0xc7380839,0xc739d84f,0xc73af593,0xc741031e,0xc7426f35,0xc744ec12,0xc74585de,0xc74667c6,0xc7467e09,0xc747635f,
  0xc747c507,0xc7489497,0xc748c4d2,0xc74a1efb,0xc74b3a62,0xc74be8ac,0xc74d5a90,0xc74e648b,0xc7526efc,0xc752985a,0xc7540be1,0xc75568f6,
  0xc755942c,0xc75631be,0xc7588d4d,0xc758d598,0xc75ab43f,0xc75cd0da,0xc75db55d,0xc7605585,0xc76149d3,0xc7618791,0xc762b56e,0xc7653982,
  0xc766580a,0xc766ee8f,0xc767addb,0xc7692adc,0xc76b407b,0xc76bf0f7,0xc76ec0db,0xc76feaf0,0xc770ec26,0xc7740347,0xc7751efc,0xc7771b00,
  0xc7772b76,0xc778e04c,0xc778f08c,0xc779c0f3,0xc77c39ae,0xc77f71d7,0xc780bebc,0xc783799c,0xc783d347,0xc78638c2,0xc7863cf0,0xc7866586,
  0xc78cb1f2,0xc78e1115,0xc78e546e,0xc78e64fd,0xc790cc35,0xc790f661,0xc79108b0,0xc79274ef,0xc7946122,0xc7966642,0xc799758c,0xc799b6fc,
  0xc799fcea,0xc79a4a0a,0xc79c11b1,0xc79db7dc,0xc79fa005,0xc7a05dbd,0xc7a3b185,0xc7a63382,0xc7a8ae16,0xc7a9ebae,0xc7afc452,0xc7b01cef,
  0xc7b04108,0xc7b12426,0xc7b5665c,0xc7b6e13d,0xc7b71985,0xc7b98133,0xc7bbd71e,0xc7bce2aa,0xc7bde72b,0xc7be9410,0xc7c0303f,0xc7c1d99c,
  0xc7c3118f,0xc7c465d5,0xc7c73cf2,0xc7cb0596,0xc7ccb5b8,0xc7cd1da1,0xc7cd489f,0xc7cfb2d6,0xc7d19d7a,0xc7d25d50,0xc7d3646e,0xc7d7065c,
  0xc7d725b7,0xc7da5322,0xc7e00154,0xc7e03973,0xc7e15548,0xc7e4e50a,0xc7e6ca17,0xc7e7c72d,0xc7e80091,0xc7e970ae,0xc7ecd8d3,0xc7ee22a5,
  0xc7eeaae5,0xc7efa06d,0xc7f05792,0xc7f11dff,0xc7f28c67,0xc7f42049,0xc7f4bf25,0xc7f5413f,0xc7f6309b,0xc7f73c95,0xc7f752fb,0xc7f82387,
  0xc7f87466,0xc7f9067f,0xc7f91eb7,0xc7f953df,0xc7fd09ad,0xc7fd0e4a,0xc7fd9715,0xc7fedac0,0xc7ff9d05,0xc7fff326,0xc800186b,0xc80381cb,
  0xc804048b,0xc80b20c2,0xc80b2353,0xc80b804f,0xc80c3250,0xc80ec15e,0xc810197d,0xc8104350,0xc8135a01,0xc8152349,0xc8176a41,0xc819fac5,
  0xc81aeead,0xc81b39d4,0xc81d19bb,0xc81f613d,0xc8207e2c,0xc820cf5c,0xc820dc98,0xc8219b95,0xc82399fb,0xc825f8c9,0xc8267969,0xc826a6db,
  0xc827b350,0xc8293f3a,0xc82cc3cd,0xc82e6f99,0xc82fd1b7,0xc830a289,0xc8327727,0xc832bab0,0xc834f3d1,0xc8353227,0xc835bef1,0xc839c160,
  0xc83b56ce,0xc83baccd,0xc83e3039,0xc83efefd,0xc83f26d9,0xc83ffe8f,0xc841787b,0xc8469a66,0xc8486442,0xc84a0687,0xc84ad84c,0xc84b2afb,
  0xc84de81f,0xc85077e2,0xc856769c,0xc856b9dc,0xc8581e64,0xc8589b55,0xc85da457,0xc85edc65,0xc85fdbf4,0xc862794a,0xc863e61f,0xc864180b,
  0xc86499e6,0xc86538ed,0xc86574ca,0xc867ad5e,0xc86a82f2,0xc86ab37b,0xc86f153f,0xc871bb78,0xc8728ad1,0xc87295d3,0xc872b2aa,0xc87435cd,
  0xc8776e86,0xc877fbc1,0xc8793468,0xc8795a32,0xc87c4aa2,0xc87cb4e6,0xc87df68b,0xc88022c6,0xc8805a5c,0xc880c9dc,0xc8818138,0xc8819dcd,
  0xc881b1a2,0xc881c037,0xc882265b,0xc882a021,0xc8831e0f,0xc8893a33,0xc88c525b,0xc88ca885,0xc88ef6fc,0xc8918a3e,0xc891def6,0xc892840c,
  0xc8984242,0xc8997cce,0xc899e18f,0xc89a31e6,0xc89b21e2,0xc89ce33e,0xc89e08b7,0xc89f1110,0xc8a052a8,0xc8a068a8,0xc8a1e7d6,0xc8a222fb,
  0xc8a4ca10,0xc8a79a62,0xc8a8d824,0xc8a9fbca,0xc8aa87f3,0xc8ad4a2b,0xc8b510ef,0xc8b5d8d9,0xc8b79b3c,0xc8b999ee,0xc8ba477f,0xc8baab7f,
  0xc8bbc461,0xc8bd3a33,0xc8c02455,0xc8c406b8,0xc8c7fa3c,0xc8c92e8a,0xc8ce1dfb,0xc8d4c3b1,0xc8d54fe5,0xc8da1a25,0xc8dae974,0xc8db2d4b,
  0xc8e2d53d,0xc8e79339,0xc8e7d87a,0xc8e94457,0xc8eb82a7,0xc8edb441,0xc8efe903,0xc8f02af6,0xc8f0a57f,0xc8f239e2,0xc8f4d914,0xc8f9d688,
  0xc8fc01f5,0xc8fc70c2,0xc8fff437,0xc9014c60,0xc901ff58,0xc904b17d,0xc905fa04,0xc906c552,0xc907518f,0xc90769f4,0xc907c170,0xc90aadcb,
  0xc90b455f,0xc90d6c4f,0xc90edbe9,0xc90f3c39,0xc910f469,0xc91202fb,0xc9121de1,0xc913becd,0xc913d96f,0xc9148d0f,0xc9153dc3,0xc915779f,
  0xc916c09f,0xc9171ccd,0xc919fb93,0xc91b4f24,0xc91c2307,0xc91de716,0xc91fd2f5,0xc9223168,0xc924a5a5,0xc9254927,0xc926b962,0xc9286cf8,
  0xc928d743,0xc929f13a,0xc92a2ea0,0xc92a7954,0xc92b09a0,0xc92b7162,0xc92bbac7,0xc92bcc31,0xc930a8b3,0xc93153de,0xc9317eab,0xc9326ec3,
  0xc932be13,0xc9330f70,0xc9359e8c,0xc93620f4,0xc93860f3,0xc93acaf9,0xc93c6010,0xc93cd725,0xc93dd8d5,0xc93e202c,0xc93e5b3a,0xc93eafe6,
  0xc940eb83,0xc94233b2,0xc94798cc,0xc9484a8d,0xc949f8c7,0xc94b7031,0xc94fe207,0xc94febb5,0xc9537db2,0xc9574eca,0xc957c5dd,0xc95944a6,
  0xc95a7be4,0xc95c8794,0xc95cf11d,0xc95f2dc5,0xc95f5d25,0xc9609aa2,0xc962519d,0xc9629fc3,0xc9632439,0xc9643c36,0xc964e8f9,0xc965fde9,
  0xc9688d2e,0xc96a0d5f,0xc96c267d,0xc96c3342,0xc96ce9f5,0xc96d9857,0xc96e1b19,0xc96e286d,0xc96f412e,0xc96ff0a2,0xc970898a,0xc971085d,
  0xc972233d,0xc9723bfa,0xc972ac69,0xc9735a3a,0xc9743b74,0xc97654b4,0xc97792c1,0xc97a2893,0xc97f0fd1,0xc97f995b,0xc98084ad,0xc98132ff,
  0xc9817a26,0xc984c4fc,0xc98a51da,0xc98b3983,0xc98c054c,0xc98c16f0,0xc98ed891,0xc98f67c9,0xc991d4bc,0xc9933616,0xc9951719,0xc9955110,
  0xc9957137,0xc996a098,0xc99997e1,0xc9a2ae29,0xc9a2c4c2,0xc9a3927f,0xc9a41553,0xc9a62b40,0xc9a79113,0xc9b10b07,0xc9b35bbb,0xc9b59f28,
  0xc9b5f6fd,0xc9b97f87,0xc9bbbffd,0xc9c08d9a,0xc9c8882e,0xc9c8a8cc,0xc9cc1945,0xc9cdd306,0xc9cef7e3,0xc9cf3f98,0xc9d1a11e,0xc9d23901,
  0xc9d29baa,0xc9d444c8,0xc9d5084a,0xc9d7837d,0xc9d7db94,0xc9d93f99,0xc9db71a9,0xc9e0a770,0xc9e25cf1,0xc9e5f962,0xc9e6aef1,0xc9e7e383,
  0xc9ea2e03,0xc9ed232a,0xc9eeefee,0xc9ef0861,0xc9f0b08c,0xc9f22e45,0xc9f36a10,0xc9f3a916,0xc9f45fd9,0xc9f5124f,0xc9f5929f,0xc9f69fa7,
  0xc9fc8f38,0xc9fd8c5f,0xca00985f,0xca01b4f7,0xca031a1b,0xca08cdec,0xca0b6021,0xca0c63f0,0xca0ed8e8,0xca116cc6,0xca11f0ce,0xca133e48,
  0xca135868,0xca139ed8,0xca14b714,0xca15b9f4,0xca189cb6,0xca1b755a,0xca1cc79a,0xca1cf852,0xca1dff14,0xca1e94a7,0xca20888e,0xca22b4ac,
  0xca245520,0xca24a87b,0xca24f219,0xca26f706,0xca273ec7,0xca282d67,0xca29657f,0xca2a47c3,0xca2ca0ab,0xca2cc446,0xca2e212c,0xca300ae0,
  0xca31423e,0xca33de71,0xca35fd25,0xca37fc6a,0xca39a17e,0xca3a9426,0xca3aa985,0xca3af168,0xca3faff2,0xca44002a,0xca456470,0xca45e953,
  0xca4649fc,0xca46ebb4,0xca480e14,0xca48bd87,0xca4b61d5,0xca4bced5,0xca4c4ed9,0xca4db63f,0xca4f543d,0xca511c09,0xca519dac,0xca53e944,
  0xca55afe0,0xca573e25,0xca579176,0xca584c5a,0xca5cf90d,0xca5d2ba0,0xca5e0bae,0xca5e6d55,0xca5eeb3c,0xca5ffae6,0xca60924d,0xca6184cb,
  0xca61af90,0xca61f1a7,0xca64ef99,0xca668291,0xca682d7d,0xca6d0a5d,0xca6d68e6,0xca6faaef,0xca7001f5,0xca72dde5,0xca736b48,0xca73bec0,
  0xca74348f,0xca74f2a8,0xca76279c,0xca776fd8,0xca7800c3,0xca792dd8,0xca7b600f,0xca7bd28d,0xca84219f,0xca85514a,0xca88a280,0xca8bec00,
  0xca8c66f0,0xca8f1d45,0xca93ddf1,0xca956449,0xca97423e,0xca983421,0xca98bdbf,0xca9a8d21,0xca9d871f,0xca9ffdbe,0xcaa39c0b,0xcaa599d8,
  0xcaa76bf4,0xcaa95438,0xcaac2dff,0xcaadf14d,0xcaaef538,0xcaafdabc,0xcab1e219,0xcab5fe21,0xcab76b11,0xcab789d0,0xcaba52bd,0xcabb73b4,
  0xcabc866b,0xcabf3bf3,0xcac07b54,0xcac14714,0xcac1a618,0xcac2dde0,0xcac2f843,0xcac8f750,0xcacabba4,0xcacbd3f6,0xcad0a762,0xcad165c6,
  0xcad3ae53,0xcad4508f,0xcad46f3f,0xcad6138b,0xcad72327,0xcad840ce,0xcad9d87c,0xcad9f48f,0xcada0438,0xcadaa9a9,0xcadac342,0xcadcee62,
  0xcade7a16,0xcae2b388,0xcae4b81e,0xcae60f42,0xcae6130f,0xcae7f0f8,0xcaea16ad,0xcaeba337,0xcaec9f1e,0xcaf3edc6,0xcaf409d0,0xcaf41896,
  0xcaf52fab,0xcaf58943,0xcafa64c3,0xcafac6cf,0xcafc7ba0,0xcafebc29,0xcaff0504,0xcaffb0c4,0xcb020d67,0xcb029487,0xcb02b67a,0xcb06d15b,
  0xcb06e2e9,0xcb092d6d,0xcb094ea1,0xcb0955c1,0xcb0b090e,0xcb0cfc0e,0xcb0eccdd,0xcb0f58e1,0xcb11c180,0xcb1357dc,0xcb1b7617,0xcb1b9ebd,
  0xcb1ed876,0xcb1fa8a9,0xcb201531,0xcb241c4e,0xcb265f89,0xcb26eaa1,0xcb274448,0xcb2a1b7e,0xcb2d1a7e,0xcb2e0918,0xcb31c2ad,0xcb34d9ed,
  0xcb3806c2,0xcb39201e,0xcb393902,0xcb39a02e,0xcb3b663d,0xcb3e4d32,0xcb3e8707,0xcb3e9118,0xcb408546,0xcb412c4c,0xcb41ae3f,0xcb41b5eb,
  0xcb4226da,0xcb439136,0xcb4779e6,0xcb48e371,0xcb495d3c,0xcb4e1390,0xcb4e6695,0xcb4ece01,0xcb50b5c5,0xcb51bbd5,0xcb54ce26,0xcb56bbf8,
  0xcb5933d9,0xcb59e0e6,0xcb5d38f7,0xcb600c49,0xcb6278a7,0xcb636bab,0xcb64090a,0xcb642c8a,0xcb659795,0xcb660f67,0xcb68a330,0xcb69faae,
  0xcb6da3bf,0xcb6f1974,0xcb713cde,0xcb72d0c0,0xcb737e42,0xcb77fc83,0xcb781778,0xcb799649,0xcb7a7f86,0xcb7d451e,0xcb80bbce,0xcb835dd3,
  0xcb845bcb,0xcb87c6ef,0xcb87d9fb,0xcb8a5da4,0xcb8bfedf,0xcb8c8d22,0xcb8ecd5e,0xcb8fb982,0xcb91a121,0xcb91ac8f,0xcb94e3d0,0xcb96b1a5,
  0xcb97b7b2,0xcb9de758,0xcba0038a,0xcba2f0e9,0xcba565c8,0xcba686c5,0xcba97311,0xcba987bc,0xcba9eb0e,0xcbaa46fe,0xcbab37ac,0xcbacb161,
  0xcbb22a98,0xcbb376e2,0xcbb7fff2,0xcbbb503c,0xcbbdf6ed,0xcbbf6ac9,0xcbc13c9b,0xcbc26c5c,0xcbc33494,0xcbc61098,0xcbc87e64,0xcbc92c28,
  0xcbc9c44a,0xcbcdd7f0,0xcbcec2ad,0xcbcfe8ee,0xcbd1b324,0xcbd2b1fe,0xcbd2f6e6,0xcbd3bdf2,0xcbd5e1e3,0xcbd61e8b,0xcbd9fc23,0xcbdc8e39,
  0xcbdd5acc,0xcbdfec2c,0xcbe1eeba,0xcbe2e25a,0xcbe6036a,0xcbe60e04,0xcbe9193b,0xcbe95df1,0xcbeb5bfc,0xcbeb6c3a,0xcbeba178,0xcbecb6a0,
  0xcbedf483,0xcbee40bb,0xcbefcb27,0xcbf2f692,0xcbf314d1,0xcbf317a0,0xcbf5b3c4,0xcbf68ebb,0xcbf8e99a,0xcbfaa970,0xcbfc3764,0xcbfce462,
  0xcbfda354,0xcbff2ac2,0xcbffe97d,0xcc02313e,0xcc0295f5,0xcc0311b4,0xcc043fb3,0xcc051a69,0xcc053f52,0xcc0731ba,0xcc083ec4,0xcc0c16f4,
  0xcc0dd58c,0xcc0e869f,0xcc0f64d2,0xcc12a220,0xcc13f408,0xcc18d54d,0xcc194c95,0xcc1a7981,0xcc1dc0eb,0xcc1fdd73,0xcc22c731,0xcc24d2c1,
  0xcc2a1b5d,0xcc2acf2d,0xcc2cc8fc,0xcc2f62e8,0xcc32106e,0xcc33bd0c,0xcc33e29d,0xcc34a8ed,0xcc352f3f,0xcc38228a,0xcc39ffa9,0xcc3ba1a1,
  0xcc3c0beb,0xcc3eb138,0xcc41b80a,0xcc429095,0xcc43f21c,0xcc44a074,0xcc462b18,0xcc4c4646,0xcc4f5628,0xcc4fd2c3,0xcc51c2ae,0xcc53bcd4,
  0xcc577fe6,0xcc580365,0xcc58490b,0xcc5d82db,0xcc6029f1,0xcc614959,0xcc631941,0xcc647114,0xcc65f988,0xcc662f5a,0xcc68bc4e,0xcc68c25b,
  0xcc6947b3,0xcc6a7541,0xcc6cb5ab,0xcc6d8bc4,0xcc6ecff1,0xcc7303f9,0xcc742094,0xcc74947a,0xcc7b3703,0xcc7baab9,0xcc7e535e,0xcc8057bd,
  0xcc8141ac,0xcc82472e,0xcc83a81f,0xcc85ad7d,0xcc86bc0b,0xcc8a4454,0xcc8b068f,0xcc8b31f2,0xcc8c8eda,0xcc8e881c,0xcc8f9f91,0xcc9176aa,
  0xcc92b54e,0xcc93d27d,0xcc952462,0xcc952b19,0xcc97e694,0xcc9ad0f0,0xcc9b6ade,0xcc9c68a9,0xcc9d3af8,0xcc9d9487,0xcc9e4696,0xcc9e4b0c,
  0xcc9eb7a2,0xcc9ee1da,0xcc9f4f0e,0xcca084fa,0xcca34a1f,0xcca603c9,0xcca8bcd5,0xcca90ba8,0xcca9884c,0xccaac480,0xccae0b48,0xccb0b4cb,
  0xccb35ec4,0xccba28df,0xccbe4b38,0xccbf3b63,0xccc23a5c,0xccc52cea,0xccc69d21,0xccc7b7a1,0xccce180e,0xccced880,0xccd0a45a,0xccd0feac,
  0xccd10e1b,0xccd1724d,0xccd4f225,0xccd5c749,0xccd85c63,0xccd9f570,0xccdc44df,0xccdd7e52,0xccdfeef2,0xcce0fb77,0xcce13f67,0xcce1bed6,
  0xcce1e59c,0xcce4e215,0xcce53cc7,0xcce56c57,0xcce9e97c,0xccead6cd,0xccec41d3,0xcceceb4f,0xccecf177,0xccedb17f,0xccedd5da,0xccef68a6,
  0xccf212c3,0xccf44929,0xccf457a8,0xccfb2022,0xccfb3925,0xcd019cc5,0xcd026480,0xcd03c11b,0xcd03cff1,0xcd041901,0xcd04348e,0xcd04d1f8,
  0xcd050972,0xcd08ad01,0xcd08e881,0xcd09e2f4,0xcd0a374a,0xcd0b27fb,0xcd0be966,0xcd0bf457,0xcd0e653a,0xcd0ed4af,0xcd0fe7e9,0xcd1276f0,
  0xcd135ed2,0xcd182553,0xcd18a79d,0xcd191178,0xcd1c3ade,0xcd1e9a5a,0xcd201588,0xcd206e12,0xcd21005f,0xcd232fad,0xcd2505e0,0xcd26a01c,
  0xcd2780ad,0xcd282f09,0xcd2b83d8,0xcd332325,0xcd34bac6,0xcd356604,0xcd385f75,0xcd3b279c,0xcd3e671e,0xcd3ed5e9,0xcd3ed6e1,0xcd428989,
  0xcd42fb3c,0xcd431328,0xcd45cbe0,0xcd465af8,0xcd4aa2da,0xcd4b291b,0xcd4c55af,0xcd4edca9,0xcd517127,0xcd525d05,0xcd548b33,0xcd56f31e,
  0xcd575b11,0xcd5872f6,0xcd593ec1,0xcd5cc008,0xcd5ec136,0xcd612361,0xcd61c8e8,0xcd643b09,0xcd659728,0xcd6684a9,0xcd6cdde4,0xcd6f977f,
  0xcd6fd6bd,0xcd7168e0,0xcd7357a9,0xcd753155,0xcd7554fd,0xcd7b02be,0xcd7b86e7,0xcd7d4bc4,0xcd7e48d2,0xcd81bea5,0xcd822d06,0xcd823109,
  0xcd82cdeb,0xcd8342a2,0xcd89115d,0xcd8b32a6,0xcd8cf891,0xcd8f6bee,0xcd909c15,0xcd91e1ac,0xcd941cce,0xcd954b0d,0xcd96dce7,0xcd97af90,
  0xcd9ada2e,0xcd9b21b9,0xcd9c130b,0xcd9c4556,0xcd9cdffb,0xcd9e03e9,0xcd9e34f5,0xcda005dc,0xcda0327f,0xcda1010e,0xcda362bb,0xcda5ec6c,
  0xcdaa9e5c,0xcdac00b2,0xcdae5993,0xcdaeb657,0xcdaff58e,0xcdb338da,0xcdb40085,0xcdb52305,0xcdb53e32,0xcdb54451,0xcdb6b913,0xcdb6d995,
  0xcdba6eb3,0xcdbb551b,0xcdbd0549,0xcdc08d22,0xcdc09210,0xcdc0df3d,0xcdc17819,0xcdc2a4d5,0xcdc71d8b,0xcdc9a1d9,0xcdcae00f,0xcdcb3db5,
  0xcdcf673c,0xcdcffe05,0xcdd2e8f8,0xcdd314b1,0xcdd3a2c7,0xcdd3cd15,0xcdd489c3,0xcdd5c607,0xcdd5fdd3,0xcddc458f,0xcddf6a1d,0xcddfe88d,
  0xcde098ed,0xcde129cf,0xcde3ef33,0xcde49edb,0xcde6efc2,0xcdeb8fcf,0xcded77be,0xcdefd596,0xcdf0d523,0xcdf13e20,0xcdf2f786,0xcdf5458e,
  0xcdf6acb6,0xcdf7523a,0xcdf7690b,0xcdf8395d,0xcdf841e8,0xcdf86d92,0xcdf9319b,0xcdf93e96,0xcdf9c450,0xcdfa9057,0xcdfc9e08,0xcdfcef69,
  0xcdfd4542,0xcdfe9acb,0xcdff36ed,0xcdff438e,0xcdff841c,0xce037771,0xce03889d,0xce0b0a97,0xce0c105f,0xce0caf89,0xce0dc900,0xce0e4509,
  0xce0e78b8,0xce12c6bd,0xce161e13,0xce175ab4,0xce19fc7b,0xce1a5e55,0xce1c9ef9,0xce1dd279,0xce1ed30d,0xce201a57,0xce22c924,0xce23e981,
  0xce24784d,0xce248210,0xce24debe,0xce24e404,0xce27980a,0xce297f7c,0xce29c98b,0xce29cfbb,0xce2ac4f0,0xce2c30cf,0xce2d2948,0xce2f5a73,
  0xce300b4a,0xce32155a,0xce32453c,0xce41b9f2,0xce420e62,0xce424707,0xce44331f,0xce46dad2,0xce474dc1,0xce4a18c9,0xce4c1ea2,0xce4c8853,
  0xce4cecdc,0xce4dbeda,0xce4dfefb,0xce4e6a85,0xce4fc16d,0xce4fd7d2,0xce523a65,0xce52d065,0xce5c09cf,0xce5fc1fe,0xce624394,0xce64d6ce,
  0xce64de20,0xce67dd65,0xce6810d8,0xce6859fb,0xce6a930c,0xce6dacd9,0xce6fdc74,0xce731638,0xce73220f,0xce73331c,0xce741bcf,0xce74bbf8,
  0xce76e50f,0xce7bd12d,0xce7bf664,0xce7c43f5,0xce826347,0xce841f3c,0xce86c71b,0xce88c653,0xce88fdba,0xce897ef5,0xce8a1f80,0xce8a64d1,
  0xce8cf2f6,0xce93cbdb,0xce952727,0xce95f6df,0xce96ece3,0xce986ddf,0xce9a77d8,0xce9b10ee,0xce9d88b1,0xce9f12c4,0xcea042e7,0xcea18c49,
  0xcea4cf56,0xcea66d39,0xcea68747,0xcea689f6,0xcea98bee,0xceab58e8,0xceabfbf3,0xceac77a0,0xcead2636,0xceaf6851,0xceb2bd10,0xceb3d296,
  0xceb41d0b,0xceb5ad45,0xceba0edb,0xcebd738a,0xcebfd739,0xcec18963,0xcec24953,0xcec2c7be,0xcec40bea,0xcec60222,0xcec6d005,0xcec9b51b,
  0xceca42e3,0xcecaa41d,0xcecc401d,0xceccf049,0xcecec49a,0xcecf3402,0xcecf9641,0xced155b4,0xced1a31d,0xced26b93,0xced3f9d4,0xced4bf09,
  0xced71e0b,0xced8a45f,0xced98fb8,0xceda4ecc,0xcedd84ab,0xcee053b8,0xcee0f88b,0xcee31b68,0xcee41cc4,0xcee4597a,0xcee52d8b,0xcee79d84,
  0xcee8c86a,0xceee6bc5,0xcef041c7,0xcef1f735,0xcef2302c,0xcef5dc85,0xcef5e69f,0xcef6a6ea,0xcef8fa92,0xcef9849d,0xcefa454c,0xcefb6e77,
  0xcefe1b1e,0xcf01e629,0xcf022f20,0xcf02abb2,0xcf03cc60,0xcf063872,0xcf0792f6,0xcf07d954,0xcf0aa7a9,0xcf0b5de3,0xcf0c2bdd,0xcf0d5aea,
  0xcf0e254c,0xcf0e96ea,0xcf12631c,0xcf138427,0xcf149862,0xcf151422,0xcf164e88,0xcf18de3f,0xcf199fca,0xcf19db5e,0xcf1b3a79,0xcf1bb009,
  0xcf1deaaa,0xcf1e5688,0xcf1ec5e9,0xcf1efd94,0xcf20af27,0xcf21faff,0xcf2231ee,0xcf23b9ce,0xcf2483d5,0xcf24eb8d,0xcf259245,0xcf25e2ad,
  0xcf26894b,0xcf2710dc,0xcf279e38,0xcf27f902,0xcf2c53ae,0xcf2e7fea,0xcf2f2e85,0xcf2f3bbd,0xcf351f78,0xcf3b363a,0xcf3c6819,0xcf3e73b0,
  0xcf3eb82a,0xcf3ef072,0xcf43260d,0xcf4387ee,0xcf457ada,0xcf45dbbb,0xcf464044,0xcf465110,0xcf47c248,0xcf48a7ed,0xcf490536,0xcf49f619,
  0xcf4bb637,0xcf4c1509,0xcf4c92ab,0xcf4ce390,0xcf4fecf6,0xcf511d37,0xcf519aed,0xcf5583f6,0xcf5773aa,0xcf5786dc,0xcf59c698,0xcf5df853,
  0xcf5fc707,0xcf5fdf39,0xcf600ab4,0xcf61247f,0xcf618a79,0xcf61986a,0xcf61da75,0xcf62d2c9,0xcf660129,0xcf664778,0xcf67f7d4,0xcf685945,
  0xcf6b93bc,0xcf6cc58d,0xcf6ccd4e,0xcf6d4e0b,0xcf6e368f,0xcf6f21c6,0xcf718b14,0xcf750b8d,0xcf7d617d,0xcf7de850,0xcf7f0ebb,0xcf81a27a,
  0xcf826a28,0xcf82dc6c,0xcf838972,0xcf869dd1,0xcf871cbb,0xcf876570,0xcf8a577f,0xcf8ca691,0xcf8d6517,0xcf8e0b12,0xcf931c5e,0xcf99d3d5,
  0xcf99fde9,0xcf9b95c7,0xcf9ba2fe,0xcfa13a07,0xcfa14000,0xcfa4af2e,0xcfa584a1,0xcfa59805,0xcfa7ddb7,0xcfa8605b,0xcfa92d15,0xcfaab41e,
  0xcfab4345,0xcfac677d,0xcfac9ee3,0xcfaedd99,0xcfaf591c,0xcfb018ed,0xcfb074bc,0xcfb0c8b9,0xcfb22ab8,0xcfb22f8a,0xcfb27716,0xcfb765af,
  0xcfbccd45,0xcfc21472,0xcfc350a0,0xcfc53ca7,0xcfc75cf7,0xcfca7c10,0xcfcc379d,0xcfcccc9f,0xcfce4c07,0xcfced6d7,0xcfd00ecd,0xcfd21407,
  0xcfd3c059,0xcfd3d6ed,0xcfd44103,0xcfd4f6c6,0xcfd770dc,0xcfd8521c,0xcfdd0b8f,0xcfdfcc7f,0xcfdfd8b2,0xcfe52b85,0xcfe88b27,0xcfeae83d,
  0xcfedc559,0xcfeddfd3,0xcfef987f,0xcfeff928,0xcff01fe8,0xcff2948d,0xcff57049,0xcff5b022,0xcff62d09,0xcffc98d6,0xcffd69f8,0xcffd9f15,
  0xcffdf00d,0xd000625a,0xd0022067,0xd008b6c5,0xd00b23a3,0xd00e79d0,0xd00e9ec7,0xd00ef4e5,0xd00ef5cb,0xd0109a66,0xd0110277,0xd01235db,
  0xd01291fb,0xd01366f0,0xd0154d85,0xd015887e,0xd016c8e8,0xd0176c53,0xd01b9e47,0xd01ca046,0xd01d5634,0xd01e2836,0xd01f320e,0xd020ff61,
  0xd025a7e4,0xd025dbc0,0xd02635d3,0xd028b6d1,0xd0299e18,0xd02d4aff,0xd02e52de,0xd030af77,0xd031b12d,0xd033c167,0xd03477aa,0xd0367c92,
  0xd036de63,0xd0378e61,0xd038326d,0xd039042e,0xd03a7d2c,0xd03b165a,0xd03c5d9c,0xd03f3032,0xd0406f63,0xd04344b6,0xd0471e19,0xd047b1cc,
  0xd047fe00,0xd0482780,0xd0483f47,0xd048ee04,0xd04a2c66,0xd04ca3ae,0xd04d7cf5,0xd050541d,0xd053c21e,0xd0566e8d,0xd0576c3b,0xd057ca17,
  0xd0580d8c,0xd05832bf,0xd0584ec3,0xd05abe98,0xd05c9f91,0xd05cd591,0xd05df0d4,0xd0600ea7,0xd060921a,0xd061dca6,0xd06322a4,0xd063e9b9,
  0xd06436e9,0xd065b41e,0xd06a5741,0xd06cab82,0xd06d161b,0xd06e55bd,0xd06e5832,0xd06e85bb,0xd07056ce,0xd07057dd,0xd070a119,0xd07385fb,
  0xd073d7d1,0xd07770b1,0xd077b46d,0xd07bbc29,0xd07c819a,0xd07d9555,0xd07e21e7,0xd07e4b16,0xd081e20a,0xd08330f5,0xd08bced0,0xd08c86d1,
  0xd08d43f4,0xd08eba45,0xd09000cc,0xd090834f,0xd091e32a,0xd092b306,0xd097d22f,0xd09e80fc,0xd09f6369,0xd09f7409,0xd0a0662a,0xd0a2dcfd,
  0xd0a8d257,0xd0aa8037,0xd0ac073e,0xd0acfb9f,0xd0ad34c4,0xd0ad545f,0xd0ae6167,0xd0af087f,0xd0b0eff6,0xd0b3c0fd,0xd0b8909b,0xd0b8fb4e,
  0xd0ba12d1,0xd0ba511c,0xd0bd2384,0xd0be4ac0,0xd0c07f75,0xd0c1040c,0xd0c27555,0xd0c446d8,0xd0c69d74,0xd0c9031c,0xd0c9bb14,0xd0cb42ff,
  0xd0cb6687,0xd0cbc699,0xd0ce080a,0xd0ce9fc7,0xd0cf0fdc,0xd0d0e037,0xd0d2ea38,0xd0d2f2d9,0xd0d66fc0,0xd0d8f44f,0xd0da159b,0xd0da4ed6,
  0xd0db26c3,0xd0dc4e24,0xd0dd1f87,0xd0df583a,0xd0e11cb7,0xd0e1601f,0xd0e25c39,0xd0e3ddc6,0xd0e6d891,0xd0e75c64,0xd0e99904,0xd0ec4208,
  0xd0ed2de6,0xd0f52de7,0xd0f5b0c8,0xd0f6568b,0xd0f75f9b,0xd0f880e2,0xd0f89666,0xd0f99717,0xd0f9bec2,0xd0fa13e7,0xd0fda401,0xd0ff3d04,
  0xd100df16,0xd106d3dd,0xd10a741d,0xd10d1c79,0xd10d4f6d,0xd10d7e66,0xd10e8f15,0xd10ed281,0xd1122584,0xd114dd98,0xd1152429,0xd116feaa,
  0xd1192b99,0xd11a0d98,0xd11bb275,0xd11d0da1,0xd11db44d,0xd11e83b3,0xd120acee,0xd12134ae,0xd122d6ef,0xd124cfc2,0xd128492c,0xd12b5af0,
  0xd12c994a,0xd12dd578,0xd135a663,0xd135db3f,0xd1397fc6,0xd13aae3e,0xd13e11ed,0xd13f3346,0xd143541d,0xd14358ae,0xd1487382,0xd14a8a47,
  0xd14c778a,0xd14cdbce,0xd14df6e1,0xd14e615e,0xd150cd5b,0xd152c26e,0xd1565a12,0xd15903a0,0xd159127f,0xd1594069,0xd15c4c20,0xd15ce8b4,
  0xd15d1f36,0xd15e1e42,0xd15e229a,0xd15e3d12,0xd162d8df,0xd1634e31,0xd1638f76,0xd1649590,0xd1659404,0xd165f9f5,0xd1663470,0xd166ae8e,
  0xd167853c,0xd16a95ff,0xd16e1669,0xd170f2e6,0xd1722a8a,0xd1724af2,0xd1767f9f,0xd17683c9,0xd177f91f,0xd17aaac4,0xd17ac1ce,0xd17dbddb,
  0xd17e0654,0xd17e270f,0xd17f1224,0xd17f932e,0xd17fc5a2,0xd18152ce,0xd1831dc4,0xd186144c,0xd18a3201,0xd18ecd9e,0xd18ee612,0xd18f53f5,
  0xd190284e,0xd190ddcf,0xd1950800,0xd196ccc0,0xd1989428,0xd1994b49,0xd19a2012,0xd19c6065,0xd19d03b5,0xd1a04b91,0xd1a0f671,0xd1a28a9d,
  0xd1a54167,0xd1a63412,0xd1a8f199,0xd1a92216,0xd1aab822,0xd1aaedc1,0xd1aaf59c,0xd1aaf69a,0xd1abd574,0xd1ac2f07,0xd1acb369,0xd1ad576b,
  0xd1adbab4,0xd1ae6513,0xd1af000a,0xd1af2d7a,0xd1aff3ac,0xd1b297df,0xd1b415a7,0xd1b4bedb,0xd1b69b5b,0xd1b70db8,0xd1b86479,0xd1b8f074,
  0xd1bbb54d,0xd1bc7810,0xd1bf16b3,0xd1c17c48,0xd1c21f54,0xd1c25787,0xd1c362d7,0xd1c4de76,0xd1c5dad4,0xd1c66f75,0xd1c8f1e7,0xd1cc22be,
  0xd1cc2fad,0xd1cdf8f1,0xd1ceedf8,0xd1d23d93,0xd1d4f887,0xd1d556a0,0xd1d5934c,0xd1d6f4ad,0xd1d813ef,0xd1d87c3f,0xd1de06ab,0xd1de37ea,
  0xd1de835c,0xd1df1923,0xd1e057f9,0xd1eb3680,0xd1ec9de1,0xd1ee0d6d,0xd1eea6e8,0xd1f278ac,0xd1f53f05,0xd1f81936,0xd1f98a5b,0xd1fc4394,
  0xd1fd9a8b,0xd1fe350a,0xd1fe5305,0xd1ffc7d9,0xd1ffe59d,0xd2024309,0xd202a8f2,0xd206652e,0xd206a6f7,0xd209e608,0xd20a1947,0xd20b9c39,
  0xd20e9f4f,0xd2122a44,0xd212aae7,0xd2155022,0xd215d027,0xd217043b,0xd2184771,0xd219ddd5,0xd21ccc31,0xd221a5ae,0xd222bc85,0xd2238704,
  0xd223bb81,0xd22865f1,0xd2289359,0xd2290bbb,0xd22a20a0,0xd22ad1e9,0xd22b834f,0xd22d2695,0xd23200e7,0xd235dd6b,0xd238aeba,0xd238ed8f,
  0xd23956b2,0xd23997e8,0xd23a5018,0xd23dcc79,0xd23ea06a,0xd2442db3,0xd244a6ad,0xd244f622,0xd247147f,0xd249e080,0xd24ab4b0,0xd24ad7a9,
  0xd24b3fb0,0xd24dfc85,0xd24e5df8,0xd24ee504,0xd2502a14,0xd253f43d,0xd2540264,0xd2568cbf,0xd258f00a,0xd25b0c39,0xd25bf375,0xd25c73bc,
  0xd25c9aa7,0xd25da13c,0xd25ead51,0xd25ee6ee,0xd25feeae,0xd2601d4d,0xd26195bc,0xd2629313,0xd263ebd1,0xd2675aa6,0xd2682b93,0xd26a7a48,
  0xd26c5edf,0xd26db327,0xd26f6fa9,0xd2706260,0xd27283c8,0xd274376f,0xd27aaf11,0xd27b5cd1,0xd27da217,0xd27f71b2,0xd28130f5,0xd285f9ad,
  0xd2861306,0xd2877c9f,0xd28a9642,0xd28c4f77,0xd28ca2f2,0xd28d8021,0xd28ebdd3,0xd292e5ca,0xd294052e,0xd2950d01,0xd2953163,0xd296b4a0,
  0xd29895c0,0xd299f924,0xd29a4f29,0xd29d95dc,0xd29e345e,0xd2a384ee,0xd2a56108,0xd2a5e738,0xd2a69325,0xd2aa8ce8,0xd2ab7529,0xd2ac426b,
  0xd2b3394b,0xd2b40d7e,0xd2b59795,0xd2b59904,0xd2b77a8f,0xd2ba009e,0xd2ba76ff,0xd2bb5839,0xd2bdd628,0xd2be0092,0xd2bec6a8,0xd2bf12b4,
  0xd2bf4c4d,0xd2c25798,0xd2c3a67d,0xd2c3f21f,0xd2c4cf0d,0xd2c53dcb,0xd2c84331,0xd2c8cfe9,0xd2ca1319,0xd2ce19d2,0xd2ceb801,0xd2cf3cd0,
  0xd2d0d334,0xd2d4281e,0xd2d543e0,0xd2d69490,0xd2d919d5,0xd2d945ce,0xd2d94ae1,0xd2dc0407,0xd2dd130e,0xd2de818b,0xd2defc7e,0xd2e07b10,
  0xd2e09545,0xd2e3b3f9,0xd2e3dd9b,0xd2e5ddb2,0xd2e9c32e,0xd2e9c72b,0xd2eb2bf2,0xd2ebe7e7,0xd2ebe9e2,0xd2f0ac98,0xd2f28fa1,0xd2f29e3e,
  0xd2f31129,0xd2f47b82,0xd2f70a98,0xd2f88abd,0xd2fae1b8,0xd2fe9c02,0xd301ab36,0xd301b88e,0xd3041217,0xd3081f16,0xd309bb44,0xd30a7b1c,
  0xd30c3819,0xd30f60d5,0xd3147a79,0xd319266b,0xd31a49a7,0xd31af72a,0xd31dd1cb,0xd31f2b05,0xd3215f21,0xd321fb07,0xd32351d8,0xd325b543,
  0xd327d120,0xd32956a0,0xd329b85b,0xd32a6b33,0xd32bf5d6,0xd32c81f7,0xd32cbbd5,0xd32d9f4e,0xd3300d18,0xd3315b44,0xd3321cc6,0xd3337ae0,
  0xd3338cb1,0xd3343af3,0xd33657e2,0xd3367089,0xd337bf29,0xd337dd9f,0xd33b2fd6,0xd340c522,0xd341840f,0xd341b48d,0xd3459485,0xd345b749,
  0xd347f6ea,0xd34a8e70,0xd34b61c7,0xd34d6c68,0xd34f8612,0xd34f8e4d,0xd352d8d6,0xd354cb9c,0xd3559349,0xd35635d9,0xd3587990,0xd35c5efc,
  0xd35fd865,0xd3653bdb,0xd36581f2,0xd36b3964,0xd36d4d63,0xd36def26,0xd36f22d1,0xd3749506,0xd374c525,0xd375b4cc,0xd375de80,0xd376ff61,
  0xd37763b3,0xd379fa31,0xd37b0bff,0xd37b1358,0xd37d637b,0xd37e491d,0xd37eb7f4,0xd37fd4c0,0xd380aae7,0xd382e1ca,0xd3854893,0xd385c9a1,
  0xd38ceb1a,0xd38ff814,0xd392efdf,0xd39393fd,0xd3939aa2,0xd3939bd6,0xd395525b,0xd396b1d5,0xd3990052,0xd39cbb16,0xd39f6e39,0xd3a23b6e,
  0xd3a2d6a2,0xd3a3e009,0xd3a47556,0xd3a54eb4,0xd3a5aaed,0xd3a86d7a,0xd3a96bbe,0xd3aa87cb,0xd3ab36d3,0xd3ac1bf5,0xd3ac4902,0xd3addb8a,
  0xd3aea0f1,0xd3b0b60e,0xd3b11c14,0xd3b13280,0xd3b1ecf8,0xd3b2a4e6,0xd3b43c42,0xd3b80e5f,0xd3b8b051,0xd3b98f9b,0xd3b9c817,0xd3b9e6f9,
  0xd3bb265e,0xd3bb2dcc,0xd3bcbe38,0xd3bd5dca,0xd3c34722,0xd3c3556f,0xd3c4b9ca,0xd3c5a45e,0xd3c7f28e,0xd3c7fb5f,0xd3d154ea,0xd3d3442b,
  0xd3d494a1,0xd3d5055c,0xd3d51776,0xd3d529d2,0xd3d54bf8,0xd3d5f23c,0xd3d996c7,0xd3dd8b27,0xd3de0f32,0xd3df0804,0xd3df9cb5,0xd3e00b4f,
  0xd3e1a301,0xd3e1dc2c,0xd3e20a2c,0xd3e27be1,0xd3e39795,0xd3e58403,0xd3e75905,0xd3e82d2a,0xd3e9d009,0xd3ea4507,0xd3eb053f,0xd3ecd061,
  0xd3ee0e8e,0xd3ee1343,0xd3f616a5,0xd3fa391b,0xd3faf041,0xd3fd0df6,0xd3fdbf28,0xd3fdc02f,0xd3fe3bf2,0xd3ff19a8,0xd3ff92f3,0xd40045c4,
  0xd400c7a9,0xd40240a9,0xd402852b,0xd40340cf,0xd40346b6,0xd4081d63,0xd409131d,0xd4092c45,0xd4093840,0xd40d0f09,0xd40ed65e,0xd40f1241,
  0xd410e4df,0xd4117ae5,0xd41534f3,0xd41619d9,0xd4185281,0xd41a8c7f,0xd41b1a05,0xd41c26b2,0xd41d5a3f,0xd41d7437,0xd41f555d,0xd41fac5a,
  0xd4210876,0xd4231af9,0xd42a565f,0xd431e6f9,0xd43489b0,0xd434a7ec,0xd435e352,0xd43ad8ac,0xd43c030a,0xd43dba83,0xd43f46b0,0xd440a106,
  0xd4410738,0xd444b9e9,0xd445f025,0xd44d8e2a,0xd44fa6a4,0xd453b587,0xd455d3b8,0xd4560ce3,0xd4561505,0xd45d2875,0xd45d7d28,0xd45dd7f6,
  0xd460c13e,0xd461080f,0xd4610bf1,0xd461375b,0xd464b699,0xd466abed,0xd46791cb,0xd467e885,0xd4684537,0xd46c8107,0xd46d6e9a,0xd46e7828,
  0xd47127ed,0xd4755eb0,0xd47574c4,0xd47a8385,0xd47aa19f,0xd47afb0b,0xd47d4005,0xd47da9e5,0xd47e0c4d,0xd47e37cc,0xd4809f7b,0xd4814c81,
  0xd483c096,0xd4874241,0xd488cd3b,0xd48c85d1,0xd48d814e,0xd48e8f27,0xd48eb368,0xd4900c0d,0xd49103f8,0xd4918b29,0xd491c3a0,0xd4923a94,
  0xd49336f6,0xd494df3f,0xd496d114,0xd4978937,0xd497df2c,0xd4989849,0xd498b5a9,0xd49e58b5,0xd4a0ad4c,0xd4a64d44,0xd4a8a345,0xd4abbf83,
  0xd4ae2f90,0xd4af7948,0xd4b293e2,0xd4b78d69,0xd4bb1b00,0xd4bc4d1d,0xd4c11d74,0xd4c24fee,0xd4c42e4a,0xd4c5d2ff,0xd4c9a0e3,0xd4cb0399,
  0xd4cbcbe2,0xd4ceb171,0xd4d0acf9,0xd4d1d0f8,0xd4d2ab10,0xd4d3d452,0xd4d61c43,0xd4dcb833,0xd4e3795c,0xd4e7e2d7,0xd4e8e763,0xd4ec96af,
  0xd4ec996d,0xd4ede07d,0xd4ee0e94,0xd4efbc29,0xd4f16327,0xd4f24b22,0xd4f252f8,0xd4f2a6e9,0xd4f32c44,0xd4f47e89,0xd4f4c867,0xd4f61795,
  0xd4f7b531,0xd4f9cd26,0xd4fa1cff,0xd4fb1ae9,0xd5020d72,0xd5057b64,0xd505be2d,0xd5069ef4,0xd509998b,0xd50c4b04,0xd50cfa26,0xd50d9801,
  0xd50e67bb,0xd511d08a,0xd51290d1,0xd5136577,0xd5141d2e,0xd516caf9,0xd5172606,0xd51822f5,0xd51ed20f,0xd51ede39,0xd51f706c,0xd5229239,
  0xd5257ba9,0xd52609ef,0xd5270b4c,0xd52954fd,0xd529bdd9,0xd52a03f1,0xd52ee415,0xd5315d4b,0xd534a107,0xd53502ad,0xd538a5e3,0xd53940f0,
  0xd5394434,0xd53d45bb,0xd540e612,0xd5414ccf,0xd544e556,0xd547fc39,0xd54b2052,0xd54d053d,0xd54de464,0xd55046b8,0xd552c9e3,0xd552ff9a,
  0xd553641f,0xd555c2bd,0xd55767a2,0xd55ce44a,0xd561cea8,0xd563124e,0xd5655ffa,0xd565b96e,0xd5692173,0xd569e2fa,0xd56eda9b,0xd5705dff,
  0xd570b770,0xd571ec75,0xd573f684,0xd574e031,0xd576f893,0xd578fcb9,0xd57a01e8,0xd57d380c,0xd57dbe6a,0xd586aea3,0xd58b4db6,0xd58bfee0,
  0xd58cc828,0xd58e01a0,0xd58e2ef3,0xd5903d24,0xd59060aa,0xd593de10,0xd5953a8d,0xd5957530,0xd595d16a,0xd5960aba,0xd597f518,0xd5982331,
  0xd59b2910,0xd59c6b67,0xd59d9e91,0xd59dced3,0xd5a1008c,0xd5a33251,0xd5a3f642,0xd5a431c8,0xd5a6477f,0xd5a71834,0xd5a875f4,0xd5aa1e01,
  0xd5aabac9,0xd5ad4199,0xd5ad58f1,0xd5b00869,0xd5b5eda7,0xd5b86139,0xd5b8dd0a,0xd5b98568,0xd5ba367d,0xd5bd7d86,0xd5bf9756,0xd5c08efe,
  0xd5c1aacf,0xd5c31878,0xd5c35d26,0xd5c485ea,0xd5c56007,0xd5c6161b,0xd5c877dc,0xd5cc20fa,0xd5cc58aa,0xd5cdcf30,0xd5cea50c,0xd5cfac6b,
  0xd5cfe147,0xd5d0d813,0xd5d37966,0xd5d61195,0xd5d71f6c,0xd5d73ded,0xd5d94a99,0xd5db9202,0xd5dc32e8,0xd5deb48a,0xd5dee283,0xd5e20387,
  0xd5e3581e,0xd5e38d00,0xd5ecf176,0xd5ed05cc,0xd5eea758,0xd5f02fa9,0xd5f05531,0xd5f498bf,0xd5f8e06d,0xd5fc96f4,0xd5fcea04,0xd6034349,
  0xd6038567,0xd603cf02,0xd60495d0,0xd6065b98,0xd607ad51,0xd60ccff5,0xd60cdaa6,0xd6103269,0xd6107107,0xd610d24e,0xd61342cf,0xd6170eb9,
  0xd61a4e3f,0xd61dbfda,0xd61e8426,0xd61f292b,0xd6203e91,0xd6243e4d,0xd625af24,0xd626840e,0xd62719a4,0xd62847dc,0xd628708e,0xd62b1847,
  0xd633d979,0xd6354a79,0xd6365050,0xd638a028,0xd63a9bc4,0xd63af2a5,0xd63f9ca8,0xd642d71e,0xd643585f,0xd6458d6a,0xd6463a99,0xd6483132,
  0xd648f3a6,0xd64a1f2f,0xd64b750e,0xd64ea578,0xd64f2e94,0xd64f8998,0xd6547aab,0xd6561e78,0xd65ba912,0xd65e706d,0xd6633df9,0xd6646d5d,
  0xd666017c,0xd6671f89,0xd668bdd7,0xd66a0629,0xd66ae77b,0xd671134d,0xd672d70c,0xd675f3e5,0xd6773452,0xd67742d3,0xd67805c5,0xd67a579a,
  0xd67b7bd0,0xd67c7c39,0xd67e3753,0xd6849dbd,0xd6889f11,0xd689ac20,0xd68a4b0e,0xd68b50d4,0xd68db81d,0xd68df6cb,0xd692f69d,0xd69476f6,
  0xd694d9aa,0xd6969632,0xd698178d,0xd69840cd,0xd69b3c1a,0xd69cb935,0xd69d9403,0xd69e5f56,0xd6a09563,0xd6a11f1d,0xd6a46bac,0xd6a82dff,
  0xd6a889d4,0xd6ab9901,0xd6b05522,0xd6b237fe,0xd6b37bf5,0xd6b41349,0xd6b685dd,0xd6bc62d0,0xd6c15714,0xd6c1a8e0,0xd6c211cb,0xd6c25d05,
  0xd6c3d598,0xd6c3ddaf,0xd6c55533,0xd6c7b0f1,0xd6c7eb03,0xd6c85c94,0xd6c88e4a,0xd6ccc6dc,0xd6cf8d90,0xd6d0582c,0xd6d0d985,0xd6d17e0a,
  0xd6d2705d,0xd6d3d5e4,0xd6da1119,0xd6da22eb,0xd6dcf291,0xd6dd6dc0,0xd6dde59c,0xd6dea589,0xd6def86b,0xd6dffc57,0xd6e0471d,0xd6e1b0b2,
  0xd6e2cefb,0xd6e3673e,0xd6e74780,0xd6e7794a,0xd6e7fa95,0xd6e9a519,0xd6ec95bb,0xd6ecee4c,0xd6edd03e,0xd6f05b6c,0xd6f1866b,0xd6f4fa58,
  0xd6f79cd1,0xd6f8907e,0xd6f8bfc8,0xd6f8f9c0,0xd6f95b9d,0xd6f9d4c8,0xd6fadb99,0xd6fccae6,0xd6ff3111,0xd70057de,0xd701abd0,0xd7026f89,
  0xd7035a51,0xd7039537,0xd706788b,0xd708b033,0xd70ab1af,0xd70c51b6,0xd70cf0ce,0xd70f0d9b,0xd70f1154,0xd70f4525,0xd70fb90a,0xd711673d,
  0xd7145a50,0xd7149f5a,0xd716d151,0xd71794c8,0xd719a749,0xd71a7c2c,0xd71aa992,0xd71ba6cf,0xd71e577c,0xd71fdd1f,0xd7212b9f,0xd723b8ad,
  0xd7257d09,0xd7260bc8,0xd726cc40,0xd727f500,0xd72918fc,0xd72faef5,0xd7313199,0xd7321755,0xd733c4f3,0xd73607f8,0xd73716fe,0xd7398cf2,
  0xd73b2d8f,0xd73b9d02,0xd73d8e23,0xd73fb78c,0xd7403249,0xd7437a96,0xd74b4998,0xd74bce81,0xd74d0c38,0xd74f57c8,0xd750fd76,0xd753bae4,
  0xd75401bf,0xd7568fb5,0xd756c61a,0xd7596a85,0xd75a25a1,0xd75ce585,0xd75fdfff,0xd75ffbd2,0xd7610223,0xd761c81a,0xd761f303,0xd76312b4,
  0xd764e9bb,0xd7659704,0xd765a612,0xd765c733,0xd7661910,0xd7668478,0xd76a2594,0xd76b4cf8,0xd76c0405,0xd76c9844,0xd771d5e2,0xd775f016,
  0xd7794cf3,0xd779bc20,0xd779e48f,0xd77a2cf6,0xd77bf4b6,0xd77ca94e,0xd77e40bf,0xd77e98af,0xd77f1f86,0xd77fd024,0xd7843634,0xd7868971,
  0xd787bcb4,0xd78a5d2f,0xd78a5d56,0xd78b1ee5,0xd78b6c01,0xd78e8672,0xd78f46b8,0xd78feec5,0xd78ff3f8,0xd7916edb,0xd791a7eb,0xd79961eb,
  0xd799d58d,0xd79ab704,0xd79ce4d6,0xd79e9f41,0xd7a07e4e,0xd7a09e64,0xd7a20a8e,0xd7a42717,0xd7b38413,0xd7b4421c,0xd7b52fc4,0xd7b5ad97,
  0xd7b6e19c,0xd7b736fa,0xd7bc143b,0xd7bd8ca9,0xd7bdfc42,0xd7bed174,0xd7bf1d08,0xd7bf2736,0xd7bf3637,0xd7c24c8e,0xd7c25f01,0xd7c3c94f,
  0xd7c5a742,0xd7ccecf1,0xd7cd3e16,0xd7ce0309,0xd7ce3e23,0xd7cf4f79,0xd7d09bb0,0xd7d10eeb,0xd7d154d1,0xd7d300d8,0xd7d4d858,0xd7d6b350,
  0xd7d8f4cc,0xd7d9e6e1,0xd7da5a48,0xd7dae866,0xd7daf184,0xd7db5e6a,0xd7dbb7b8,0xd7dc51c6,0xd7de2b5f,0xd7e0914a,0xd7e2140e,0xd7e25b89,
  0xd7e6b0ba,0xd7eb61e2,0xd7eca1f4,0xd7efc1ad,0xd7eff1c6,0xd7f0346a,0xd7f22f93,0xd7f37bca,0xd7f47155,0xd7f4adca,0xd7f4ef76,0xd7f6f0a9,
  0xd7f79c1f,0xd7fa578e,0xd7fafbb1,0xd7fc2615,0xd7fc9834,0xd7fe9f8c,0xd7ff87a0,0xd802078e,0xd8044f23,0xd807f644,0xd808e542,0xd80a5b8a,
  0xd80b290a,0xd80c84f1,0xd80d3f0b,0xd80e23f8,0xd80f3c3f,0xd811ff5d,0xd8132a6a,0xd8137069,0xd819cca7,0xd819f9a1,0xd81eb9f0,0xd8217e73,
  0xd821b567,0xd82355fb,0xd8235c86,0xd825e798,0xd8268fc7,0xd82809b1,0xd82809c3,0xd82d6950,0xd82ef8b8,0xd834eaf6,0xd8365a45,0xd83a8fbc,
  0xd83b8a6c,0xd83bafa0,0xd83bcdba,0xd83c909a,0xd83ce4c8,0xd83d44e0,0xd83f4f64,0xd842b940,0xd844c91f,0xd8468bc6,0xd846d812,0xd847425d,
  0xd8475824,0xd84931d0,0xd84c97e3,0xd84ca2bc,0xd852fcad,0xd8576ab5,0xd8597bd7,0xd85f1829,0xd86016f8,0xd862f586,0xd865e670,0xd8667803,
  0xd866dcec,0xd8680a24,0xd8683204,0xd868d4a1,0xd8691b90,0xd8695f19,0xd869614d,0xd86aa26a,0xd86d5920,0xd86dd329,0xd86e0d0b,0xd8705129,
  0xd8711162,0xd871285f,0xd873f079,0xd874d8cd,0xd874d9ce,0xd874dfa9,0xd8774881,0xd87c16ca,0xd87c753f,0xd87e8c17,0xd8808466,0xd880e443,
  0xd88592d5,0xd8860e6b,0xd888da47,0xd88ae5ec,0xd88bc85a,0xd88bd01a,0xd88c09ad,0xd8901b32,0xd8915c93,0xd891c1b9,0xd895bf2f,0xd8962581,
  0xd896f71c,0xd89880a7,0xd89b4c08,0xd89c5976,0xd89cd58e,0xd89e5215,0xd8a01e50,0xd8a23641,0xd8a2446c,0xd8a2f323,0xd8a54a1d,0xd8a6c2b9,
  0xd8a7ccad,0xd8a93012,0xd8afb4a8,0xd8b421a8,0xd8b49ca3,0xd8b4cac1,0xd8b995d7,0xd8ba3c71,0xd8bcb8b2,0xd8be0714,0xd8bea451,0xd8c0b79b,
  0xd8c420d9,0xd8c65313,0xd8c921bd,0xd8cbd816,0xd8cc02b2,0xd8cc407e,0xd8cc420f,0xd8cd18be,0xd8cdb98f,0xd8ce0ba8,0xd8ce7a4e,0xd8cee94f,
  0xd8cfe1ac,0xd8d0f817,0xd8d3d050,0xd8d5077e,0xd8d78561,0xd8e04c85,0xd8e1648e,0xd8e311d3,0xd8e5b195,0xd8e5cca4,0xd8e76f9f,0xd8e87abb,
  0xd8e9a406,0xd8ea3b1b,0xd8ed83b2,0xd8f07bc2,0xd8f0e0d9,0xd8f3aa97,0xd8f5a07d,0xd8f5fcf6,0xd8f79eed,0xd8f9bc6c,0xd8fb54a1,0xd8fda5a7,
  0xd8fdaf82,0xd900f2ce,0xd9012719,0xd90141a6,0xd9019524,0xd906b5e6,0xd90ac268,0xd90c1842,0xd910a699,0xd910c717,0xd9121685,0xd913900a,
  0xd914ab5d,0xd914d50b,0xd916879b,0xd917d196,0xd9191b01,0xd9193e42,0xd91a76f0,0xd91d5109,0xd91e3923,0xd921c0df,0xd9229a70,0xd925c6b0,
  0xd9267343,0xd9299682,0xd92a1535,0xd92c2341,0xd92c2984,0xd92cbd46,0xd92da588,0xd92e7d47,0xd93a1c28,0xd93a84ce,0xd93c6c6a,0xd93eb75b,
  0xd93f88ff,0xd93fd7b7,0xd946ad10,0xd949c64a,0xd94b3b0c,0xd9530867,0xd959d6b5,0xd95aa910,0xd95b7512,0xd95c8ff4,0xd9608a99,0xd962feea,
  0xd9652bd3,0xd969967e,0xd969a692,0xd96cab68,0xd96d1885,0xd96d3ecd,0xd9712221,0xd9742fd3,0xd97497c3,0xd974ae95,0xd9751ecd,0xd97580a2,
  0xd9784e24,0xd980cf4b,0xd9821d84,0xd985fa59,0xd986ab5e,0xd98704f1,0xd98960fa,0xd989a482,0xd98cfdeb,0xd98d1931,0xd98d8ae4,0xd98e8c99,
  0xd98f8035,0xd98fb9f6,0xd990a8a1,0xd9919619,0xd9955105,0xd99563a2,0xd995da75,0xd9993714,0xd99ba3ad,0xd99c0161,0xd99cb5aa,0xd99d1785,
  0xd99f1020,0xd9a10df0,0xd9a2762c,0xd9a53a8c,0xd9a77c28,0xd9ac583f,0xd9aeb36d,0xd9b0d0b1,0xd9b18391,0xd9b5fbb8,0xd9b93aa8,0xd9b99183,
  0xd9ba25ae,0xd9bb411f,0xd9bbbd24,0xd9bbf412,0xd9bfdf6e,0xd9c03301,0xd9c075ce,0xd9c1642c,0xd9c35443,0xd9c382a9,0xd9c51e4b,0xd9c57396,
  0xd9c6c422,0xd9c861d5,0xd9c9e36c,0xd9ca0f1a,0xd9cbd433,0xd9cd2186,0xd9cdbcd5,0xd9ce7438,0xd9d036af,0xd9d3b86c,0xd9d77a72,0xd9df46b4,
  0xd9df8942,0xd9dff791,0xd9e57143,0xd9e5c14f,0xd9e6159e,0xd9e850b2,0xd9ea5d0f,0xd9eb32c2,0xd9eb86d1,0xd9ecf7c2,0xd9f10c56,0xd9f38e18,
  0xd9f52c2e,0xd9f542f1,0xd9f8aa55,0xd9f9d0e4,0xd9f9e009,0xd9fc815c,0xd9fcfc2e,0xd9fd8a9e,0xda01a4c3,0xda02bbd7,0xda04c5d0,0xda04ea77,
  0xda052ad5,0xda0677a9,0xda076533,0xda0ae069,0xda0fae5c,0xda0fc1b0,0xda10e414,0xda12a09c,0xda132287,0xda170a30,0xda1c1e06,0xda1c1f48,
  0xda1e5a78,0xda1efb56,0xda1f3f0e,0xda1faeb9,0xda203a99,0xda212549,0xda256a02,0xda260e20,0xda27a75b,0xda27bac0,0xda301a28,0xda30fec3,
  0xda312650,0xda319332,0xda32cb8a,0xda32cff1,0xda33b3b9,0xda343c75,0xda35c4ef,0xda36413e,0xda3c1d0b,0xda3e2fa2,0xda424d82,0xda45447b,
  0xda46018e,0xda46e9bc,0xda471203,0xda47a9e3,0xda47e392,0xda50879c,0xda50f9d0,0xda514704,0xda51f169,0xda526296,0xda5308f1,0xda53dadf,
  0xda54762c,0xda5a6acb,0xda5aaf38,0xda5b71a5,0xda5b8c21,0xda5cb20f,0xda5d4f25,0xda5df71c,0xda5f1fc4,0xda5f7230,0xda609bde,0xda60c526,
  0xda60f853,0xda614635,0xda62e8d7,0xda6334b6,0xda65744a,0xda65b018,0xda664c41,0xda691dd3,0xda6b2afd,0xda6b6acb,0xda6e8898,0xda72e4a5,
  0xda738973,0xda785ca0,0xda7ca53f,0xda7d80cf,0xda7d8857,0xda7ff613,0xda861f5a,0xda86abfd,0xda881540,0xda8a222a,0xda8cbe56,0xda90b771,
  0xda90d90b,0xda91bc96,0xda9379bb,0xda947859,0xda97070f,0xda999753,0xda9adf72,0xda9cf3ff,0xdaa1d945,0xdaa33ae0,0xdaa8a698,0xdaa98772,
  0xdaa9dca1,0xdaabc372,0xdaabe6cf,0xdaacb316,0xdaadaf06,0xdaaf2523,0xdaaf2dba,0xdaafc697,0xdab27cbb,0xdab3f52e,0xdab411a1,0xdab48cfd,
  0xdab609b1,0xdab615b1,0xdab7d2dc,0xdab86aa6,0xdab9a4a6,0xdaba9cbd,0xdac2b0b0,0xdac55227,0xdac707c4,0xdac8aaef,0xdacc73d7,0xdad06712,
  0xdad25fe9,0xdad9a82a,0xdadad537,0xdadb9e4d,0xdadd6952,0xdae63d3f,0xdae6490c,0xdae8de89,0xdae9608f,0xdae9d79f,0xdaecaa48,0xdaedd87c,
  0xdaf004e7,0xdaf0455f,0xdaf06dd8,0xdaf09416,0xdaf546c9,0xdaf59cc0,0xdaf8f6b7,0xdafb3d89,0xdafd53d3,0xdafd64ca,0xdb00d0be,0xdb0142b1,
  0xdb01eb3d,0xdb078e86,0xdb08894b,0xdb08e99e,0xdb0a7625,0xdb0b8506,0xdb0bfbc0,0xdb0dbf84,0xdb0e8734,0xdb0ed420,0xdb0f7cc2,0xdb100463,
  0xdb110772,0xdb140412,0xdb15df15,0xdb164a7f,0xdb16f205,0xdb1a5666,0xdb1d07e0,0xdb1d193f,0xdb1d622c,0xdb1de5a5,0xdb1e3819,0xdb1e7fad,
  0xdb1eab98,0xdb23add3,0xdb240d57,0xdb24d61c,0xdb26e467,0xdb27a74d,0xdb2906b9,0xdb2a5053,0xdb2abe8b,0xdb2c8a9f,0xdb2cae54,0xdb2cb507,
  0xdb2ee819,0xdb2fa1dc,0xdb321e26,0xdb3269d2,0xdb36a58d,0xdb36ae7a,0xdb3aad44,0xdb3d32e7,0xdb4381ef,0xdb43b66b,0xdb447393,0xdb44f60a,
  0xdb455045,0xdb46f7cf,0xdb4857ee,0xdb4a307e,0xdb4b7ae7,0xdb5041e4,0xdb513cb5,0xdb51c563,0xdb52fdb6,0xdb53bed4,0xdb566524,0xdb57639c,
  0xdb582011,0xdb5d10ec,0xdb5e2ce4,0xdb5e505c,0xdb624476,0xdb6718eb,0xdb6785a1,0xdb67a24b,0xdb6a5aa9,0xdb71e731,0xdb74aca3,0xdb778f3a,
  0xdb786f7f,0xdb79893a,0xdb7d2c49,0xdb7d5742,0xdb7f207d,0xdb82ade9,0xdb84c508,0xdb864e73,0xdb87fb30,0xdb890278,0xdb8a9c3f,0xdb8b4a61,
  0xdb8cf1d5,0xdb8e58e6,0xdb8ff924,0xdb91f39e,0xdb92924b,0xdb941bea,0xdb94c224,0xdb9763aa,0xdb996c89,0xdb9ce61a,0xdb9cf0ac,0xdb9cfbe8,
  0xdb9faacc,0xdba08e1f,0xdba3c224,0xdba45c07,0xdba7b4c6,0xdbaa241c,0xdbaa7a8e,0xdbad4513,0xdbad9f2e,0xdbaf84e6,0xdbb0aaaa,0xdbb0efbf,
  0xdbb4daf8,0xdbb87040,0xdbb93c0b,0xdbbac938,0xdbbc7f54,0xdbbcb3fb,0xdbc0ae80,0xdbc2d35b,0xdbc34223,0xdbc3580b,0xdbc3b53b,0xdbc7da10,
  0xdbcbdb6e,0xdbcebcf7,0xdbd090a5,0xdbd0b5b2,0xdbd1bfca,0xdbd4353e,0xdbd68faf,0xdbd85dd9,0xdbda8dae,0xdbdab67d,0xdbdb5b3e,0xdbdb828d,
  0xdbdf2112,0xdbe06f00,0xdbe3097d,0xdbe3e86d,0xdbe5be44,0xdbe629d8,0xdbe69537,0xdbe8f215,0xdbeb9cae,0xdbecbc90,0xdbef75d3,0xdbefcd84,
  0xdbf2b97a,0xdbf3e7eb,0xdbf4187c,0xdbf5e76e,0xdbf98b0e,0xdbfa2201,0xdbfa86ff,0xdbfb1d27,0xdc003874,0xdc01560c,0xdc02e127,0xdc02f0e9,
  0xdc061efb,0xdc0bcc63,0xdc0bf2f4,0xdc0ecd80,0xdc0f1467,0xdc1354e0,0xdc14d7ca,0xdc18ea89,0xdc1a451c,0xdc1a87ca,0xdc1c9fc1,0xdc1d0396,
  0xdc1e7ffb,0xdc1f7ed2,0xdc1fe37e,0xdc23025d,0xdc23b01f,0xdc2400c5,0xdc256a35,0xdc269c9a,0xdc2df589,0xdc2eb653,0xdc2f0c45,0xdc2f8b1c,
  0xdc345d53,0xdc350494,0xdc36630f,0xdc39b8c7,0xdc3ba91e,0xdc3c11eb,0xdc3c1674,0xdc3c59a9,0xdc3ceb36,0xdc3f38a5,0xdc41a1b7,0xdc45b195,
  0xdc491b37,0xdc495754,0xdc4acc30,0xdc4bf607,0xdc4c83f5,0xdc4e979b,0xdc4eadec,0xdc4ebb1e,0xdc526124,0xdc53344f,0xdc53d75a,0xdc53f59b,
  0xdc5a747a,0xdc5c3b97,0xdc5cb24d,0xdc5e1349,0xdc5e5b7a,0xdc60973e,0xdc627f0a,0xdc64090c,0xdc64d771,0xdc65ae3b,0xdc671a8b,0xdc69bc82,
  0xdc6e084c,0xdc6fa6ce,0xdc723b47,0xdc72b3b5,0xdc73c7eb,0xdc75dafe,0xdc76cd76,0xdc76f9cd,0xdc7d4dde,0xdc7f94ce,0xdc83d7b3,0xdc84c55d,
  0xdc8513fd,0xdc8514cf,0xdc85c30c,0xdc885954,0xdc890076,0xdc894325,0xdc8ad467,0xdc8dd3b2,0xdc90c71a,0xdc91820c,0xdc9439a4,0xdc98c03f,
  0xdc99e09f,0xdc9b5adf,0xdc9bd8db,0xdca255c2,0xdca37d7c,0xdca5df2d,0xdca689f3,0xdcaacb98,0xdcaf8c23,0xdcb5f521,0xdcb621a3,0xdcb76fc5,
  0xdcb7b84c,0xdcb838ed,0xdcb89af5,0xdcb9d1cd,0xdcbbd284,0xdcbc6425,0xdcbca4eb,0xdcc16595,0xdcc47bef,0xdcc66d91,0xdcc86df2,0xdcc8e4c8,
  0xdcc9da34,0xdcc9e632,0xdccae017,0xdccced00,0xdccf7cdc,0xdcd00366,0xdcd361c2,0xdcd4523c,0xdcd4ba85,0xdcd50e08,0xdcd649cc,0xdcd6b8b7,
  0xdcd8e02c,0xdcd9dfec,0xdcdfcd4d,0xdce04900,0xdce0bad6,0xdce2d2da,0xdce436a7,0xdce5a263,0xdce5b6fd,0xdce998a0,0xdceaa5f5,0xdcec00b2,
  0xdcec7bc6,0xdced0424,0xdcef7e89,0xdcf343ee,0xdcf6324e,0xdcf6a9ea,0xdcf95a8c,0xdcfa0f53,0xdcfc5f1f,0xdcfd9be5,0xdcfdd342,0xdd0227fc,
  0xdd035e2b,0xdd039421,0xdd03a282,0xdd045a41,0xdd055bec,0xdd059fa7,0xdd09f2f9,0xdd0ad1fe,0xdd0b962a,0xdd0e7435,0xdd105656,0xdd12f9a9,
  0xdd164a88,0xdd16c9b8,0xdd181994,0xdd19e001,0xdd1a5296,0xdd1a7afb,0xdd1baf02,0xdd1d82c1,0xdd1e989f,0xdd1fc792,0xdd1ffa42,0xdd220664,
  0xdd22faad,0xdd23a560,0xdd243596,0xdd24d328,0xdd263bdd,0xdd2731fd,0xdd27fa5c,0xdd292dfd,0xdd2c4120,0xdd2d368c,0xdd2feffc,0xdd316326,
  0xdd34ac14,0xdd34bf5c,0xdd3a12ff,0xdd3b59ac,0xdd3cd048,0xdd3d2eac,0xdd3dfa78,0xdd428bcc,0xdd42a3ca,0xdd43ba70,0xdd46ccc0,0xdd4831b4,
  0xdd485e92,0xdd490d2f,0xdd49628a,0xdd4aedc1,0xdd4bcea8,0xdd4d0eef,0xdd4dee24,0xdd4e6f58,0xdd503b5c,0xdd508d1f,0xdd50aa42,0xdd50f064,
  0xdd548060,0xdd551344,0xdd5585b8,0xdd55893f,0xdd55d775,0xdd5767df,0xdd5917a1,0xdd592441,0xdd5979b2,0xdd5b2f1e,0xdd5d928d,0xdd5ecca2,
  0xdd63255a,0xdd639c75,0xdd63f6fa,0xdd65ecb1,0xdd66e2f3,0xdd67411d,0xdd67b813,0xdd68fa57,0xdd697b3b,0xdd6a3b95,0xdd6a4a1a,0xdd6a7dca,
  0xdd6a8e95,0xdd6d611c,0xdd6e1238,0xdd712496,0xdd7153e0,0xdd7266c4,0xdd72f1fb,0xdd733014,0xdd733750,0xdd737e4e,0xdd764b2d,0xdd765c65,
  0xdd782072,0xdd78cbfb,0xdd793be3,0xdd7b6700,0xdd7d4130,0xdd7d63d0,0xdd7e823d,0xdd802810,0xdd811734,0xdd832eb5,0xdd858f15,0xdd87dd06,
  0xdd8b32b7,0xdd8dc8c9,0xdd8eb8d7,0xdd939524,0xdd972200,0xdd9734ea,0xdd98a628,0xdd9956fd,0xdd9b06f4,0xdd9ef468,0xdd9f92b8,0xdda0512c,
  0xdda0e4ca,0xdda42ac4,0xdda5c3ca,0xdda6a376,0xdda6e487,0xdda863e3,0xdda995ad,0xddaa7975,0xddabdaca,0xddacfd5e,0xddae6d33,0xddae94c6,
  0xddaf8354,0xddb00185,0xddb0b14c,0xddb17e60,0xddb3e04f,0xddb44e89,0xddb46a77,0xddb5c60d,0xddb5d86b,0xddb5e690,0xddb7910c,0xddb89877,
  0xddb9be70,0xddbdc9f0,0xddbfec54,0xddc00259,0xddc233b7,0xddc25f35,0xddc38477,0xddc4ae0e,0xddc5f3e4,0xddc6f834,0xddca49f7,0xddcb5190,
  0xddcd9797,0xddcf3362,0xddcf5a3d,0xddd068b7,0xddd5e9cc,0xddd7894d,0xddd854eb,0xddd95187,0xddd983f6,0xddd9b667,0xddd9e419,0xddda555f,
  0xdddb955b,0xdddc6fac,0xdddde0a3,0xddde604e,0xddde9005,0xdddf40e5,0xdde0d633,0xdde62f44,0xdde94839,0xddea9ea6,0xddf0553a,0xddf10b5a,
  0xddf2a3ee,0xddf334ec,0xddf34250,0xddf4b114,0xddf553dd,0xddf9efd2,0xddfc61b8,0xddfe0ae5,0xde04412a,0xde0641a9,0xde07e9e0,0xde0a0a39,
  0xde0c0748,0xde0e0b6b,0xde0febbd,0xde1154fe,0xde13dfe1,0xde141d41,0xde196173,0xde1e14be,0xde1e412e,0xde1eb054,0xde1fa588,0xde22906e,
  0xde2572bf,0xde25af14,0xde25e092,0xde278219,0xde28bd50,0xde2a2ff1,0xde2b08f9,0xde2b3be7,0xde2c71af,0xde30a35a,0xde315c16,0xde336af5,
  0xde33cf59,0xde33d17c,0xde34b033,0xde3b9c7c,0xde3cb76e,0xde3db7e8,0xde3f55f3,0xde4003d4,0xde407be4,0xde4139c2,0xde41d705,0xde41dc5a,
  0xde42538f,0xde451f31,0xde47e957,0xde47eb51,0xde485576,0xde48cb43,0xde48ff9c,0xde49b3c8,0xde4d385f,0xde4debd2,0xde50b69b,0xde510c0c,
  0xde51503c,0xde51eea4,0xde52594e,0xde5738c7,0xde5889d0,0xde58bb63,0xde5c1389,0xde5cff89,0xde5e21a6,0xde611703,0xde6238de,0xde63c7db,
  0xde646ef4,0xde6890b5,0xde6b97f1,0xde77b9ab,0xde7b7f72,0xde7be8b3,0xde7d1cc3,0xde7d4b8b,0xde7dcf84,0xde805d28,0xde816ac5,0xde818223,
  0xde818f69,0xde8218c6,0xde855aff,0xde86a200,0xde8805ac,0xde8a56c4,0xde8c310f,0xde8db359,0xde8e6aea,0xde8eabcc,0xde8f28a2,0xde925f65,
  0xde92c250,0xde92f5ad,0xde938374,0xde939d03,0xde944235,0xde944be4,0xde94aaa3,0xde9503ae,0xde9d005d,0xde9dce84,0xde9e273f,0xde9e90b3,
  0xde9fcebe,0xdea00fba,0xdea0203c,0xdea111c7,0xdea1b5da,0xdea57a6d,0xdea8cce0,0xdea912b9,0xdea91914,0xdeaa32e7,0xdeaad85d,0xdeaef448,
  0xdeb1bc75,0xdeb2b129,0xdeb56c54,0xdeb6e29d,0xdeba60c1,0xdebcc936,0xdebec174,0xdec3291e,0xdec46a6e,0xdec61ad2,0xdeca8bdc,0xdecf191b,
  0xded041a5,0xded12d2a,0xded190d1,0xded1b42d,0xded3395e,0xded38337,0xded452d3,0xded5943a,0xded9ac97,0xdeda1a5d,0xdedae894,0xdedc2ff5,
  0xdedfadc8,0xdee3d627,0xdee556fe,0xdee5d0ed,0xdee5df32,0xdee8e0e1,0xdee932a1,0xdeea7dff,0xdeeb4ec5,0xdeecd033,0xdeed29fa,0xdef0b99e,
  0xdef7e25d,0xdef83b8c,0xdef91371,0xdef94967,0xdefc06b1,0xdefe5050,0xdefe8ad5,0xdf01608d,0xdf01f9cc,0xdf0c0856,0xdf0cdc0d,0xdf0f1c61,
  0xdf110812,0xdf112daa,0xdf126808,0xdf12e7da,0xdf16896f,0xdf16e306,0xdf173125,0xdf1abd5f,0xdf1add72,0xdf1c24bc,0xdf20664f,0xdf20d562,
  0xdf211e25,0xdf222333,0xdf23ae06,0xdf24b41e,0xdf250c36,0xdf256e5f,0xdf2a004c,0xdf2caa67,0xdf2ef97c,0xdf2f3365,0xdf3211a5,0xdf3416ea,
  0xdf343aa1,0xdf35641d,0xdf3622e8,0xdf37b828,0xdf389332,0xdf3a57ce,0xdf3ca869,0xdf3d70c0,0xdf3e39b5,0xdf3e4a52,0xdf3f278e,0xdf418039,
  0xdf41a257,0xdf426402,0xdf42911f,0xdf4553ed,0xdf4689b1,0xdf479e13,0xdf47ec3f,0xdf4850e5,0xdf48d2af,0xdf48f0d1,0xdf49cc3d,0xdf4bdc26,
  0xdf4dc02a,0xdf4ec9fa,0xdf519a80,0xdf522eed,0xdf53c1e0,0xdf54aad6,0xdf556f9f,0xdf5573a2,0xdf57d464,0xdf5a0b46,0xdf5c072d,0xdf5c11ce,
  0xdf623822,0xdf626b2c,0xdf673470,0xdf67c221,0xdf69399c,0xdf6ac397,0xdf6ddfc5,0xdf711d7b,0xdf713e0b,0xdf715467,0xdf71dc8b,0xdf71deab,
  0xdf720851,0xdf725fae,0xdf734a0c,0xdf745382,0xdf748512,0xdf75b928,0xdf7618c2,0xdf7726e2,0xdf779d29,0xdf77aae2,0xdf7b4442,0xdf7b6ebb,
  0xdf7c238f,0xdf7e9a68,0xdf7f5470,0xdf817fbd,0xdf829c73,0xdf851b63,0xdf857a0f,0xdf858469,0xdf85ff19,0xdf8657f4,0xdf872af8,0xdf874cad,
  0xdf874e2b,0xdf8888f3,0xdf88a3c7,0xdf89dcd9,0xdf8e0183,0xdf8f0242,0xdf915350,0xdf92de51,0xdf9388cd,0xdf93e3cf,0xdf940023,0xdf9572f8,
  0xdf96d28e,0xdf973c2d,0xdf983155,0xdf9c8ddb,0xdf9e6b97,0xdfa228ed,0xdfad666c,0xdfae3b2e,0xdfaf19d6,0xdfaf50f6,0xdfb0df5f,0xdfb45273,
  0xdfb5be98,0xdfb97573,0xdfb97cf1,0xdfba4ae8,0xdfbae641,0xdfbb0b66,0xdfbdf240,0xdfbff928,0xdfc05577,0xdfc1e17c,0xdfc41bfc,0xdfc93194,
  0xdfcb864f,0xdfcbf4d0,0xdfcc4ba4,0xdfce8836,0xdfcf2749,0xdfd1e37f,0xdfd5cbe4,0xdfd79227,0xdfdbae75,0xdfddea55,0xdfe09e40,0xdfe0ac6e,
  0xdfe4d557,0xdfe57e09,0xdfe745bb,0xdfe8c122,0xdfe90b82,0xdfea3b17,0xdfea4377,0xdfea532a,0xdfea82b6,0xdfeac910,0xdfeb1f96,0xdfec4fea,
  0xdff2caf2,0xdff38811,0xdff6640d,0xdff75fa3,0xdff86620,0xdff87e28,0xdffa8973,0xdffa93e1,0xdffb2cc4,0xdffb4318,0xdffb7080,0xdffbf8fd,
  0xe0005915,0xe0051a5f,0xe0053630,0xe006bf8a,0xe0070b6e,0xe00bd807,0xe00c03bb,0xe00d0e99,0xe01051f1,0xe010642e,0xe010a8ef,0xe014f5c5,
  0xe0158f9a,0xe0164e7f,0xe0171ffd,0xe017a4ab,0xe017cafd,0xe01880c1,0xe0198434,0xe01bddfe,0xe01bfb3a,0xe01cc11a,0xe01d4796,0xe020871e,
  0xe0210477,0xe0215d26,0xe021c534,0xe023be32,0xe02435f4,0xe0290efa,0xe02b0cb6,0xe02d727f,0xe02e6cdc,0xe0300281,0xe034e9da,0xe039a810,
  0xe03bb2bd,0xe03e116e,0xe03edd3a,0xe03f6121,0xe043533f,0xe046f22b,0xe049dc62,0xe04aabcf,0xe051f181,0xe055a449,0xe056e8a3,0xe0589aaf,
  0xe05b50db,0xe05df84d,0xe05f6b01,0xe05fff67,0xe06138fd,0xe06215be,0xe062fd84,0xe06837a6,0xe0683eff,0xe0685052,0xe06a2ae6,0xe06a7827,
  0xe06ae546,0xe06b6fa8,0xe06b70c5,0xe06ec848,0xe0707618,0xe0716ada,0xe0724008,0xe072f939,0xe072fe18,0xe0733d50,0xe0741441,0xe0760f03,
  0xe076feac,0xe078112f,0xe0785d1c,0xe0788d98,0xe0799405,0xe07a54d8,0xe07c5edc,0xe07c610d,0xe07e159a,0xe0803817,0xe080f127,0xe0812e2c,
  0xe0824fad,0xe082d9dd,0xe083b812,0xe0841054,0xe0863d4b,0xe088ce24,0xe089572e,0xe08c5f26,0xe08fa45a,0xe08fdbac,0xe092f572,0xe09349a4,
  0xe093f6c9,0xe0947258,0xe0982650,0xe09a72a2,0xe09ba676,0xe09e8ed7,0xe0a0da35,0xe0a2e32e,0xe0a3bb91,0xe0a488b4,0xe0a5def5,0xe0a6fbf2,
  0xe0a7c63e,0xe0a90e25,0xe0a95d99,0xe0aa12e1,0xe0aa2490,0xe0aa78e7,0xe0ac1562,0xe0ae00ed,0xe0b3a150,0xe0b4a253,0xe0b62482,0xe0b92397,
  0xe0ba4994,0xe0bc8a88,0xe0bf827a,0xe0bf83a6,0xe0c386b0,0xe0c3ba77,0xe0cb327a,0xe0cc1f3c,0xe0cd30f9,0xe0ce5c0e,0xe0d0f4c6,0xe0d1f11f,
  0xe0d26a55,0xe0d84a9e,0xe0dcafc0,0xe0e09889,0xe0e11511,0xe0e31c51,0xe0e3e3aa,0xe0e58080,0xe0e76df9,0xe0eb566f,0xe0ecf08f,0xe0ef05c4,
  0xe0ef56d0,0xe0f05498,0xe0f1d301,0xe0f44b06,0xe0f661d5,0xe0f8cfcc,0xe0f9d9f6,0xe0faa46d,0xe0fb6ead,0xe0fc35e3,0xe0fcfa9b,0xe1001868,
  0xe100317b,0xe10243d6,0xe1043d51,0xe105b0fc,0xe1073116,0xe1086e6b,0xe1088b31,0xe1095f21,0xe1096d49,0xe109961d,0xe10b4142,0xe10cc64a,
  0xe10d3150,0xe1108886,0xe110e3ea,0xe111ffdc,0xe1136d7d,0xe115a76d,0xe115ff10,0xe117dd16,0xe118ac22,0xe1197605,0xe11ed2ec,0xe11f09b9,
  0xe11f3d77,0xe11ffbeb,0xe1206efb,0xe1211a6b,0xe1220d61,0xe12297f9,0xe122cc3e,0xe12601f5,0xe1292ec5,0xe12bf084,0xe12cd32b,0xe12cea10,
  0xe12f415f,0xe130db1c,0xe1321ac2,0xe1336990,0xe136d063,0xe137c752,0xe1387f57,0xe13c515c,0xe1412f30,0xe1418ac4,0xe145b398,0xe146298c,
  0xe148a3b8,0xe1491a23,0xe14c9fbb,0xe14cf708,0xe14e42e4,0xe14e9a48,0xe1529a98,0xe15319f6,0xe156efbb,0xe1572970,0xe15ab09b,0xe15e603a,
  0xe160405f,0xe160dd40,0xe1632b1e,0xe165bab8,0xe165e1f2,0xe165f31b,0xe16767b5,0xe16cb258,0xe16dddfd,0xe16f33fd,0xe16f5c61,0xe17369b7,
  0xe1746a24,0xe1752340,0xe175a00b,0xe178571e,0xe1788a43,0xe17c0a6f,0xe17d70b2,0xe1801d3b,0xe182839b,0xe185d24e,0xe188681d,0xe18aa80d,
  0xe18b4be5,0xe18e2467,0xe18e711d,0xe18f780d,0xe1913482,0xe192a045,0xe19324db,0xe19341ef,0xe193de8b,0xe194ff54,0xe196a87a,0xe1975a87,
  0xe198ecc4,0xe1993113,0xe19aff8c,0xe19b7c19,0xe19ca769,0xe19d2c43,0xe19dd7dd,0xe1a139c6,0xe1a20d9d,0xe1a24f91,0xe1a3b448,0xe1a574b6,
  0xe1a7265b,0xe1a7cc42,0xe1afbf75,0xe1b0b2fc,0xe1b10ade,0xe1b26018,0xe1b4d916,0xe1b5935a,0xe1b804c8,0xe1ba8bf7,0xe1c127cf,0xe1c193ef,
  0xe1c1ece3,0xe1c2f1ed,0xe1c3befe,0xe1c3f89f,0xe1c6482a,0xe1cb9938,0xe1cc610f,0xe1cd2bfa,0xe1ce3369,0xe1cfc5f3,0xe1cfe9bf,0xe1d2af5e,
  0xe1d6ec56,0xe1d79475,0xe1d800fc,0xe1d93803,0xe1da3612,0xe1dbe8a2,0xe1def2fa,0xe1df11aa,0xe1e3c728,0xe1e3dc9e,0xe1e56640,0xe1ed1317,
  0xe1f1952f,0xe1f1ba41,0xe1f36588,0xe1f5c83e,0xe1f8745a,0xe1fa9a1f,0xe1fb134e,0xe1fd09c9,0xe1ffd8b8,0xe2001fca,0xe201ca48,0xe204a66f,
  0xe20621fc,0xe2064e18,0xe206cfa1,0xe20764f5,0xe208beda,0xe20a496a,0xe20daef2,0xe20e71a8,0xe20ee5ba,0xe2112c1b,0xe2116c19,0xe215dc1c,
  0xe215deca,0xe21628ac,0xe2181752,0xe21a2320,0xe224194f,0xe225d7a4,0xe226c2eb,0xe227e4c6,0xe2293b22,0xe22e5662,0xe23221a6,0xe232f005,
  0xe2337d7d,0xe23418ef,0xe2342649,0xe23620a8,0xe239da0c,0xe23ddfaf,0xe23e265c,0xe246766f,0xe247adb0,0xe249d3bf,0xe24ca726,0xe252a32b,
  0xe2547004,0xe2567a15,0xe259422d,0xe25c8bdd,0xe25e6c4e,0xe262e597,0xe262fd76,0xe264f5d4,0xe2661e8c,0xe266aa3f,0xe268023a,0xe268edf3,
  0xe269eb05,0xe26b455d,0xe26c812a,0xe26e3cf8,0xe26f1ea7,0xe26ffb77,0xe272920c,0xe273a6c5,0xe27594b0,0xe277b19e,0xe27c004a,0xe27d5db1,
  0xe27e3945,0xe27fe3b2,0xe2801daf,0xe281ba00,0xe283e5d3,0xe2843def,0xe2865580,0xe28efd0f,0xe29048b6,0xe290587f,0xe29222ed,0xe29327e3,
  0xe293fc10,0xe29422ba,0xe295de6e,0xe2966a58,0xe29a51b1,0xe29ba52d,0xe29bb6ac,0xe29d4634,0xe29d7a5f,0xe29d83ac,0xe2a14df2,0xe2a4394c,
  0xe2a46ee5,0xe2a4cf1a,0xe2a55b75,0xe2a6997a,0xe2a7634b,0xe2b01fe3,0xe2b1baf4,0xe2b1c08d,0xe2b1f670,0xe2b417a5,0xe2b591fa,0xe2bafa8c,
  0xe2bb3188,0xe2bca3ec,0xe2bdbe5b,0xe2bfbcc2,0xe2c2d055,0xe2c2e573,0xe2c3be6c,0xe2c67ecd,0xe2c6e67f,0xe2c863bc,0xe2cb1f19,0xe2cdf630,
  0xe2ce111d,0xe2cf0159,0xe2d06883,0xe2d31d18,0xe2d3a5fa,0xe2d6e5f0,0xe2d870c9,0xe2dd05c4,0xe2def605,0xe2e0b7ae,0xe2e0c4df,0xe2e31013,
  0xe2e4461b,0xe2e67cd8,0xe2e76870,0xe2e7d9b9,0xe2e8cd41,0xe2eab6a9,0xe2ec57aa,0xe2ed2e4b,0xe2ed5672,0xe2edcb59,0xe2ee20ac,0xe2ee66c9,
  0xe2f05394,0xe2f1fd0e,0xe2f495cb,0xe2f4b741,0xe2f5eb2e,0xe2f6c15d,0xe2f6eda6,0xe2f7d1ad,0xe2f89d1c,0xe2fb1709,0xe2fb5fd2,0xe2fc0d38,
  0xe2fd7116,0xe2fd9f23,0xe2fe194d,0xe2fe7346,0xe30503bc,0xe307059b,0xe30726f1,0xe3083e94,0xe3090723,0xe30c0a82,0xe30f6c71,0xe30f7e38,
  0xe310667d,0xe310c41e,0xe3121726,0xe312f809,0xe3139029,0xe313d73d,0xe316aeaa,0xe317043b,0xe3181f0d,0xe31ab5d5,0xe31c3a80,0xe31cde38,
  0xe31fb47f,0xe31fbf85,0xe321ad16,0xe3225ecb,0xe32331e9,0xe3255ef8,0xe32638a0,0xe3263dc4,0xe3265335,0xe32708e4,0xe327e964,0xe3284ad5,
  0xe329003f,0xe329fede,0xe32c7a1c,0xe32dd087,0xe32e5082,0xe3309c12,0xe331d174,0xe332d4cd,0xe337ad20,0xe339f089,0xe33b94a6,0xe33c31c4,
  0xe33eed76,0xe3450147,0xe3469fbb,0xe347690e,0xe3478a4d,0xe347ce86,0xe347fdbd,0xe34a2ed8,0xe34d7e31,0xe34f24b0,0xe34f3693,0xe352c0c6,
  0xe35314fb,0xe353f5e0,0xe3560c48,0xe3562ea3,0xe357db71,0xe35a60fd,0xe35bf66d,0xe35d7ded,0xe35d9514,0xe35ffad3,0xe36102cc,0xe361af56,
  0xe3634159,0xe3639a17,0xe3655c40,0xe3656127,0xe365fc02,0xe3665a6b,0xe36c641d,0xe36c8001,0xe36ca7df,0xe36ed9ea,0xe3703b35,0xe3710cff,
  0xe3761ae5,0xe376321e,0xe3771d0a,0xe377db57,0xe378aca7,0xe3796fef,0xe379d6c9,0xe379fda4,0xe37c01ad,0xe37c7769,0xe37eef1c,0xe38037c6,
  0xe3817cbc,0xe3822b71,0xe3836d86,0xe384266b,0xe386858a,0xe3883dfd,0xe38b994b,0xe38d40af,0xe38eb56f,0xe39223c9,0xe3926e85,0xe3964487,
  0xe396821e,0xe399827a,0xe39bcb38,0xe39c6949,0xe39ce9ee,0xe39fba0e,0xe3a027ca,0xe3a1976f,0xe3a3e378,0xe3a54382,0xe3a78534,0xe3a8aad5,
  0xe3ae6790,0xe3b19b55,0xe3b299cf,0xe3b5b7ff,0xe3b5f12e,0xe3b6d2cf,0xe3b95aa9,0xe3b98cdb,0xe3ba4410,0xe3c01ec8,0xe3c02a2f,0xe3c058e3,
  0xe3c47e19,0xe3c4b207,0xe3c59fa2,0xe3c65aca,0xe3c65b6e,0xe3cc2567,0xe3ccf797,0xe3ce4c7a,0xe3d205a1,0xe3d24c94,0xe3d3e8c3,0xe3d420b2,
  0xe3d815e4,0xe3d9aac7,0xe3dc15bb,0xe3de53c4,0xe3e116fc,0xe3e1d883,0xe3e582bc,0xe3e681f1,0xe3eada0a,0xe3ed4ef5,0xe3edbde4,0xe3ee84ff,
  0xe3f00019,0xe3f3c26c,0xe3f459e5,0xe3f49c4e,0xe3f8f290,0xe3fa209c,0xe3fb6e0b,0xe3fdd17f,0xe402ed6a,0xe4042197,0xe406bd26,0xe40f4655,
  0xe410b77d,0xe4174c76,0xe4198aa7,0xe41acfc2,0xe41c4c9c,0xe41f5836,0xe41f636c,0xe42533b7,0xe428c20a,0xe42a0ce0,0xe42e0cda,0xe42e826a,
  0xe42f91c7,0xe432d072,0xe4334374,0xe434d038,0xe436a05f,0xe4372bf5,0xe43833c6,0xe438ddd4,0xe43ed214,0xe43fd2c6,0xe4401626,0xe440676d,
  0xe446a2be,0xe4484e67,0xe44c20f5,0xe44c7833,0xe44dbadd,0xe44e7b5e,0xe44f2d14,0xe4524219,0xe4542b2c,0xe4569662,0xe457f405,0xe45b65a9,
  0xe45ba369,0xe45be5d7,0xe45d31c0,0xe45e4c77,0xe45f293f,0xe45fa339,0xe46052d5,0xe46083b1,0xe4631863,0xe466eef7,0xe46794b0,0xe467d4ba,
  0xe468b1ff,0xe4691a98,0xe4696fe9,0xe46a1173,0xe46b5ef7,0xe46c4441,0xe46d45ee,0xe46d9221,0xe46de2fe,0xe4742b13,0xe474b990,0xe4761641,
  0xe477059d,0xe477aa2d,0xe47964fe,0xe47afc95,0xe47d2bcf,0xe47e2de5,0xe47f5a5a,0xe48195a4,0xe4843bcc,0xe484ee68,0xe487bc2e,0xe489017b,
  0xe48d676a,0xe48dcb28,0xe48fb215,0xe48fc9ec,0xe490a2c2,0xe493b705,0xe4940127,0xe49449e4,0xe494bfcd,0xe4966511,0xe497195a,0xe4972efc,
  0xe497d311,0xe49b6bfe,0xe49d71db,0xe4a4ab88,0xe4a523f6,0xe4a6b199,0xe4a9581d,0xe4a98617,0xe4aa3f22,0xe4aa9bd0,0xe4ab19d1,0xe4ac5eaf,
  0xe4b247c4,0xe4b46dca,0xe4b620a7,0xe4b69d34,0xe4b6acb6,0xe4b7aed8,0xe4bcd260,0xe4bd66b9,0xe4bdea62,0xe4c0e060,0xe4c11a1d,0xe4c2a4c9,
  0xe4c63542,0xe4c6ac3e,0xe4c72b95,0xe4c9d830,0xe4c9df1a,0xe4cb77c0,0xe4cdf70a,0xe4cf4bd4,0xe4d09820,0xe4d59fbb,0xe4d76165,0xe4d8927d,
  0xe4da060f,0xe4da75b9,0xe4daa145,0xe4dab193,0xe4dae96a,0xe4dbaf63,0xe4e23683,0xe4e2a9f5,0xe4e6a6e4,0xe4e6ed0e,0xe4ea5314,0xe4eb64ee,
  0xe4ec995b,0xe4f0e537,0xe4f17879,0xe4f2b13e,0xe4f37050,0xe4f4132e,0xe4f66371,0xe4f684e5,0xe4f8da50,0xe4f9a142,0xe4fadf1c,0xe4fbc2e7,
  0xe4fbc680,0xe4fc22e1,0xe4fc8e6d,0xe4fe1fc2,0xe4fed09a,0xe4ff36a0,0xe503acd1,0xe5049f35,0xe504e49c,0xe506fb26,0xe507b3b5,0xe50b143a,
  0xe50d0fd2,0xe5104054,0xe511af14,0xe513abbe,0xe51414e8,0xe5142c4f,0xe516999a,0xe5186d3f,0xe51c3b67,0xe51db38d,0xe51e4e35,0xe51e4ed0,
  0xe51ec77c,0xe522fcb7,0xe526d754,0xe52a0f11,0xe52a395e,0xe52b15eb,0xe52cac19,0xe5304385,0xe530968f,0xe5332481,0xe5342cff,0xe534ce5b,
  0xe53584f9,0xe53656dd,0xe536881e,0xe5382464,0xe538358d,0xe53aa4ec,0xe53b0145,0xe53b1d04,0xe53e24ed,0xe53f25dd,0xe53fda94,0xe541021e,
  0xe5429c1b,0xe545ab94,0xe546a489,0xe547291a,0xe547fb6e,0xe54845f5,0xe54af1e0,0xe54b783b,0xe54bd359,0xe54cb445,0xe54dbe9b,0xe551e4d2,
  0xe553b37f,0xe555d444,0xe5561fb3,0xe557e224,0xe5594545,0xe55b7c02,0xe55be56a,0xe55c31bc,0xe55e4167,0xe55e9fd4,0xe55efa1f,0xe55f0bfa,
  0xe55f1905,0xe55f8706,0xe5619f7f,0xe563bbc4,0xe565a82a,0xe5672e58,0xe569d8c1,0xe56a9632,0xe56ae099,0xe56af4ed,0xe56c3a5f,0xe56daafc,
  0xe56e2aad,0xe56e2f04,0xe56fc13a,0xe5721267,0xe574e3c3,0xe5750721,0xe577ae53,0xe577ea30,0xe5794772,0xe57b24f3,0xe57c8979,0xe57e7358,
  0xe5801880,0xe5821b41,0xe582c03a,0xe5851d51,0xe58b2fb1,0xe58dbfba,0xe591ccf3,0xe5933014,0xe593ae72,0xe595ca38,0xe59a5e45,0xe59ae775,
  0xe59cd50e,0xe59d5eab,0xe5a9031d,0xe5aaf0b0,0xe5acacfe,0xe5b0b4f6,0xe5b0e852,0xe5b15163,0xe5b155e5,0xe5b23a2c,0xe5b2baef,0xe5b4026c,
  0xe5b7cd98,0xe5b894c4,0xe5b896ed,0xe5bb74bb,0xe5bb934e,0xe5bcef78,0xe5c055bb,0xe5c0e8b0,0xe5c1a320,0xe5c43522,0xe5c4e1ec,0xe5c533d0,
  0xe5c86f3c,0xe5c8b427,0xe5c96098,0xe5c9d7f3,0xe5cb74a1,0xe5ccba67,0xe5ce606c,0xe5d461c0,0xe5df5120,0xe5e089d2,0xe5e31eda,0xe5e4108f,
  0xe5e725f3,0xe5e75cec,0xe5e8dc86,0xe5ea04e5,0xe5eb0ab7,0xe5ed001b,0xe5ee4178,0xe5eeec56,0xe5eefaeb,0xe5efd335,0xe5f2043c,0xe5f2e7a2,
  0xe5f3083c,0xe5f483dc,0xe5fa010a,0xe5fa1272,0xe5fa2f88,0xe5fbe29a,0xe6006239,0xe601c5de,0xe602d349,0xe605da32,0xe60a3749,0xe60a4cad,
  0xe60aa4cf,0xe60addd0,0xe60b1930,0xe60e9479,0xe60efd1b,0xe6115d5c,0xe612433e,0xe6128c4a,0xe6147003,0xe61a035b,0xe620a723,0xe620b2a2,
  0xe6223e3c,0xe622c75e,0xe6247e27,0xe6275df4,0xe62882bd,0xe62889e2,0xe62b319a,0xe62cba83,0xe62f872f,0xe62fc507,0xe6312f23,0xe6337062,
  0xe635b1a4,0xe635cfed,0xe637eb40,0xe63982db,0xe63a3358,0xe63a7578,0xe63d1396,0xe63fa7bb,0xe640b96b,0xe640bd5a,0xe643a99d,0xe644de14,
  0xe647b37f,0xe648ec19,0xe648f447,0xe64a3b12,0xe64c1815,0xe64d06fd,0xe64ede9d,0xe64ee0a1,0xe650b90b,0xe6534190,0xe654e5ed,0xe656ea60,
  0xe659cdb8,0xe65a61be,0xe65c169e,0xe65e3730,0xe66150c6,0xe6637be1,0xe66401e0,0xe6662cd5,0xe6679f72,0xe66bc404,0xe6714ec7,0xe672d337,
  0xe67330d7,0xe6757dd6,0xe67625d4,0xe6767123,0xe676950e,0xe6776403,0xe677669f,0xe6776735,0xe677f705,0xe67925d3,0xe6794453,0xe6795a9b,
  0xe6798ae2,0xe679e91b,0xe67ab62d,0xe67d0caf,0xe67d4a9c,0xe67d6c00,0xe67e3cdc,0xe67eeffa,0xe6802103,0xe68049f7,0xe6809385,0xe681929f,
  0xe681eedd,0xe682e224,0xe6835be0,0xe683d154,0xe6849e88,0xe685178e,0xe6851ede,0xe685ac1c,0xe6862d70,0xe686e518,0xe6887d1f,0xe6887dde,
  0xe6887f0a,0xe68965e2,0xe68a1b77,0xe68e2fac,0xe68f2c4d,0xe68f3241,0xe68f4c18,0xe692d879,0xe693e710,0xe695799d,0xe6976dad,0xe698f0ac,
  0xe69b3383,0xe69b431a,0xe69b595b,0xe69b659c,0xe69c4b73,0xe69d9d89,0xe69f96bc,0xe6a10cf3,0xe6a15f7b,0xe6a1a801,0xe6a2bb37,0xe6a54f0f,
  0xe6a6dfa3,0xe6a7f465,0xe6aad627,0xe6af08a8,0xe6b0cb37,0xe6b2ae61,0xe6b40ec4,0xe6b5a64b,0xe6b66417,0xe6b6f6df,0xe6b73cb1,0xe6b9603f,
  0xe6bcab08,0xe6be6987,0xe6be7d32,0xe6be9298,0xe6bfb92a,0xe6c057ae,0xe6c0ebca,0xe6c15aec,0xe6c15b39,0xe6c89422,0xe6cbc6f7,0xe6cd70ae,
  0xe6cee163,0xe6cf25a2,0xe6d0aa31,0xe6d2a06b,0xe6d43466,0xe6d5b752,0xe6d5d87c,0xe6d6d7f9,0xe6d9ba74,0xe6da31dc,0xe6dc33be,0xe6e16737,
  0xe6e1f720,0xe6e26367,0xe6e3ab07,0xe6e407ec,0xe6e442d2,0xe6e5c53e,0xe6e74392,0xe6e87894,0xe6ebf153,0xe6ef8085,0xe6f0ce6b,0xe6f16bbd,
  0xe6f186d4,0xe6f29553,0xe6f47d51,0xe6f9adc5,0xe6fa6332,0xe6faaac3,0xe6fc7473,0xe6fdd8f3,0xe6ff801a,0xe6ffe362,0xe70040bd,0xe701807b,
  0xe704fe1a,0xe70565d4,0xe707f9a9,0xe70958ff,0xe70a6384,0xe70b4d09,0xe70ea8a1,0xe70fc13d,0xe711b8b2,0xe711edb6,0xe71306d9,0xe7133d96,
  0xe716dad4,0xe71838b4,0xe718debc,0xe71a7d35,0xe71b6c5c,0xe71cd256,0xe71fc20a,0xe722b9c3,0xe723eb79,0xe72502e0,0xe726615f,0xe7295033,
  0xe72a8e6d,0xe72b7d00,0xe72d3c23,0xe72f9ba5,0xe72fd4fe,0xe7321020,0xe734a1cd,0xe7363267,0xe73670d8,0xe7368f5a,0xe736ac25,0xe7386eb6,
  0xe739e540,0xe73a7b9f,0xe73be7fe,0xe73ec0f4,0xe73ecfc3,0xe7400373,0xe7419fab,0xe74874b2,0xe74a956c,0xe74c52e6,0xe74c5571,0xe751503e,
  0xe753b93d,0xe7550962,0xe7561d29,0xe757f070,0xe75960e0,0xe75969b0,0xe75dcd02,0xe75ed562,0xe760d2fe,0xe761d538,0xe7628c53,0xe7651d80,
  0xe76538fc,0xe766ad29,0xe767207c,0xe7686f1a,0xe76c95a7,0xe76c9e2f,0xe76caeaf,0xe76d3ae1,0xe76d4b01,0xe7712cb1,0xe7723159,0xe7743dc6,
  0xe7744f3f,0xe77895fe,0xe779078d,0xe77921fa,0xe779c569,0xe77ebf37,0xe7804010,0xe781b8df,0xe7829927,0xe7834509,0xe7837991,0xe783b85b,
  0xe784144a,0xe7850cab,0xe7865263,0xe78878ce,0xe789c93f,0xe78b4006,0xe790bbb0,0xe7919b98,0xe794162d,0xe7946639,0xe7953947,0xe795a97a,
  0xe796ff20,0xe798d970,0xe79ae78b,0xe79ba723,0xe79be182,0xe79c7353,0xe79ea91f,0xe79ecc24,0xe79fb02a,0xe7a1446e,0xe7a1889d,0xe7a4612a,
  0xe7a4d2a7,0xe7a95998,0xe7ac25eb,0xe7af36bb,0xe7af3cdc,0xe7af6093,0xe7b04b70,0xe7b2868f,0xe7b50564,0xe7b67e79,0xe7b6bc25,0xe7bd1d63,
  0xe7bf0380,0xe7bf0bc8,0xe7c068a4,0xe7c359c0,0xe7c758c1,0xe7c817aa,0xe7ca04af,0xe7ca6718,0xe7cc7d32,0xe7cd9847,0xe7d0b25c,0xe7d26cc8,
  0xe7d30c1b,0xe7d46faf,0xe7d4be8a,0xe7d51827,0xe7d51e28,0xe7d995af,0xe7da1d2d,0xe7db211a,0xe7db59ee,0xe7db9b69,0xe7dc38b6,0xe7dcb374,
  0xe7df7179,0xe7e21f2c,0xe7e3e450,0xe7e7dd82,0xe7e90c65,0xe7eae76d,0xe7eb087c,0xe7eb32c4,0xe7edb34c,0xe7ef0c85,0xe7ef51be,0xe7efb5e3,
  0xe7f2a817,0xe7f418dd,0xe7f41e97,0xe7f44abc,0xe7f6704b,0xe7f681bb,0xe7f690ed,0xe7f77781,0xe7f8c335,0xe7fa8b12,0xe7fcd4b0,0xe7ff7a24,
  0xe80148c4,0xe80317fa,0xe8068b08,0xe807d62e,0xe8082acc,0xe80865df,0xe8096e7f,0xe80a16c4,0xe80b623e,0xe80cac2c,0xe80d35e4,0xe80e50c7,
  0xe80ea099,0xe80fc14b,0xe8122881,0xe812543c,0xe8132428,0xe8151d31,0xe81620c4,0xe817741b,0xe818e0e8,0xe81988c5,0xe81a1201,0xe81afea4,
  0xe81e62d1,0xe81e6bc6,0xe8215a08,0xe821c907,0xe822e396,0xe8236e3a,0xe8291ba2,0xe82980d3,0xe829f064,0xe82a15f3,0xe82bb10a,0xe82c4ef7,
  0xe82c9a58,0xe82df4cd,0xe82f1a83,0xe82f6f02,0xe8312e22,0xe831a311,0xe83286dc,0xe832fe6a,0xe8333908,0xe833ec25,0xe8365acc,0xe8397de4,
  0xe83c0201,0xe83cd717,0xe83e5553,0xe840a6a8,0xe8421aac,0xe8442c8a,0xe8453602,0xe8467a55,0xe848517b,0xe848fc19,0xe84a846d,0xe84c6a8e,
  0xe8503268,0xe8522a2f,0xe856e959,0xe859810b,0xe859f0c5,0xe85a77fa,0xe85a84ba,0xe85ba596,0xe85d1e8e,0xe85d20cd,0xe85f17dd,0xe85f748c,
  0xe85ff9c8,0xe8606c56,0xe8608f91,0xe860c65f,0xe8644934,0xe86aaedb,0xe86abc1d,0xe86e9a9d,0xe871abef,0xe8787372,0xe87a74cb,0xe87b3111,
  0xe87d7631,0xe87f4053,0xe880eae1,0xe881d9ac,0xe8835827,0xe883923d,0xe8867548,0xe886af63,0xe887b85b,0xe888b76f,0xe888c0b6,0xe88bbdd6,
  0xe88c1265,0xe88e773e,0xe890b542,0xe89145dd,0xe893c613,0xe8945a07,0xe8948261,0xe894ca94,0xe89566f6,0xe89763c9,0xe8983e83,0xe8985932,
  0xe89a4cb7,0xe89c8c0b,0xe89ec6f2,0xe8a106fb,0xe8a1b8c2,0xe8a354c5,0xe8a4fdb6,0xe8a62a3e,0xe8a73970,0xe8a85508,0xe8add003,0xe8aed5c4,
  0xe8b15292,0xe8b4b20b,0xe8b69a83,0xe8b9de7b,0xe8bc5a50,0xe8be0eb1,0xe8c12d45,0xe8c29bc4,0xe8c41bfb,0xe8c68263,0xe8c74221,0xe8cb51b9,
  0xe8cbfc61,0xe8cdd45c,0xe8cdec65,0xe8cf4711,0xe8d2011c,0xe8d2e27f,0xe8d35bb4,0xe8d664b1,0xe8d8d495,0xe8d8feb7,0xe8db22b8,0xe8db6554,
  0xe8dc2bd3,0xe8dd14d9,0xe8df7304,0xe8dfc570,0xe8dfdc19,0xe8e00099,0xe8e15201,0xe8e34171,0xe8e4d126,0xe8e54fd8,0xe8e711f8,0xe8e79169,
  0xe8e9ac58,0xe8eae63c,0xe8ec44a6,0xe8ed33fd,0xe8ee5f66,0xe8f07898,0xe8f1b317,0xe8f31b08,0xe8f3f3ee,0xe8f3f3f6,0xe8f84bd9,0xe8fa491d,
  0xe900352d,0xe9052834,0xe905afd7,0xe907cef8,0xe9083198,0xe9085379,0xe9089027,0xe90a9422,0xe90a9ea7,0xe90aa9dc,0xe90abb46,0xe90c1729,
  0xe90f3cde,0xe9107b61,0xe910acd8,0xe9112198,0xe911a6db,0xe913a713,0xe913ca0f,0xe913e67a,0xe91abc07,0xe91c7812,0xe91e460c,0xe91f0504,
  0xe91f2c55,0xe9242a73,0xe92449dc,0xe924be1c,0xe924d77c,0xe9276534,0xe92caaa0,0xe92d8b3c,0xe92e4e21,0xe93252ab,0xe933f2cd,0xe9387058,
  0xe93c4d22,0xe93edad7,0xe93f3328,0xe941f9a4,0xe9428a05,0xe942937a,0xe94597a6,0xe9471d30,0xe948cd0d,0xe94a3b7e,0xe94ef0cb,0xe94f5e05,
  0xe9507cd4,0xe9519525,0xe95275d1,0xe952c51c,0xe9534a72,0xe954ddb1,0xe955f31d,0xe95629c7,0xe95b22be,0xe95d3067,0xe95ff28c,0xe96207b9,
  0xe962f91f,0xe963a404,0xe9649836,0xe96610fd,0xe9688ce7,0xe96bedbb,0xe96d967c,0xe96e2d8b,0xe9701b28,0xe972bcdf,0xe972d0e6,0xe9748a5f,
  0xe9767e94,0xe976bd65,0xe9776c35,0xe97790a9,0xe979d54e,0xe97af4cd,0xe97daf6c,0xe980d87e,0xe9855536,0xe98a6ce9,0xe98c2025,0xe98c389d,
  0xe98c4277,0xe9920553,0xe992b29b,0xe99473f0,0xe995ce13,0xe998093e,0xe998897a,0xe998d8cd,0xe99b848a,0xe99b9860,0xe99df74f,0xe99e6921,
  0xe99ee8ed,0xe9a1deba,0xe9a3454a,0xe9a57535,0xe9a657f0,0xe9a89278,0xe9a8af6f,0xe9aa4a7a,0xe9ad9c17,0xe9b04a61,0xe9b24c6a,0xe9b291aa,
  0xe9b2f60b,0xe9b41a41,0xe9b5d3e2,0xe9b67383,0xe9b756c9,0xe9b8614e,0xe9ba6162,0xe9bccfdd,0xe9becd64,0xe9bf6c46,0xe9c096d2,0xe9c800fb,
  0xe9c92ae3,0xe9cabc65,0xe9cf4d42,0xe9d05165,0xe9d14ff5,0xe9d535d5,0xe9d626b6,0xe9d62c99,0xe9d8a6cb,0xe9e4705b,0xe9ebe0a9,0xe9ee23c0,
  0xe9eedd07,0xe9f3263a,0xe9f41450,0xe9f44271,0xe9f5588a,0xe9f58fa7,0xe9f6029e,0xe9f64e3f,0xe9f73c13,0xe9f7413b,0xe9f8108e,0xe9f9867a,
  0xe9fbc762,0xe9feff90,0xea0163ce,0xea03f2b0,0xea06de03,0xea07b45f,0xea09709d,0xea0c6e81,0xea0ca577,0xea0cc49c,0xea0e90fb,0xea0f5704,
  0xea105561,0xea13fb3f,0xea17ba6e,0xea1a552c,0xea1e1046,0xea22bc8e,0xea27287f,0xea2753b4,0xea288759,0xea2985d6,0xea2d12ab,0xea2e754f,
  0xea2f0a97,0xea2ff3c9,0xea307f59,0xea30abc9,0xea31a8bb,0xea335872,0xea364cd2,0xea36d445,0xea3a227f,0xea3d0790,0xea3d7619,0xea3e940f,
  0xea3e95d1,0xea3ff08c,0xea40a7dd,0xea471203,0xea48373d,0xea4c1989,0xea4d1ca4,0xea4dac61,0xea500779,0xea507d79,0xea51d119,0xea52b3d0,
  0xea55d278,0xea57c3b9,0xea58f672,0xea599ed8,0xea5a5d73,0xea5c4b9f,0xea5d0a73,0xea5e3e96,0xea5f4c14,0xea62a324,0xea6333c8,0xea63ac36,
  0xea641c93,0xea6421d6,0xea65c162,0xea67be76,0xea689644,0xea7115cf,0xea730424,0xea7422e7,0xea7511e8,0xea753896,0xea75da8d,0xea76182a,
  0xea794a1a,0xea797fed,0xea798223,0xea79aaa7,0xea7aa22b,0xea7aacb9,0xea7bc728,0xea823564,0xea82d28d,0xea85e6d5,0xea8914ff,0xea8ab346,
  0xea8ee9c5,0xea8f56b9,0xea91019a,0xea916f85,0xea91dafe,0xea924966,0xea925afd,0xea939854,0xea93be59,0xea950ca1,0xea95490b,0xea975487,
  0xea985b1e,0xea989479,0xea9b50df,0xea9e4cf0,0xea9e80ab,0xeaa14d01,0xeaa5a268,0xeaa6ac37,0xeaa8144c,0xeaab0a00,0xeaab7de1,0xeaac0a9d,
  0xeaad6e22,0xeaaf1b6b,0xeab20195,0xeab53d36,0xeab5e0de,0xeab611d9,0xeab67d12,0xeaba090d,0xeabb30de,0xeabf19ce,0xeac0a2e9,0xeac25b5d,
  0xeac379ef,0xeac3eb3f,0xeac40c06,0xeac4ea3a,0xeac74630,0xeac9c9fb,0xeacea0e4,0xeacec5fd,0xead45388,0xead7e178,0xead98dac,0xeadc3318,
  0xeadd6a36,0xeadf5d20,0xeae17652,0xeae3e37e,0xeae4592e,0xeaeb215a,0xeaeb848a,0xeaee8f1e,0xeaf05bd1,0xeaf31985,0xeaf3e3a0,0xeaf54626,
  0xeaf7daa7,0xeaf81e96,0xeaf8f956,0xeaff74b0,0xeb00c3cc,0xeb0231a2,0xeb024384,0xeb0394af,0xeb03af19,0xeb0580c7,0xeb0625c5,0xeb068574,
  0xeb084b9c,0xeb08fd8c,0xeb0a10a5,0xeb0caf10,0xeb0d0ced,0xeb0e1bd2,0xeb0e4b35,0xeb0e8e5d,0xeb0f4517,0xeb0f57c9,0xeb1659df,0xeb18e275,
  0xeb193a68,0xeb19b509,0xeb19cb8f,0xeb1aa474,0xeb1c4b7c,0xeb1c6bd7,0xeb21d579,0xeb26090f,0xeb273a6a,0xeb2783e9,0xeb296d90,0xeb298847,
  0xeb2c5565,0xeb2d3554,0xeb2d8186,0xeb2e1336,0xeb2f9e4a,0xeb311657,0xeb33fff6,0xeb34586e,0xeb34cdc0,0xeb36dfbe,0xeb382c87,0xeb38a7fc,
  0xeb39ad5a,0xeb3a4c13,0xeb3cbe2f,0xeb3dd38a,0xeb3e85dd,0xeb3f17ed,0xeb3fbb78,0xeb3fd843,0xeb3fe3d8,0xeb422f80,0xeb445518,0xeb47250b,
  0xeb472a58,0xeb473868,0xeb477cbe,0xeb4bb0c0,0xeb4c515a,0xeb4d3454,0xeb4ea4c7,0xeb4ebe38,0xeb50015d,0xeb505657,0xeb51c6e9,0xeb53be9a,
  0xeb55add3,0xeb5674ba,0xeb56ba94,0xeb57efaa,0xeb581844,0xeb58c895,0xeb5ed81a,0xeb61b1bd,0xeb61f5c9,0xeb62e7e6,0xeb68d184,0xeb6a8644,
  0xeb703a73,0xeb70dec3,0xeb716c22,0xeb720131,0xeb7350fd,0xeb75b4ef,0xeb778cff,0xeb797888,0xeb7b59f6,0xeb7d2933,0xeb7f8927,0xeb7fbfe1,
  0xeb824f10,0xeb83a095,0xeb8579e6,0xeb87130f,0xeb88893a,0xeb89786a,0xeb8b4411,0xeb8d5266,0xeb8d9142,0xeb8e0b1d,0xeb8e210d,0xeb8f6830,
  0xeb94182c,0xeb9460a3,0xeb9488b0,0xeb966303,0xeb980819,0xeb9879c2,0xeb994d7a,0xeb9aab0a,0xeb9b1f9f,0xeb9db40e,0xeba242ac,0xeba31525,
  0xeba6490c,0xeba6df6a,0xeba70d1a,0xeba9ddcd,0xebac3d00,0xebaee639,0xebb069c5,0xebb21a3d,0xebb23e1a,0xebb2413e,0xebb2a979,0xebb5529a,
  0xebb5b52f,0xebb61441,0xebb91207,0xebb9d9f9,0xebbdf4ca,0xebbe1461,0xebbf7c25,0xebbfe14c,0xebc248c9,0xebc3d86a,0xebc569ac,0xebc5ed24,
  0xebc9fe06,0xebcba49b,0xebcbd74e,0xebcce47a,0xebcdfce1,0xebcf8f61,0xebd12bd7,0xebd1399f,0xebd40778,0xebd43b83,0xebd5556c,0xebd6a179,
  0xebd74ae0,0xebd79892,0xebdb49d3,0xebdc31cd,0xebddd524,0xebde4c74,0xebe190b1,0xebe3e35a,0xebe47d79,0xebe5dcb4,0xebe67807,0xebe72830,
  0xebe83b05,0xebe8d8dc,0xebec5454,0xebed36c1,0xebef339b,0xebef38ec,0xebf119d6,0xebf164df,0xebf2bbe0,0xebf5bede,0xebf98057,0xebfedb00,
  0xebffd206,0xec007a17,0xec00a320,0xec04c4cd,0xec07a26f,0xec07af2d,0xec096814,0xec09ce5a,0xec09d8cd,0xec0a3136,0xec0c59f8,0xec11f83d,
  0xec125200,0xec12719b,0xec13c067,0xec1940b9,0xec19b67d,0xec1b6ff3,0xec1b7cee,0xec1ca78b,0xec1d32ef,0xec1f619e,0xec20492b,0xec206d94,
  0xec20c7ea,0xec2120de,0xec24905b,0xec25ca5b,0xec26f836,0xec27ec7f,0xec295f28,0xec31a8c7,0xec32bfb2,0xec34e700,0xec38bccc,0xec38c94e,
  0xec38e90a,0xec434336,0xec4386d2,0xec440e08,0xec44c11f,0xec46d3f6,0xec470807,0xec4a4a94,0xec50024e,0xec518136,0xec51ff59,0xec523fef,
  0xec52e40a,0xec532606,0xec542652,0xec548e9a,0xec54d39b,0xec5549e1,0xec556de8,0xec57f2b6,0xec5c1cb6,0xec60682f,0xec6149fd,0xec62d99b,
  0xec63d952,0xec64fd65,0xec674d40,0xec675838,0xec6b24a6,0xec6c2352,0xec6dde7e,0xec6fa3de,0xec6fb971,0xec71a864,0xec73e71a,0xec7634c7,
  0xec78284f,0xec78fc40,0xec799987,0xec7b7265,0xec7d878d,0xec7f1ef8,0xec7f7d26,0xec8114c9,0xec848fb3,0xec872325,0xec8a8aa5,0xec8abe8d,
  0xec8b6fe9,0xec8ddec1,0xec90afa2,0xec912d40,0xec972065,0xec977f83,0xec9792e3,0xec97c0b0,0xec984f58,0xec995ab2,0xec99a0dc,0xec9c3fd5,
  0xec9d5b34,0xec9d9214,0xec9db59a,0xec9fd1c5,0xeca01f36,0xeca0803e,0xeca09be2,0xeca0b2ed,0xeca2a314,0xeca32207,0xeca40647,0xeca64b39,
  0xeca8444a,0xeca8d88f,0xeca90a2c,0xecaa9efa,0xecaaa90b,0xecb6649d,0xecb8df2d,0xecba5b4e,0xecbcc17f,0xecbd1689,0xecbd491d,0xecbdcab4,
  0xecbee41a,0xecc2e6cd,0xecc322f3,0xecc3260c,0xecc4549f,0xecc979cd,0xecca1031,0xeccb7683,0xeccc25d6,0xecccfc39,0xeccdedf0,0xeccf052d,
  0xecd17e36,0xecd6674e,0xecd79d24,0xecd8420a,0xecde6601,0xecdfdcd5,0xece3f760,0xece40529,0xecec9df4,0xecf0ba26,0xecf1d15c,0xecf4f0a8,
  0xecf526b6,0xecf6ec6e,0xecf6ef4d,0xecf7393f,0xecf842c6,0xecf94b29,0xecf95cec,0xecfa4fd3,0xecfbd6ea,0xecfbf32a,0xecfd27d6,0xecfe3f68,
  0xecff0fb3,0xecffa975,0xecfff047,0xed01e2cc,0xed01e720,0xed04b411,0xed0909e0,0xed0990c6,0xed0aa4bd,0xed0c4b6d,0xed0e247a,0xed117a00,
  0xed11a5ba,0xed136f3a,0xed13acb2,0xed13d462,0xed1780d2,0xed1948b5,0xed1a77ad,0xed1f2ce5,0xed227a09,0xed24804a,0xed25dd12,0xed28753b,
  0xed295233,0xed2ccc6a,0xed2e1af3,0xed30554b,0xed30c629,0xed317994,0xed3276c5,0xed334258,0xed34a741,0xed355831,0xed35c42e,0xed373997,
  0xed375950,0xed382689,0xed386a55,0xed38af7a,0xed3987e1,0xed3b484e,0xed3c34cd,0xed3c9776,0xed3d2306,0xed3e763e,0xed3f73d9,0xed40e582,
  0xed40f1a8,0xed4109bd,0xed414f15,0xed473744,0xed47f122,0xed4979b9,0xed4b668b,0xed4b91ce,0xed50a23c,0xed54780b,0xed552873,0xed555bd2,
  0xed55c2b3,0xed55d6ba,0xed56488e,0xed568b0b,0xed58cd4f,0xed5bde43,0xed5ec0b6,0xed5f0fec,0xed6300c3,0xed634523,0xed659bd5,0xed662516,
  0xed66dc8a,0xed6817c4,0xed6877f3,0xed68d0d7,0xed6e490a,0xed709272,0xed76b5ee,0xed76cbf1,0xed77fa0a,0xed785fbe,0xed7a59b7,0xed7afb4e,
  0xed7cc89f,0xed7f1d10,0xed7fa8c7,0xed81f8a9,0xed824ffb,0xed870682,0xed8b2e6f,0xed8e9cdc,0xed900d2d,0xed9051ca,0xed912030,0xed914954,
  0xed917d49,0xed92902a,0xed93467e,0xed940213,0xed9482f5,0xed949813,0xed9501da,0xed9a6b1f,0xed9a72bc,0xed9b5a66,0xed9e6569,0xed9e9717,
  0xeda399d8,0xedabc874,0xedad163f,0xedad1d14,0xedb3d387,0xedb57445,0xedb78c28,0xedb93dc8,0xedba63dc,0xedbddae6,0xedbfbb70,0xedc25ac1,
  0xedc684e5,0xedc70301,0xedcc625b,0xedccbc79,0xedce3b84,0xedd1414d,0xedd66903,0xedd6b703,0xedd785d7,0xedd7a430,0xedda85be,0xedda9cfb,
  0xeddc46d7,0xeddcc204,0xede131bb,0xede9e55f,0xedea973d,0xedeca9e2,0xedecc7eb,0xededc90a,0xedeef60c,0xedef9028,0xedf26a7e,0xedf2f52e,
  0xedf48231,0xedf966d6,0xee003e25,0xee00848b,0xee03a8f2,0xee0531d2,0xee05ed86,0xee0797b4,0xee081c51,0xee08481d,0xee08adaf,0xee09600f,
  0xee09fe05,0xee0ed1f7,0xee0eed79,0xee0f3e07,0xee10f16c,0xee115ff6,0xee13896a,0xee14a21d,0xee154c45,0xee16b6ba,0xee16bf2d,0xee1cad23,
  0xee1d094b,0xee1d771c,0xee206ee8,0xee20ada7,0xee22417b,0xee224345,0xee230ef5,0xee25969e,0xee26768a,0xee28d964,0xee2e06f4,0xee2e3fce,
  0xee314732,0xee325b6c,0xee3364f8,0xee34a9b0,0xee35a5d9,0xee39cb20,0xee39cd75,0xee3a7577,0xee3a9952,0xee3d09fc,0xee3d407a,0xee3e3954,
  0xee3f7fdb,0xee404ff6,0xee44921f,0xee49a446,0xee49df36,0xee4a6de5,0xee530d7e,0xee554d90,0xee5cfdac,0xee5d06f7,0xee5db87d,0xee5dcb5c,
  0xee611555,0xee621492,0xee626f08,0xee632385,0xee650a6f,0xee664bc7,0xee68621d,0xee68c59a,0xee695b05,0xee6a58c7,0xee6b2356,0xee6b7260,
  0xee6bd291,0xee6c0e80,0xee6d7d96,0xee6e09c6,0xee7167f4,0xee74d395,0xee7509ae,0xee751795,0xee75e400,0xee76cf75,0xee7aaeb3,0xee7bcfbd,
  0xee7e4d2d,0xee7f4da8,0xee840f7f,0xee8451e6,0xee845c5d,0xee892ad0,0xee8b44c8,0xee919caa,0xee93bf13,0xee93d574,0xee943865,0xee944087,
  0xee94c458,0xee94cd00,0xee95568f,0xee95ae60,0xee9672d0,0xee9b1775,0xee9bbc4d,0xee9d8e22,0xee9e0b5e,0xeea14982,0xeea165bd,0xeea28677,
  0xeea40c66,0xeea42765,0xeea5511c,0xeea6cc21,0xeea827be,0xeea83e61,0xeea8e8d0,0xeeaadf31,0xeeab3bc6,0xeeab4fbd,0xeeabace8,0xeeac1e75,
  0xeeaca5c3,0xeead626b,0xeeade83a,0xeeaf954c,0xeeb00fde,0xeeb218f8,0xeeb2a0a3,0xeeb38de6,0xeeb6060b,0xeeb6f745,0xeeb8619b,0xeeb96b02,
  0xeebb6c3a,0xeebc341f,0xeebeb563,0xeebf1abe,0xeebf3e0c,0xeebf8800,0xeec0a277,0xeec34990,0xeec4aeff,0xeec5f78d,0xeec7a3ea,0xeec97594,
  0xeec9e953,0xeecb416e,0xeecc0afc,0xeecc1422,0xeecdfa30,0xeecf9d0a,0xeecff13c,0xeed0b16e,0xeed230b3,0xeed30699,0xeed3f701,0xeed44b48,
  0xeed4af72,0xeed7b955,0xeed90a60,0xeedb028d,0xeedd7266,0xeedd8d4c,0xeeddb8d9,0xeee0c680,0xeee1a621,0xeee2e3c7,0xeee315fa,0xeee33143,
  0xeee42592,0xeee63380,0xeee79920,0xeee8e95c,0xeeea3b60,0xeeed3002,0xeef21805,0xeef591cf,0xeef6b0a8,0xeef73e23,0xeef74d2e,0xeef7f3fa,
  0xeef914c5,0xeefaa9ab,0xeefab801,0xeefabdab,0xeefadf7c,0xeefe00aa,0xeeff1145,0xeeff4554,0xef002693,0xef0065b3,0xef0104c5,0xef013d65,
  0xef02c085,0xef02c8d9,0xef0838ff,0xef0925f9,0xef09c55c,0xef0b2eb5,0xef0ca646,0xef0d3d8b,0xef0d6d0f,0xef0d9136,0xef125fd0,0xef1471d2,
  0xef19a19b,0xef1cc254,0xef1e77ac,0xef1ed900,0xef1f4896,0xef1f5d63,0xef1fae3a,0xef207e49,0xef20f76a,0xef20fe2a,0xef2150d7,0xef24d85a,
  0xef24edf1,0xef2520bf,0xef253afc,0xef271221,0xef2b46f0,0xef2c0998,0xef2f276d,0xef309314,0xef319447,0xef32006e,0xef321812,0xef333bb8,
  0xef388d6a,0xef3981d9,0xef3aab10,0xef3ea96a,0xef427b10,0xef43ac79,0xef446b5e,0xef44bb13,0xef46b8f0,0xef473ab6,0xef4779b4,0xef4a8a40,
  0xef4e5356,0xef50240d,0xef536705,0xef57252f,0xef58bdb3,0xef5e32fb,0xef613573,0xef616a7a,0xef6310c0,0xef643d80,0xef6781e9,0xef68cd8f,
  0xef6a70db,0xef6ad7bd,0xef6b5385,0xef6b724b,0xef6dfab6,0xef6f41f1,0xef73a989,0xef760bae,0xef792c32,0xef7976f8,0xef7b0d3f,0xef7bb193,
  0xef7cce35,0xef7e4adf,0xef7f640d,0xef802491,0xef80ae39,0xef81afef,0xef8319a2,0xef84101b,0xef86b939,0xef881cb5,0xef89f0d6,0xef8ad2bb,
  0xef8c2c4c,0xef9143fc,0xef91cadd,0xef93fcf1,0xef94bc96,0xef962924,0xef99c54e,0xef9a8fbe,0xef9b5c58,0xef9b6e63,0xef9ce09e,0xef9d1189,
  0xef9d31fd,0xef9dbee0,0xef9fe4eb,0xefa5ffd5,0xefa806aa,0xefa813c4,0xefa86a03,0xefa98e0f,0xefa9a7f6,0xefab25eb,0xefabcb2f,0xefae8396,
  0xefb0e8e4,0xefb7d6e5,0xefb9af8e,0xefba2b36,0xefbba45b,0xefbc68bd,0xefbd674b,0xefbddbea,0xefbf6fa8,0xefbf7ffe,0xefc01e01,0xefc22d37,
  0xefc48908,0xefc782f9,0xefc84303,0xefc946e1,0xefc9f4be,0xefcc4fba,0xefcc5428,0xefd1d0c0,0xefd262d5,0xefd3584e,0xefd7f942,0xefd8a876,
  0xefdbf6d2,0xefdd908b,0xefdde20e,0xefdfb395,0xefe06988,0xefe102dd,0xefe2e072,0xefe3c657,0xefe9d700,0xefe9ed42,0xefeb0183,0xefebe341,
  0xefed0a20,0xefed3bef,0xefeec38b,0xeff0d574,0xeff12b8f,0xeff268b6,0xeff4978b,0xeffa8c27,0xeffde426,0xf000f2ed,0xf001ed11,0xf002fdb4,
  0xf009dcb4,0xf00a1733,0xf00a6ec0,0xf00b1815,0xf00c3bef,0xf00c599c,0xf00e4a08,0xf00ea6e7,0xf0105528,0xf0122304,0xf017fc68,0xf019e911,
  0xf01cad02,0xf01ef162,0xf01ff64a,0xf022017e,0xf024249c,0xf029040d,0xf02904eb,0xf029de9d,0xf02a4dda,0xf02e09ee,0xf02eaece,0xf02f612f,
  0xf02f9cda,0xf030bfe2,0xf03125fd,0xf032aefe,0xf033a936,0xf0343007,0xf038a8ef,0xf03a279f,0xf03edb78,0xf03ee8a1,0xf03facd4,0xf0402627,
  0xf0404827,0xf041e430,0xf04694d5,0xf047b500,0xf0485774,0xf0497d2e,0xf0499e7d,0xf04a1098,0xf04c9337,0xf04cc911,0xf04dfed3,0xf04ead4b,
  0xf04ee5da,0xf050b482,0xf050d3be,0xf0510ace,0xf055f3ae,0xf0581540,0xf059fe30,0xf05b99ef,0xf05c8935,0xf05c9daf,0xf05d5939,0xf062b927,
  0xf066cc41,0xf066f650,0xf06a5bb3,0xf06fd06c,0xf0703b31,0xf0722b71,0xf072310e,0xf072595b,0xf07282ca,0xf0753a21,0xf0756c1f,0xf0775d04,
  0xf077cd88,0xf0783643,0xf0793f23,0xf07ebdda,0xf07ef961,0xf07f7f09,0xf081763e,0xf081fdc7,0xf085d9d8,0xf08615d6,0xf0866fc4,0xf0873ce5,
  0xf08746bc,0xf08776e8,0xf0890167,0xf08adf51,0xf08c497c,0xf08e65cc,0xf08f07eb,0xf08f1f3c,0xf091d92f,0xf091e312,0xf0958434,0xf0960df5,
  0xf0965b5d,0xf096a671,0xf0980ab7,0xf099b148,0xf09b2921,0xf09bceba,0xf09ce856,0xf09d7189,0xf09ebd61,0xf09ed41c,0xf0a7d4aa,0xf0a94fef,
  0xf0a9aa6d,0xf0abedb0,0xf0acbfdb,0xf0add175,0xf0b0c7f9,0xf0b2e36e,0xf0b3146a,0xf0b67454,0xf0b7d1ad,0xf0ba32c5,0xf0beaa56,0xf0c2a16a,
  0xf0c4f02d,0xf0c515d0,0xf0c5dc2a,0xf0c8863e,0xf0c8c66a,0xf0c9d63c,0xf0ca0fd8,0xf0ca89dc,0xf0caab16,0xf0cd7088,0xf0ce1a35,0xf0d0b468,
  0xf0d17159,0xf0d3aa58,0xf0d3ffbf,0xf0d50268,0xf0d67aed,0xf0d84900,0xf0da3cf1,0xf0dc59c6,0xf0dd8e3d,0xf0e83068,0xf0eb1604,0xf0eb7c34,
  0xf0ebaa72,0xf0ec8ac9,0xf0ecc04d,0xf0edc8fd,0xf0ef9318,0xf0f1d5e8,0xf0f381e6,0xf0f448b6,0xf0f4dbb1,0xf0f98d63,0xf0fd6cf6,0xf0fe7e76,
  0xf0ffd203,0xf1024b14,0xf1024df8,0xf10660df,0xf109c020,0xf10a6d55,0xf10c8873,0xf10cb915,0xf10ce37d,0xf10da1ad,0xf10e840e,0xf11119a6,
  0xf11383a2,0xf113e584,0xf1149ea0,0xf11822b4,0xf11928c2,0xf119be85,0xf11a55d0,0xf11a7f89,0xf11ad358,0xf11cf26b,0xf11e00eb,0xf11e207a,
  0xf11ed495,0xf1209494,0xf12141c2,0xf1228bc4,0xf128f88d,0xf129a5c9,0xf12ab64d,0xf1301ebb,0xf1304df1,0xf130d239,0xf13459cd,0xf138bba5,
  0xf138efea,0xf139d640,0xf13a34f6,0xf13b2050,0xf13bb82a,0xf13e9a88,0xf13fcaee,0xf1400642,0xf142871b,0xf143054e,0xf1430f67,0xf144eb3a,
  0xf145ced3,0xf14627e7,0xf1468b0e,0xf1492148,0xf14af896,0xf14e8b05,0xf14f36fc,0xf150afb2,0xf150c4a7,0xf155a8e8,0xf1592c33,0xf15ab69b,
  0xf15c1690,0xf15cdf00,0xf15daa7f,0xf15dd9dc,0xf1616d47,0xf1651f87,0xf1655e5b,0xf1686e9b,0xf16953ac,0xf169c8f2,0xf16a875d,0xf16da602,
  0xf17127c2,0xf171cb90,0xf1731248,0xf1737ecf,0xf1746053,0xf1759e1e,0xf1775b2c,0xf17799a9,0xf177bbf8,0xf177de8a,0xf177ec19,0xf17a61ea,
  0xf17b3638,0xf17d72b2,0xf17e8eb4,0xf1800bcf,0xf1806ef2,0xf180748e,0xf181bf58,0xf182258d,0xf185d91f,0xf1869b6f,0xf187c2db,0xf18a2725,
  0xf1904797,0xf19138c6,0xf193bd7e,0xf194ea5f,0xf1954467,0xf1972d82,0xf1979102,0xf19b7b30,0xf19cc403,0xf19d9c13,0xf19f755f,0xf1a0397d,
  0xf1a21f00,0xf1a2d14c,0xf1a55112,0xf1a5a579,0xf1a9e670,0xf1ac3131,0xf1aeb2fa,0xf1b09f70,0xf1b2193d,0xf1b2f0c8,0xf1b2f1b1,0xf1b43f2c,
  0xf1b6927d,0xf1b7b680,0xf1b85b32,0xf1b88d1d,0xf1ba884a,0xf1bbbb05,0xf1bcbae2,0xf1bcc70e,0xf1be0ed5,0xf1c278d8,0xf1c2f94c,0xf1c2fce5,
  0xf1c5022a,0xf1c55c74,0xf1c6139a,0xf1c6bfe8,0xf1c725d0,0xf1c7567d,0xf1c9c4b4,0xf1cde8dc,0xf1ce7d7f,0xf1d21e1f,0xf1d33677,0xf1d6da88,
  0xf1d75cd9,0xf1d7a7aa,0xf1d8334b,0xf1d839e3,0xf1d8edcf,0xf1d94833,0xf1d95370,0xf1d98f89,0xf1d9bc13,0xf1d9f69c,0xf1dae730,0xf1dd8411,
  0xf1dee3de,0xf1e63db1,0xf1e7a52b,0xf1e7ac45,0xf1e8e210,0xf1e918fb,0xf1ea22d4,0xf1ea9452,0xf1ec4be5,0xf1edf73b,0xf1efd049,0xf1f04642,
  0xf1f35c73,0xf1f4bc4c,0xf1f68181,0xf1f886db,0xf1fa27cd,0xf1fc168a,0xf1fc9af3,0xf1fccd9a,0xf20110d1,0xf2018da4,0xf201bd7d,0xf203cdbe,
  0xf2059ebd,0xf206399c,0xf206da65,0xf2089862,0xf20e236c,0xf20e8abf,0xf20f2c4a,0xf2119834,0xf21394a4,0xf213c246,0xf213f1fc,0xf214193f,
  0xf214ceb0,0xf2154674,0xf21bbbf5,0xf2209c5b,0xf221b48e,0xf2261f5d,0xf2268e63,0xf227cb3b,0xf22959a2,0xf22b112f,0xf22e86ec,0xf230083e,
  0xf2344bb3,0xf236cfc7,0xf237c501,0xf237de23,0xf23b09d6,0xf23b9872,0xf23cc41c,0xf23e26da,0xf23ec909,0xf24143b8,0xf241d813,0xf241e9c6,
  0xf24278cc,0xf2432f19,0xf2461c0e,0xf24b2494,0xf24c50bf,0xf24e4c6c,0xf25696a3,0xf258d78c,0xf25ac030,0xf25ba904,0xf25cac4a,0xf25cd7bd,
  0xf25edd0b,0xf25f64e3,0xf264031c,0xf2648aed,0xf2673e5d,0xf26d1416,0xf26e9504,0xf26f6c50,0xf27137a9,0xf2722d6a,0xf274d9d9,0xf27756bf,
  0xf278bfa7,0xf279f3a4,0xf27cf7fc,0xf27e6999,0xf27f180d,0xf2815b5e,0xf28ca06a,0xf28eac97,0xf28f1fe1,0xf28f5ffa,0xf2900ebe,0xf293b1f9,
  0xf294bd1d,0xf2950ec0,0xf2951a93,0xf2955cab,0xf295760a,0xf298d760,0xf29956f3,0xf29ae248,0xf29b7582,0xf29c1df5,0xf29cda29,0xf2a08c98,
  0xf2a14a00,0xf2a381dd,0xf2a4323d,0xf2a64db6,0xf2a727b6,0xf2a8f491,0xf2aa340f,0xf2adfb47,0xf2b0a34a,0xf2b39e65,0xf2b63a34,0xf2b8837e,
  0xf2b8a0fe,0xf2b932b2,0xf2bc9856,0xf2bfcbd9,0xf2c0f003,0xf2c197c0,0xf2c1f2dc,0xf2c4496f,0xf2c47c4e,0xf2c68993,0xf2c78149,0xf2c84ff1,
  0xf2c8ab63,0xf2d5dd6d,0xf2d60e01,0xf2da6e5c,0xf2dc4a89,0xf2dd7f18,0xf2e247a0,0xf2e5840c,0xf2e98070,0xf2ee109c,0xf2eede11,0xf2eef5a8,
  0xf2ef89ef,0xf2f21ec3,0xf2f4ff82,0xf2f55a06,0xf2f704e8,0xf2f86d4a,0xf2f8a00a,0xf2f8fef6,0xf2fa3ec2,0xf2faa4e2,0xf2fe3ca5,0xf2ff0001,
  0xf3007ed3,0xf3029a30,0xf302bf2f,0xf3052a36,0xf3058db7,0xf3063fc3,0xf30725a3,0xf3098ff5,0xf30a8b86,0xf30ad184,0xf30b04a4,0xf30c347b,
  0xf3104565,0xf31140a0,0xf3138aec,0xf3139372,0xf316d02e,0xf3172a71,0xf317cbca,0xf31bf53a,0xf31c4405,0xf31d4469,0xf31e1454,0xf31e3a10,
  0xf31fe459,0xf3208d83,0xf3208f41,0xf32332fa,0xf325f0d8,0xf327a80d,0xf32c05f8,0xf32d7ddd,0xf3304738,0xf3306ed5,0xf3330d3f,0xf33b2736,
  0xf33d67be,0xf33f4af8,0xf33fead2,0xf34219b7,0xf34299c0,0xf3459c7b,0xf3467b30,0xf34681ba,0xf34bbbcd,0xf34c2bb5,0xf34d4050,0xf34d868a,
  0xf35174ce,0xf351856e,0xf354628a,0xf357749a,0xf357996e,0xf358b98a,0xf35b2b16,0xf35c2761,0xf35cc6b9,0xf361e2fb,0xf3623971,0xf3636fda,
  0xf3647d22,0xf366100d,0xf366690e,0xf366f14a,0xf3688b7e,0xf3689f4f,0xf368d6b1,0xf36eec0e,0xf370583d,0xf370af5a,0xf3722da8,0xf373c0a2,
  0xf374871b,0xf3753e48,0xf37659ef,0xf377708c,0xf3797c60,0xf379f7ed,0xf37ac7dd,0xf37bf3d7,0xf37c999c,0xf37cafea,0xf37eed98,0xf382a894,
  0xf382c77b,0xf3838469,0xf386e776,0xf38700fc,0xf38711ed,0xf387f20d,0xf38b901e,0xf38b9636,0xf38bdc7f,0xf38d5409,0xf391a195,0xf39761da,
  0xf3977b66,0xf398f237,0xf39a220e,0xf39ce7a1,0xf3a00155,0xf3a0b2c5,0xf3a0b30b,0xf3a1df7d,0xf3a1edfa,0xf3a22cfd,0xf3aab687,0xf3ace912,
  0xf3aeacdb,0xf3af0338,0xf3b04570,0xf3b065f7,0xf3b34f3e,0xf3b4eb1a,0xf3b6bd82,0xf3b8698e,0xf3bbef80,0xf3bf0194,0xf3c1b8e5,0xf3c1daff,
  0xf3c29cb6,0xf3c4054c,0xf3c5f9d4,0xf3c66bd8,0xf3c72c9d,0xf3c7542e,0xf3c888ad,0xf3ca9152,0xf3cc2d5a,0xf3cc7b85,0xf3cd3bbd,0xf3cef5b6,
  0xf3d122fb,0xf3d52480,0xf3d743a4,0xf3d7ade3,0xf3d95044,0xf3d98e37,0xf3da4086,0xf3dcbbb6,0xf3e03fc8,0xf3e060ea,0xf3e09773,0xf3e10c84,
  0xf3e1a339,0xf3e1b5ba,0xf3e28f19,0xf3e30731,0xf3e3bf26,0xf3e601bb,0xf3ebb8f2,0xf3ebf574,0xf3ef9b02,0xf3f1c046,0xf3f644ef,0xf3fc0173,
  0xf402729f,0xf4029add,0xf404e0ce,0xf4076c12,0xf407eda4,0xf4090358,0xf40b52d2,0xf40dccd3,0xf40df2f2,0xf40e18bd,0xf4105755,0xf411490e,
  0xf412b767,0xf4162c1a,0xf41a396f,0xf41ce1d3,0xf41eca03,0xf41edfcd,0xf41f2f43,0xf4217728,0xf422680b,0xf42663c3,0xf42a0695,0xf42c3804,
  0xf42d0dc3,0xf42ee88c,0xf42f1cd3,0xf42ffd74,0xf4320259,0xf432144d,0xf4379ea0,0xf437b4c2,0xf43bb003,0xf43d0d5d,0xf440626a,0xf440f475,
  0xf441d028,0xf4420608,0xf442253a,0xf444f397,0xf446d7bd,0xf448f357,0xf4496e10,0xf449c2fd,0xf44e09fa,0xf44e9752,0xf44f4fbd,0xf450ea5a,
  0xf454595a,0xf4557d0b,0xf4559232,0xf456328b,0xf45750e5,0xf45c1057,0xf45c3b0f,0xf45c4692,0xf45d6d1a,0xf45df010,0xf45fa7fb,0xf461bd49,
  0xf4627b4f,0xf46314c8,0xf4654bcf,0xf465fe8c,0xf4660c5e,0xf46840e2,0xf4684563,0xf468c67c,0xf46e05b7,0xf46ed527,0xf46f028d,0xf471aeb4,
  0xf473c04f,0xf475b4e1,0xf478fe91,0xf47af578,0xf47b2959,0xf47b6f87,0xf47baf48,0xf47c4eea,0xf47ecc48,0xf480b28b,0xf4819b09,0xf482ac9a,
  0xf48d1977,0xf48d9d58,0xf491c0d1,0xf4956324,0xf495c5c3,0xf496ad90,0xf49e2be6,0xf49ea400,0xf4a0f591,0xf4a34239,0xf4a4f405,0xf4ad4b74,
  0xf4b06db1,0xf4b26fdc,0xf4b43755,0xf4b46796,0xf4b4c905,0xf4b622d0,0xf4b65789,0xf4b6bda7,0xf4b6d079,0xf4b8d6ca,0xf4bcae13,0xf4bd61b9,
  0xf4bf9b3a,0xf4c08752,0xf4c10a13,0xf4c11069,0xf4c2f712,0xf4c416f0,0xf4c4520b,0xf4c7ba7a,0xf4c7c38c,0xf4c9c0da,0xf4cb9606,0xf4cc4287,
  0xf4ccc686,0xf4ce5c93,0xf4cfb287,0xf4cffca3,0xf4d367a9,0xf4d55fc0,0xf4d59ab2,0xf4d76ec0,0xf4d8db44,0xf4daaa97,0xf4dce74e,0xf4e36032,
  0xf4e75deb,0xf4eb95db,0xf4ebefbe,0xf4edb824,0xf4ef68e9,0xf4f00fad,0xf4f0322c,0xf4f251e8,0xf4f6ec2d,0xf4f8f280,0xf4fa0a5c,0xf4fbc7e0,
  0xf4fd5b34,0xf4fe2568,0xf5009115,0xf501e5ce,0xf5048c74,0xf507b6f9,0xf507fe67,0xf509c383,0xf509f2bd,0xf50a92c3,0xf50b2bdb,0xf50b9c63,
  0xf50dfaed,0xf50f1b43,0xf5113736,0xf5120a72,0xf512aad8,0xf51315bf,0xf515dbc4,0xf5170bd5,0xf51ccd1e,0xf51d4b01,0xf51e7b12,0xf5216590,
  0xf5221946,0xf522653f,0xf523765b,0xf5283e49,0xf5291cc0,0xf52a05c7,0xf52b8ee6,0xf5305270,0xf530dafe,0xf5319f6a,0xf5321c13,0xf532caad,
  0xf5344952,0xf5379bff,0xf53ab741,0xf53df62a,0xf542b7d0,0xf5440375,0xf5461031,0xf546a885,0xf5504ed9,0xf5505e54,0xf554f999,0xf5561c74,
  0xf5593e6d,0xf559cd83,0xf55ac2e6,0xf55d1442,0xf55ee8e6,0xf5619bea,0xf56765ab,0xf567ae1d,0xf567cc9e,0xf56ab130,0xf56bf323,0xf56cd8ba,
  0xf5717464,0xf57266e2,0xf573932c,0xf5751d5a,0xf5787ef8,0xf578cb84,0xf579fdb4,0xf57a0129,0xf57b6079,0xf57d056d,0xf57d979a,0xf57dcf97,
  0xf58936fb,0xf58a9b53,0xf58d23a3,0xf58f798b,0xf592b845,0xf596cd9f,0xf598790b,0xf59991cf,0xf59a4aab,0xf59aaaa3,0xf59ab7b0,0xf59ac53b,
  0xf59b231f,0xf59ec872,0xf5a1696e,0xf5a3cdfa,0xf5a4f93d,0xf5a53687,0xf5a54847,0xf5a73304,0xf5a9715c,0xf5a9f822,0xf5aa1213,0xf5aa1f20,
  0xf5aaf42e,0xf5adca1b,0xf5af42ef,0xf5af6b7d,0xf5b1689e,0xf5b2603d,0xf5b6a446,0xf5b719ad,0xf5b75ce0,0xf5ba0a99,0xf5c3fea7,0xf5c44474,
  0xf5c5db61,0xf5c6450f,0xf5c74625,0xf5c982df,0xf5ca516f,0xf5ca970f,0xf5cbdc1b,0xf5cca957,0xf5cd2392,0xf5cdb19c,0xf5d1dd5a,0xf5d29016,
  0xf5d37d72,0xf5d67341,0xf5d786bf,0xf5d80f4c,0xf5d82b6e,0xf5d90a5b,0xf5dab0f1,0xf5db18e0,0xf5dc9001,0xf5dd5d07,0xf5dee1aa,0xf5e369fb,
  0xf5e62462,0xf5e6e094,0xf5e6ea32,0xf5e7981d,0xf5e8cb16,0xf5ee1ef2,0xf5ee3330,0xf5eed636,0xf5f500cb,0xf5f7baa5,0xf5f9c093,0xf5fa8f30,
  0xf5fac9e1,0xf5fb310a,0xf5fc5566,0xf5ff19aa,0xf5ff4012,0xf5ff5de2,0xf5ffaf6d,0xf605cf0d,0xf60956df,0xf60cbafd,0xf60d86b1,0xf60fa3ee,
  0xf6105db8,0xf6119466,0xf6157c2f,0xf6188144,0xf619761f,0xf61b9de1,0xf61cdaee,0xf61cf4b8,0xf61f33c0,0xf622b6d6,0xf62535e1,0xf6253dd4,
  0xf6283ede,0xf629dc77,0xf62b6b22,0xf62dccfa,0xf62f0a4f,0xf63009cd,0xf6300f24,0xf630fedc,0xf631e2bb,0xf6330099,0xf633278f,0xf6334bd3,
  0xf6342b18,0xf634aee8,0xf636573f,0xf63895f2,0xf63e6aac,0xf63e7f72,0xf63eeeb2,0xf63f4a1f,0xf6403af2,0xf641cff4,0xf6428da3,0xf642ea6d,
  0xf644ce57,0xf6452fef,0xf64826ec,0xf64b8a77,0xf64ba343,0xf64d923c,0xf64dd6ec,0xf6515ec9,0xf652eeba,0xf653db29,0xf6541970,0xf6565dc4,
  0xf658119c,0xf6581311,0xf65c88f1,0xf65ef3a3,0xf65ff270,0xf66040f9,0xf6628d0f,0xf66313ff,0xf6632abb,0xf663a2da,0xf6673ea2,0xf66cd629,
  0xf66e6b0d,0xf66ed9e6,0xf66f5ebf,0xf6714d1c,0xf672c1c9,0xf672cc7e,0xf6742580,0xf674d7da,0xf6750768,0xf679e1a5,0xf67a6f59,0xf67a8c1a,
  0xf67a94ad,0xf67c299b,0xf67cae74,0xf67dff1f,0xf67ef7f3,0xf683d045,0xf685a4b1,0xf68906fa,0xf689600c,0xf68c0389,0xf68c0ce5,0xf68ce80f,
  0xf68d2963,0xf68d2ead,0xf68dcfe1,0xf68ea97c,0xf68f73f0,0xf68fd740,0xf691c344,0xf6930839,0xf6942a6b,0xf6996d93,0xf69e69c7,0xf69ee183,
  0xf6a17b6d,0xf6a20763,0xf6a47acc,0xf6a4a65f,0xf6a81d52,0xf6a946b7,0xf6aa2f45,0xf6aa86be,0xf6aa8915,0xf6b1ef13,0xf6b53592,0xf6b873ef,
  0xf6b9eb1f,0xf6bc2f55,0xf6bcc5bb,0xf6bd9cf7,0xf6bfa865,0xf6c034f0,0xf6c135d9,0xf6c261dc,0xf6c39c2d,0xf6c48218,0xf6c5112e,0xf6c572a8,
  0xf6c78e21,0xf6c84f24,0xf6cbc4eb,0xf6cd9423,0xf6cddd83,0xf6cee770,0xf6cf3674,0xf6cf3c69,0xf6cfbbc6,0xf6cfdc19,0xf6d073fe,0xf6d1cbb6,
  0xf6d49ed7,0xf6d92e06,0xf6d9cc81,0xf6dd5ff2,0xf6dd8a84,0xf6de9c5f,0xf6deb98c,0xf6e0d743,0xf6e237d4,0xf6e4f6e9,0xf6e6933a,0xf6e72bd9,
  0xf6e8df6c,0xf6e8e03a,0xf6e91c8d,0xf6eeee87,0xf6f19b46,0xf6f6d96e,0xf6f75aa8,0xf6f7b809,0xf6fc104e,0xf6fd331e,0xf6fe1097,0xf6fe262a,
  0xf6fec993,0xf703707b,0xf7069928,0xf708af4c,0xf70ae474,0xf70da090,0xf70e01aa,0xf70f6a15,0xf70fad56,0xf71088ee,0xf714b3bb,0xf715c054,
  0xf715f1c9,0xf7167f7d,0xf719cf1c,0xf71ba94f,0xf71c6b27,0xf71f5527,0xf71fee8b,0xf721ef41,0xf7226f82,0xf722e68c,0xf724bb94,0xf7250f9e,
  0xf7253a1b,0xf725be6c,0xf72cb925,0xf731e87d,0xf735ac71,0xf73ae258,0xf73d6064,0xf741e78c,0xf746924a,0xf746b6a9,0xf747b927,0xf7499587,
  0xf749bcbf,0xf74aaad1,0xf74b4e8a,0xf74c6952,0xf74efa2d,0xf750abf6,0xf75734fd,0xf7574cc3,0xf75a98dc,0xf75c0513,0xf75d67fd,0xf75e8e27,
  0xf75ee735,0xf7620eae,0xf766635d,0xf766ad49,0xf76717e4,0xf7674d0b,0xf767a7c6,0xf767a9a2,0xf76912a5,0xf7696c45,0xf7698ce4,0xf76aa9cb,
  0xf76c0f43,0xf76c9c23,0xf76cb0be,0xf76edc88,0xf77260e8,0xf775a729,0xf775dee1,0xf7770b48,0xf7789a85,0xf77a3b8d,0xf77a83d6,0xf77bcee6,
  0xf77d9520,0xf77e9589,0xf77fc727,0xf781d0ab,0xf784b3a4,0xf78525eb,0xf7861d7c,0xf78760f0,0xf78d27be,0xf78d6afc,0xf78db48d,0xf78e0033,
  0xf78e9dec,0xf790f7a1,0xf79280ae,0xf79350ed,0xf7949a64,0xf794c75d,0xf794e17e,0xf7953b25,0xf7974232,0xf7991f8d,0xf79bef90,0xf79c371c,
  0xf79fc740,0xf7a216d0,0xf7a27b84,0xf7a6172b,0xf7a63c0d,0xf7a98b55,0xf7aad170,0xf7ab2a36,0xf7aba69c,0xf7ac7426,0xf7acde02,0xf7ad0786,
  0xf7ad3f26,0xf7adba58,0xf7ae58fe,0xf7ae9380,0xf7b107db,0xf7b157b4,0xf7b19211,0xf7b3ba9c,0xf7b6e17f,0xf7b6e5a6,0xf7b895aa,0xf7b9fe4d,
  0xf7ba5363,0xf7baaf31,0xf7be68e9,0xf7be90b7,0xf7bf28a5,0xf7c18317,0xf7c37e95,0xf7c40e98,0xf7c4d8fd,0xf7c5417b,0xf7c572ba,0xf7c64bbb,
  0xf7c77229,0xf7c8680b,0xf7cb9a69,0xf7cff0ef,0xf7d01b85,0xf7d0738f,0xf7d0a7e8,0xf7d0be71,0xf7d30ef3,0xf7d408f8,0xf7d4fa11,0xf7d6f43c,
  0xf7e025b9,0xf7e09926,0xf7e0f374,0xf7e4e57f,0xf7e545f4,0xf7ea5d49,0xf7eb8694,0xf7ec6fc5,0xf7ed2681,0xf7efadb7,0xf7efdec3,0xf7f28a48,
  0xf7f2a555,0xf7f528c4,0xf7f53129,0xf7f5f228,0xf7f604c7,0xf7f9d4d3,0xf7fadab0,0xf7fbdf94,0xf7fd2afb,0xf7ff89f0,0xf803648a,0xf804e536,
  0xf8076b27,0xf808f3dc,0xf8090896,0xf80e796f,0xf812cddb,0xf8168115,0xf817ad7e,0xf818065e,0xf8185299,0xf81adc1d,0xf81bf243,0xf81f6c9f,
  0xf8208d70,0xf82223e2,0xf822e40c,0xf82334cf,0xf8276ccf,0xf827ee75,0xf82963d2,0xf82a0649,0xf82a3dad,0xf82a936e,0xf82cf9f5,0xf82e5da5,
  0xf82e9b10,0xf8327927,0xf8338454,0xf835bcbd,0xf835cb8d,0xf837b5c6,0xf83c1bec,0xf83cbf5b,0xf83e08dd,0xf840e09d,0xf8425c26,0xf8444db3,
  0xf845999f,0xf845b1ed,0xf8478c1e,0xf847fb41,0xf848b131,0xf8495950,0xf8498d3c,0xf849d102,0xf84c5c1d,0xf84c98a8,0xf84d1b23,0xf84e75b3,
  0xf8500ff6,0xf8523473,0xf8536dd0,0xf853ee5e,0xf8551688,0xf856a353,0xf856fb7c,0xf859e043,0xf85a0720,0xf85aefcd,0xf85b7c2a,0xf85fc862,
  0xf8613185,0xf8645dc1,0xf8665ed8,0xf8675393,0xf867c36e,0xf869a753,0xf86adc69,0xf86c03f7,0xf86c629c,0xf86d9386,0xf86db52e,0xf86e20f9,
  0xf86e5eb3,0xf870bd83,0xf8710b8f,0xf8728c72,0xf876cb62,0xf878aae9,0xf878d27c,0xf87afb15,0xf87b3af3,0xf87bab85,0xf87c0afb,0xf87f2d5e,
  0xf885a8b6,0xf885f376,0xf88710f2,0xf887a42d,0xf8899193,0xf889a019,0xf88caafb,0xf88d119a,0xf88d1adb,0xf88f5044,0xf8912f42,0xf8922cea,
  0xf89383db,0xf8947902,0xf895a5b2,0xf8976787,0xf89b797c,0xf89c4c0c,0xf89f1fb0,0xf89f7f77,0xf8a1c601,0xf8a4a29b,0xf8a540fd,0xf8a67dcf,
  0xf8ab68ee,0xf8ac0561,0xf8ad3794,0xf8ad73f9,0xf8b01904,0xf8b1992d,0xf8b48e39,0xf8b8589c,0xf8c0670d,0xf8c282ac,0xf8c29ced,0xf8c59a77,
  0xf8c8941c,0xf8cd19c1,0xf8cfd51b,0xf8d0b97e,0xf8d11288,0xf8d40b9b,0xf8d7e103,0xf8db63c3,0xf8df0911,0xf8e284c2,0xf8e2dac1,0xf8e46632,
  0xf8e73eff,0xf8e8244b,0xf8ecef3e,0xf8ee20d4,0xf8ef185a,0xf8f0633a,0xf8f2d759,0xf8f30e78,0xf8f3fb1c,0xf8f43136,0xf8f6b7e4,0xf8f78d89,
  0xf8f90082,0xf8fb3536,0xf8fe3b23,0xf902157f,0xf902a51d,0xf903a0ef,0xf9044329,0xf904b86c,0xf908f3ef,0xf909df93,0xf90a73bc,0xf90b3896,
  0xf90c1ee1,0xf90cf0b1,0xf90d0e59,0xf90e4490,0xf9125e81,0xf91320a3,0xf9135cac,0xf9144fba,0xf914dc57,0xf9158518,0xf915f01b,0xf916b2a3,
  0xf9176ea2,0xf9188351,0xf91e08e5,0xf91e285e,0xf91f4037,0xf91fd196,0xf92026b6,0xf9220eeb,0xf92329a6,0xf923f1db,0xf9245840,0xf92ad17f,
  0xf92d5341,0xf9312cbd,0xf93221e1,0xf938c379,0xf93b0913,0xf93bcc6d,0xf94125e6,0xf944600c,0xf9494d75,0xf94b2d4a,0xf94b6938,0xf94ca1bb,
  0xf94d4c35,0xf94e9334,0xf94eb199,0xf94f1a17,0xf950e2df,0xf9510ed8,0xf9522720,0xf955c194,0xf956cc78,0xf956f3ce,0xf9593eb1,0xf959c0fb,
  0xf95c8a9c,0xf95e8af8,0xf963d0f5,0xf964a35d,0xf964f57a,0xf965092f,0xf9656c30,0xf965b191,0xf965bf5e,0xf9681dc4,0xf9688b57,0xf96a15cf,
  0xf96be1a3,0xf96f3e3a,0xf9716a65,0xf972886a,0xf9735d71,0xf973e99f,0xf97591b1,0xf9759338,0xf975d0fc,0xf97612f1,0xf9769a1c,0xf9786fc3,
  0xf978f95a,0xf97bac82,0xf97df021,0xf97e6c93,0xf97f6d77,0xf97fb174,0xf980d2c4,0xf9812915,0xf984b54c,0xf98514e9,0xf987000b,0xf98729a1,
  0xf98a0090,0xf98a19b2,0xf98b42e5,0xf98bf839,0xf98cf5a5,0xf98d2663,0xf98fd86b,0xf990ed90,0xf99229b7,0xf9926f81,0xf9932c4c,0xf995486f,
  0xf9979957,0xf9988a2b,0xf9988c90,0xf99ac7e6,0xf99b49cf,0xf99c233d,0xf99e4fb5,0xf99e5f69,0xf99eb052,0xf99ee96b,0xf9a12d66,0xf9a27584,
  0xf9a845cc,0xf9a8bd55,0xf9a8df7a,0xf9aa1b12,0xf9ac6967,0xf9acaa52,0xf9addd79,0xf9ae22bc,0xf9b4ac83,0xf9b7150a,0xf9b7ea0a,0xf9b8cc3c,
  0xf9b967b9,0xf9baa31f,0xf9bb2dbf,0xf9bc6b07,0xf9bd2365,0xf9bdf5f5,0xf9c170c2,0xf9c2645c,0xf9c6226b,0xf9c63fec,0xf9c9b19f,0xf9c9e2d4,
  0xf9ca3a1f,0xf9ca3f38,0xf9cb300a,0xf9d06981,0xf9d1f0d4,0xf9d4d37b,0xf9d61530,0xf9d66201,0xf9d91e91,0xf9d987fd,0xf9d9cd34,0xf9d9e22e,
  0xf9da07f3,0xf9da493f,0xf9db0ee1,0xf9db21e4,0xf9e1cc91,0xf9e46739,0xf9e56b2f,0xf9e5d00e,0xf9ec0dbf,0xf9ecc18e,0xf9eeb258,0xf9f0805f,
  0xf9f0a8b7,0xf9f41eff,0xf9f4a5c4,0xf9f654f8,0xf9f9a3c0,0xf9f9c970,0xf9fccdc2,0xf9fe4eaa,0xf9ff1104,0xfa0050ed,0xfa01ba31,0xfa0486a6,
  0xfa04a35c,0xfa0a1e00,0xfa104b32,0xfa11368d,0xfa136aa3,0xfa141b34,0xfa148be2,0xfa15d5cc,0xfa166306,0xfa1bfb70,0xfa1e128d,0xfa1ef8a6,
  0xfa2118ec,0xfa219e91,0xfa21ebbd,0xfa225ce4,0xfa2433ab,0xfa2613f1,0xfa266839,0xfa29b369,0xfa2b175e,0xfa2c7d38,0xfa324ad3,0xfa327442,
  0xfa35a202,0xfa363fec,0xfa36b191,0xfa36c99d,0xfa373c69,0xfa394a3a,0xfa3aadb2,0xfa3cd53e,0xfa3d530c,0xfa3f1293,0xfa40437d,0xfa43a56b,
  0xfa43c494,0xfa44b136,0xfa4b0582,0xfa4e869c,0xfa530454,0xfa53bab8,0xfa5401f6,0xfa554684,0xfa5617cd,0xfa5972ea,0xfa5c7057,0xfa5d9c59,
  0xfa5eaf65,0xfa5f4530,0xfa5fed5a,0xfa604caa,0xfa605e42,0xfa61f544,0xfa66d028,0xfa6ad09d,0xfa6b5fd7,0xfa6b9e21,0xfa6c8026,0xfa6d03cf,
  0xfa6fcd4b,0xfa70e169,0xfa713881,0xfa72a3ce,0xfa72b895,0xfa73e415,0xfa749d22,0xfa74d5cf,0xfa765950,0xfa7836c7,0xfa79238e,0xfa7a8d4d,
  0xfa7a8fa8,0xfa7d1af4,0xfa7d4388,0xfa7e3c03,0xfa80875a,0xfa80deca,0xfa810f16,0xfa839c23,0xfa83d617,0xfa86047d,0xfa879eaf,0xfa899a9c,
  0xfa89c92c,0xfa89f234,0xfa8a18fb,0xfa8e1d8e,0xfa8e26b2,0xfa932b25,0xfa950f4c,0xfa9c2386,0xfa9d3107,0xfa9e680c,0xfaa34f5e,0xfaa45217,
  0xfaa73474,0xfaa7964e,0xfaa814ea,0xfaa849c6,0xfaa95dde,0xfaac9763,0xfaad5919,0xfab03280,0xfab05ec8,0xfab07186,0xfab13bb6,0xfab19cb0,
  0xfab34944,0xfab3f3b1,0xfab8439a,0xfab85499,0xfab8dfc0,0xfab997d2,0xfabaac99,0xfabb69fe,0xfabd3e0d,0xfabe01da,0xfabe5bc6,0xfabf29dd,
  0xfac237ea,0xfac2c388,0xfac37c93,0xfac424c0,0xfac580e1,0xfac7aed5,0xfac9256a,0xfacb1950,0xfacbc6cd,0xfacd7479,0xfacfb920,0xfad29978,
  0xfad41c14,0xfad599fd,0xfad614a7,0xfad716b8,0xfada946b,0xfadb73e3,0xfadec2a5,0xfadff531,0xfae02b74,0xfae17a7f,0xfae259c8,0xfae824bd,
  0xfae833d7,0xfaed55b5,0xfaf385c9,0xfaf60bcf,0xfaf7e9d2,0xfaf97bbd,0xfafa05cf,0xfafa16d8,0xfafb2c39,0xfafd0803,0xfafd85f1,0xfafdcd4c,
  0xfafe7ceb,0xfafe91a2,0xfb015a95,0xfb04f839,0xfb055c27,0xfb05d8c5,0xfb086ddf,0xfb092023,0xfb0aa050,0xfb0f07b4,0xfb101914,0xfb10e7b5,
  0xfb180854,0xfb199fa6,0xfb1efb17,0xfb23dd63,0xfb27ab42,0xfb2a0a55,0xfb2af461,0xfb2bae60,0xfb2c7d04,0xfb2e41a3,0xfb33e405,0xfb34a432,
  0xfb34b650,0xfb350e16,0xfb354d06,0xfb355d58,0xfb357953,0xfb36aad7,0xfb3ffefb,0xfb40114e,0xfb41b847,0xfb426b4b,0xfb429213,0xfb4492e0,
  0xfb452526,0xfb4bb438,0xfb4ddbc8,0xfb4e8b69,0xfb4eee45,0xfb4f9d86,0xfb5302b3,0xfb53659b,0xfb554bdc,0xfb559801,0xfb56ea46,0xfb57a0c9,
  0xfb5809e2,0xfb5994f1,0xfb59c30e,0xfb59e9fb,0xfb59ec4c,0xfb5abbfd,0xfb5c7491,0xfb5e584c,0xfb5f4e34,0xfb5fc3aa,0xfb5fc575,0xfb606641,
  0xfb614016,0xfb61eb56,0xfb623f69,0xfb628a5f,0xfb637d89,0xfb63bdd2,0xfb642b49,0xfb659081,0xfb66794e,0xfb670840,0xfb6917d7,0xfb696213,
  0xfb6ac19c,0xfb6bb341,0xfb6ce236,0xfb6cefd1,0xfb6f280d,0xfb70e24f,0xfb71639a,0xfb72d9c8,0xfb732996,0xfb78cf59,0xfb7c2267,0xfb7d454b,
  0xfb7dbad2,0xfb7ddc42,0xfb7dece2,0xfb80b0f5,0xfb813154,0xfb857785,0xfb858ab3,0xfb862724,0xfb8a0d5a,0xfb8b73ec,0xfb8bf1d3,0xfb90ce36,
  0xfb90ef17,0xfb930bd9,0xfb947895,0xfb9832ce,0xfb989dda,0xfb98c718,0xfb9b2495,0xfb9b6955,0xfb9c90ef,0xfb9d27a4,0xfb9d7912,0xfb9dcfc4,
  0xfba15a44,0xfba4abc1,0xfba7205c,0xfba77f98,0xfba8d5ea,0xfbab15b2,0xfbacc01d,0xfbad405b,0xfbafc31c,0xfbb1f252,0xfbb46734,0xfbb4e00f,
  0xfbbcee09,0xfbbd7a29,0xfbc03fdf,0xfbc0d840,0xfbc11cc8,0xfbc1868a,0xfbc276c0,0xfbc6bd1b,0xfbc74746,0xfbc881d1,0xfbc9fb7b,0xfbcaf03e,
  0xfbcfdfb9,0xfbd0ccef,0xfbd330c6,0xfbd3398d,0xfbd5d3a9,0xfbd64981,0xfbd6d3e7,0xfbd73338,0xfbdbb25e,0xfbde2987,0xfbe07ed7,0xfbe345ea,
  0xfbe358dd,0xfbe3c7f3,0xfbecc6c4,0xfbee452b,0xfbf2f7a5,0xfbf50487,0xfbf60ad9,0xfbf93715,0xfbfb7a48,0xfbfe64bb,0xfbfe798c,0xfbfeb13b,
  0xfbff67a5,0xfc037a62,0xfc061400,0xfc08215d,0xfc084027,0xfc0b1575,0xfc0cd0e9,0xfc0dcd77,0xfc0debc8,0xfc0e9fc5,0xfc0feaa4,0xfc15f04b,
  0xfc173ae6,0xfc181cd1,0xfc1c24ae,0xfc217e1e,0xfc22835e,0xfc22fdce,0xfc2377cb,0xfc256029,0xfc263fae,0xfc27426f,0xfc28f622,0xfc28fb24,
  0xfc29f784,0xfc2c44af,0xfc2cab1f,0xfc2dc8f6,0xfc3185c3,0xfc3190dc,0xfc32a652,0xfc36164c,0xfc36356a,0xfc389ca4,0xfc398faa,0xfc3e5f40,
  0xfc40371f,0xfc4357bc,0xfc45df1b,0xfc47c4b5,0xfc4871ec,0xfc4d24ba,0xfc5286cf,0xfc537a79,0xfc54607a,0xfc55b1c0,0xfc570f93,0xfc594d5f,
  0xfc5b2be0,0xfc5bd196,0xfc5bd70b,0xfc5e1d0c,0xfc5e8230,0xfc5e9421,0xfc62a43b,0xfc6302fd,0xfc64ad41,0xfc656a67,0xfc657878,0xfc6d0435,
  0xfc6faf15,0xfc781940,0xfc7a8d9f,0xfc7b7e91,0xfc7c1570,0xfc7c75f8,0xfc7daa53,0xfc805781,0xfc840a38,0xfc852711,0xfc882d6c,0xfc8b9cd0,
  0xfc8f22f4,0xfc91aa5c,0xfc934a5b,0xfc93adf2,0xfc93b30b,0xfc9cf519,0xfc9db608,0xfc9e697e,0xfca218cf,0xfca24201,0xfca43088,0xfca59771,
  0xfca84987,0xfcab6323,0xfcaf2a83,0xfcaf3769,0xfcb0b3cc,0xfcb2ab8c,0xfcb96840,0xfcba1709,0xfcbf14e2,0xfcc0d65b,0xfcc1440d,0xfcc19d47,
  0xfcc4adfe,0xfcc6aa49,0xfcc94297,0xfcca40ab,0xfccaf726,0xfccfe017,0xfcd123a1,0xfcd1a669,0xfcd376f6,0xfcd4f15d,0xfcd61531,0xfcd68239,
  0xfcd68403,0xfcd92127,0xfcd98a04,0xfcdb83a5,0xfcdbc8b6,0xfce33c4a,0xfce3f6cc,0xfce54cfa,0xfce86f5a,0xfceaa724,0xfcefe076,0xfcf00b31,
  0xfcf01c63,0xfcf090b5,0xfcf0c49f,0xfcf191f8,0xfcf20443,0xfcf2cf6b,0xfcf32284,0xfcf40b5c,0xfcf57dda,0xfcf7d8a6,0xfcf9fda0,0xfcfd1f24,
  0xfcfdd750,0xfcfea280,0xfd0037d5,0xfd03276b,0xfd039761,0xfd04ecbd,0xfd05704c,0xfd0884b0,0xfd0d10c5,0xfd0e1cdb,0xfd0f8897,0xfd0fe303,
  0xfd106be1,0xfd11a7a3,0xfd155b41,0xfd184bf9,0xfd1d76e9,0xfd204ff5,0xfd212815,0xfd214b58,0xfd22df67,0xfd241278,0xfd261a82,0xfd26be0a,
  0xfd27594e,0xfd287e10,0xfd2883e1,0xfd293577,0xfd2afd6e,0xfd2c0bc2,0xfd31ef8c,0xfd359ddb,0xfd365972,0xfd367b82,0xfd3957dd,0xfd399e26,
  0xfd3cd67a,0xfd3decf2,0xfd3f049b,0xfd3ff3f6,0xfd423983,0xfd444e3c,0xfd45b38d,0xfd4643f9,0xfd465ac5,0xfd467f7c,0xfd47d5c7,0xfd493676,
  0xfd4b6d61,0xfd4c233e,0xfd4c5243,0xfd4e7d3f,0xfd4e8657,0xfd501ba9,0xfd507528,0xfd50a853,0xfd53090e,0xfd576d2e,0xfd5b47ef,0xfd659b64,
  0xfd65ea16,0xfd670414,0xfd68348e,0xfd688d55,0xfd68d2b6,0xfd6aef89,0xfd6b8824,0xfd6cdb95,0xfd6fe133,0xfd71a677,0xfd729226,0xfd734d49,
  0xfd74bb69,0xfd75ab0f,0xfd769b98,0xfd779bbd,0xfd7bb363,0xfd7ce428,0xfd826c5e,0xfd8480ba,0xfd85a30e,0xfd85dae0,0xfd87ae0d,0xfd8ed771,
  0xfd92dd93,0xfd93aec9,0xfd93ef14,0xfd9677c1,0xfd998b0d,0xfd9ab22e,0xfd9c3e38,0xfda071d8,0xfda0d28e,0xfda270ab,0xfda49b64,0xfda7ab33,
  0xfdaab25d,0xfdab1ffd,0xfdab525e,0xfdac2932,0xfdae6335,0xfdb26a07,0xfdb340f2,0xfdb40abd,0xfdb4204a,0xfdb60e0e,0xfdb9be41,0xfdbaa76b,
  0xfdbb0439,0xfdbb1b42,0xfdbd630a,0xfdbe55b5,0xfdbee319,0xfdc28a40,0xfdc3b2ec,0xfdc4fa3b,0xfdc69dcf,0xfdc7893a,0xfdc7c35f,0xfdc88c7f,
  0xfdca02e7,0xfdcce165,0xfdd3fc58,0xfdd6fc48,0xfdd746da,0xfdd856d3,0xfdd985c2,0xfddfdb03,0xfde09814,0xfde0a49a,0xfde23a1c,0xfde3b20e,
  0xfde3ead5,0xfde3f0ca,0xfde5d119,0xfde5ebbf,0xfde82bc2,0xfde8a438,0xfde8aa58,0xfdeae7e9,0xfdec828c,0xfdeea256,0xfdf067e7,0xfdf11d34,
  0xfdf3ac8a,0xfdf4abb0,0xfdf4c451,0xfdf4d796,0xfdf7c052,0xfdf8c0b2,0xfdf9eee6,0xfdfb1794,0xfdfb9610,0xfdffe66f,0xfe025497,0xfe0319de,
  0xfe056478,0xfe05d405,0xfe06a007,0xfe073d1b,0xfe08ef1a,0xfe09bb50,0xfe0df379,0xfe10cf52,0xfe10f25f,0xfe117285,0xfe11d5d4,0xfe12b503,
  0xfe12f58c,0xfe17a380,0xfe1b9fa8,0xfe1c711c,0xfe1ce8c7,0xfe1e87b8,0xfe204825,0xfe26b585,0xfe29738b,0xfe29778b,0xfe2bdfde,0xfe2c328b,
  0xfe2d0e40,0xfe2da8ac,0xfe2eb464,0xfe33d5f8,0xfe3441fa,0xfe348138,0xfe357c20,0xfe3676b4,0xfe37114f,0xfe3717cb,0xfe3b0572,0xfe3dcdc9,
  0xfe3e9aa6,0xfe3ff8cf,0xfe412559,0xfe42b785,0xfe4719de,0xfe48e3eb,0xfe4b3f84,0xfe4cf9f9,0xfe4d3b1f,0xfe51c705,0xfe5897a7,0xfe5adfcc,
  0xfe5b6b2b,0xfe5c7e91,0xfe5eefb9,0xfe5f760c,0xfe5fa0e8,0xfe603432,0xfe62c50d,0xfe643bdf,0xfe673f90,0xfe6d70cf,0xfe7169e2,0xfe7253b0,
  0xfe7361d9,0xfe73baec,0xfe75798d,0xfe7a462c,0xfe7aa577,0xfe7b55c0,0xfe7ee9c9,0xfe7fa94b,0xfe80ce87,0xfe80f4cc,0xfe852191,0xfe86a431,
  0xfe8931b8,0xfe8b6928,0xfe8d5790,0xfe8d9cd2,0xfe8ff0f3,0xfe909c5a,0xfe90ce9e,0xfe91a971,0xfe9296a0,0xfe95c2cb,0xfe97093b,0xfe98a78d,
  0xfe999ea1,0xfe9b53f5,0xfe9bba15,0xfe9d47e1,0xfe9fe023,0xfea1543c,0xfea22322,0xfea5cc1e,0xfea63828,0xfea6e282,0xfea9d7f1,0xfeaa9917,
  0xfeac6333,0xfeb214c0,0xfeb48c18,0xfeb62ce4,0xfebb6fbe,0xfebc524d,0xfec09363,0xfec37640,0xfec37745,0xfec50f48,0xfec7d5ed,0xfeca1ba3,
  0xfecb8c12,0xfecd8b6d,0xfed06414,0xfed231d2,0xfed3fe12,0xfed726d6,0xfed77e76,0xfed7acbf,0xfedbd3d3,0xfedc1665,0xfedf9cac,0xfee579ed,
  0xfeeac7cf,0xfeeae385,0xfeef8bef,0xfeeff602,0xfef16e4c,0xfef1f914,0xfef2e6ea,0xfef62afe,0xfef73dd3,0xfef7caa6,0xfef898f3,0xfef8e240,
  0xfefbc305,0xfefbc91e,0xff023eb3,0xff02501d,0xff033c3c,0xff082f56,0xff0a48c4,0xff0a9fe3,0xff0cd637,0xff0cd7d2,0xff0d275f,0xff0d6686,
  0xff0fc84b,0xff106ff8,0xff113735,0xff1407ae,0xff15c1af,0xff16c43b,0xff1986cd,0xff19e48e,0xff19ea2e,0xff19f839,0xff1d13fc,0xff1ebefd,
  0xff1f3f6a,0xff225920,0xff237002,0xff23ba39,0xff27037d,0xff28df60,0xff291505,0xff2a57f5,0xff2e35e3,0xff2f05b7,0xff307b92,0xff3209e6,
  0xff332b4c,0xff36b3f8,0xff36c0cc,0xff391a04,0xff395e2a,0xff3b1dbe,0xff3b9cd6,0xff3cf59a,0xff3d1189,0xff3e00fa,0xff3f18d3,0xff3f59e7,
  0xff4198a0,0xff43586b,0xff441090,0xff4468bc,0xff4551d2,0xff455a76,0xff484017,0xff4891c6,0xff52786b,0xff5437c6,0xff5506fd,0xff552340,
  0xff58d2f9,0xff593380,0xff59f491,0xff5cfd85,0xff5e2a66,0xff6005d5,0xff60dd3b,0xff63e948,0xff6994ca,0xff6a92a7,0xff6b8c89,0xff6bfe25,
  0xff6d3e0a,0xff6d4b49,0xff6d9e2f,0xff6e2b2b,0xff6f3bfb,0xff71d50e,0xff733149,0xff73f6c3,0xff74189c,0xff743197,0xff7559f7,0xff756d95,
  0xff777cb0,0xff782203,0xff79a633,0xff79dc18,0xff7de7ae,0xff7e92de,0xff809a6e,0xff81bdfe,0xff86377d,0xff870831,0xff87cc2b,0xff88d1c9,
  0xff89ae77,0xff8bbb2e,0xff8c0f07,0xff8c129e,0xff8c1afd,0xff8c2341,0xff8cdce9,0xff8dedf6,0xff8e41d3,0xff91822f,0xff91e234,0xff940d25,
  0xff959fa8,0xff95b829,0xff95d4c1,0xff960b33,0xff96c8df,0xff9705b1,0xff982584,0xff98b98d,0xff98cc2d,0xff9990cc,0xff9bc575,0xffa206fa,
  0xffa2acb9,0xffa33ff3,0xffa534e8,0xffa84038,0xffa9f4fd,0xffaa2109,0xffaa3e57,0xffab3776,0xffb1223b,0xffb1396a,0xffb35808,0xffb83724,
  0xffbb74d8,0xffbe9650,0xffbeff84,0xffc02912,0xffc0beb0,0xffc5890d,0xffc7cb73,0xffcd541a,0xffcd55a3,0xffcfa799,0xffd018a7,0xffd05bd2,
  0xffd12074,0xffd14618,0xffd31f5a,0xffd365f3,0xffd42bcd,0xffd4bcec,0xffd9d31c,0xffdb0edf,0xffdcc245,0xffde3554,0xffdf84f4,0xffdfca08,
  0xffe02d3b,0xffe13cba,0xffe18079,0xffe3c765,0xffe4cf04,0xffe5afe1,0xffe67985,0xffe6e4ef,0xffe74d10,0xffea37af,0xffed0134,0xffedcf85,
  0xffefaf3c,0xfff0e3ea,0xfff1f1aa,0xfff2e95f,0xfff3e97c,0xfff5c016,0xfff5d952,0xfff6e35d,0xfff7ef3b,0xfffa7cd9,0xfffb07cd,0xfffb43e6,
  0xfffc2802,0xfffdb995,0xfffdcad2,0xfffe4451,0xfffea7ba,0xfffefa76,
};
#define GOLDEN_N 40494
